ISO-10303-21;
HEADER;
/* Generated by software containing ST-Developer
 * from STEP Tools, Inc. (www.steptools.com) 
 */

FILE_DESCRIPTION(
/* description */ (''),
/* implementation_level */ '2;1');

FILE_NAME(
/* name */ 'Lifter Pulley.step',
/* time_stamp */ '2026-05-08T11:55:30-04:00',
/* author */ (''),
/* organization */ (''),
/* preprocessor_version */ 'ST-DEVELOPER v20.1',
/* originating_system */ 'Autodesk Translation Framework v15.8.0.0',
/* authorisation */ '');

FILE_SCHEMA (('AUTOMOTIVE_DESIGN { 1 0 10303 214 3 1 1 }'));
ENDSEC;

DATA;
#10=MECHANICAL_DESIGN_GEOMETRIC_PRESENTATION_REPRESENTATION('',(#13),#6101);
#11=SHAPE_REPRESENTATION_RELATIONSHIP('SRR','None',#6111,#12);
#12=ADVANCED_BREP_SHAPE_REPRESENTATION('',(#3190),#6100);
#13=STYLED_ITEM('',(#6121),#3190);
#14=TOROIDAL_SURFACE('',#3538,0.56,0.00999999999999999);
#15=CONICAL_SURFACE('',#3238,0.569747456060174,0.225217286677353);
#16=CONICAL_SURFACE('',#3247,0.569747456060174,0.225217286677353);
#17=CONICAL_SURFACE('',#3535,0.467989807002825,1.34557904011754);
#18=CONICAL_SURFACE('',#3540,0.118110236220472,0.785398163397454);
#19=CONICAL_SURFACE('',#3543,0.467989807002825,1.34557904011754);
#20=B_SPLINE_CURVE_WITH_KNOTS('',3,(#4566,#4567,#4568,#4569),
 .UNSPECIFIED.,.F.,.F.,(4,4),(0.941683484842212,1.21267375172726),
 .UNSPECIFIED.);
#21=B_SPLINE_CURVE_WITH_KNOTS('',3,(#4571,#4572,#4573,#4574,#4575,#4576,
#4577),.UNSPECIFIED.,.F.,.F.,(4,3,4),(0.,0.0230597220018834,0.0458388190425639),
 .UNSPECIFIED.);
#22=B_SPLINE_CURVE_WITH_KNOTS('',3,(#4578,#4579,#4580,#4581),
 .UNSPECIFIED.,.F.,.F.,(4,4),(-1.17069707876807,-0.941683484842212),
 .UNSPECIFIED.);
#23=B_SPLINE_CURVE_WITH_KNOTS('',3,(#4622,#4623,#4624,#4625,#4626,#4627,
#4628,#4629,#4630),.UNSPECIFIED.,.F.,.F.,(4,2,2,1,4),(-0.298849628245747,
-0.292431974435284,-0.256849927804389,-0.237847594439391,-0.225179372196059),
 .UNSPECIFIED.);
#24=B_SPLINE_CURVE_WITH_KNOTS('',3,(#4633,#4634,#4635,#4636,#4637,#4638,
#4639,#4640,#4641),.UNSPECIFIED.,.F.,.F.,(4,1,2,2,4),(0.225179372196059,
0.237847594439391,0.256849927804389,0.292431974435284,0.298849628245747),
 .UNSPECIFIED.);
#25=B_SPLINE_CURVE_WITH_KNOTS('',3,(#4658,#4659,#4660,#4661),
 .UNSPECIFIED.,.F.,.F.,(4,4),(0.919825343989343,0.941683484842915),
 .UNSPECIFIED.);
#26=B_SPLINE_CURVE_WITH_KNOTS('',3,(#4662,#4663,#4664,#4665),
 .UNSPECIFIED.,.F.,.F.,(4,4),(-0.941683484842915,-0.919825343989343),
 .UNSPECIFIED.);
#27=B_SPLINE_CURVE_WITH_KNOTS('',3,(#4686,#4687,#4688,#4689),
 .UNSPECIFIED.,.F.,.F.,(4,4),(-1.13463130496434,-1.03867893630126),
 .UNSPECIFIED.);
#28=B_SPLINE_CURVE_WITH_KNOTS('',3,(#4692,#4693,#4694,#4695),
 .UNSPECIFIED.,.F.,.F.,(4,4),(1.03867893630126,1.13463130496434),
 .UNSPECIFIED.);
#29=B_SPLINE_CURVE_WITH_KNOTS('',3,(#4720,#4721,#4722,#4723,#4724,#4725),
 .UNSPECIFIED.,.F.,.F.,(4,2,4),(-0.350582148153852,-0.328014021066178,-0.298849628245046),
 .UNSPECIFIED.);
#30=B_SPLINE_CURVE_WITH_KNOTS('',3,(#4726,#4727,#4728,#4729,#4730,#4731),
 .UNSPECIFIED.,.F.,.F.,(4,2,4),(0.298849628245046,0.328014021066178,0.350582148153852),
 .UNSPECIFIED.);
#31=B_SPLINE_CURVE_WITH_KNOTS('',3,(#4772,#4773,#4774,#4775,#4776,#4777,
#4778,#4779,#4780),.UNSPECIFIED.,.F.,.F.,(4,2,1,1,1,4),(0.499506600410182,
0.505924254220649,0.532825295116342,0.553001075788112,0.559726336012035,
0.573176856459881),.UNSPECIFIED.);
#32=B_SPLINE_CURVE_WITH_KNOTS('',3,(#4783,#4784,#4785,#4786,#4787,#4788,
#4789,#4790,#4791),.UNSPECIFIED.,.F.,.F.,(4,1,1,1,2,4),(-0.573176856459881,
-0.559726336012035,-0.553001075788112,-0.532825295116342,-0.505924254220649,
-0.499506600410182),.UNSPECIFIED.);
#33=B_SPLINE_CURVE_WITH_KNOTS('',3,(#4816,#4817,#4818,#4819,#4820,#4821),
 .UNSPECIFIED.,.F.,.F.,(4,2,4),(-0.499506600410881,-0.470342207589755,-0.447774080502098),
 .UNSPECIFIED.);
#34=B_SPLINE_CURVE_WITH_KNOTS('',3,(#4822,#4823,#4824,#4825,#4826,#4827),
 .UNSPECIFIED.,.F.,.F.,(4,2,4),(0.447774080502098,0.470342207589755,0.499506600410881),
 .UNSPECIFIED.);
#35=B_SPLINE_CURVE_WITH_KNOTS('',3,(#4848,#4849,#4850,#4851),
 .UNSPECIFIED.,.F.,.F.,(4,4),(0.941683485210778,1.17069707876837),
 .UNSPECIFIED.);
#36=B_SPLINE_CURVE_WITH_KNOTS('',3,(#4853,#4854,#4855,#4856,#4857,#4858,
#4859),.UNSPECIFIED.,.F.,.F.,(4,3,4),(0.,0.0227490614231081,0.0458397501163956),
 .UNSPECIFIED.);
#37=B_SPLINE_CURVE_WITH_KNOTS('',3,(#4860,#4861,#4862,#4863),
 .UNSPECIFIED.,.F.,.F.,(4,4),(-1.21267375172761,-0.941683485210778),
 .UNSPECIFIED.);
#38=B_SPLINE_CURVE_WITH_KNOTS('',3,(#4880,#4881,#4882,#4883),
 .UNSPECIFIED.,.F.,.F.,(4,4),(-0.941683485210882,-0.919825343989605),
 .UNSPECIFIED.);
#39=B_SPLINE_CURVE_WITH_KNOTS('',3,(#4884,#4885,#4886,#4887),
 .UNSPECIFIED.,.F.,.F.,(4,4),(0.919825343989605,0.941683485210882),
 .UNSPECIFIED.);
#40=B_SPLINE_CURVE_WITH_KNOTS('',3,(#4938,#4939,#4940,#4941),
 .UNSPECIFIED.,.F.,.F.,(4,4),(-2.19990917003016,-1.92891890186186),
 .UNSPECIFIED.);
#41=B_SPLINE_CURVE_WITH_KNOTS('',3,(#4943,#4944,#4945,#4946,#4947,#4948,
#4949),.UNSPECIFIED.,.F.,.F.,(4,3,4),(0.,0.0230519485966898,0.0458388196241624),
 .UNSPECIFIED.);
#42=B_SPLINE_CURVE_WITH_KNOTS('',3,(#4950,#4951,#4952,#4953),
 .UNSPECIFIED.,.F.,.F.,(4,4),(1.97089556767187,2.19990917003016),
 .UNSPECIFIED.);
#43=B_SPLINE_CURVE_WITH_KNOTS('',3,(#4994,#4995,#4996,#4997,#4998,#4999,
#5000,#5001,#5002),.UNSPECIFIED.,.F.,.F.,(4,2,2,1,4),(-0.69802774257378,
-0.691610088763335,-0.656028042132437,-0.643359819889096,-0.624357486524086),
 .UNSPECIFIED.);
#44=B_SPLINE_CURVE_WITH_KNOTS('',3,(#5005,#5006,#5007,#5008,#5009,#5010,
#5011,#5012,#5013),.UNSPECIFIED.,.F.,.F.,(4,1,2,2,4),(0.624357486524086,
0.643359819889096,0.656028042132437,0.691610088763335,0.69802774257378),
 .UNSPECIFIED.);
#45=B_SPLINE_CURVE_WITH_KNOTS('',3,(#5030,#5031,#5032,#5033),
 .UNSPECIFIED.,.F.,.F.,(4,4),(-2.22176730959998,-2.19990917002738),
 .UNSPECIFIED.);
#46=B_SPLINE_CURVE_WITH_KNOTS('',3,(#5034,#5035,#5036,#5037),
 .UNSPECIFIED.,.F.,.F.,(4,4),(2.19990917002738,2.22176730959998),
 .UNSPECIFIED.);
#47=B_SPLINE_CURVE_WITH_KNOTS('',3,(#5066,#5067,#5068,#5069,#5070,#5071),
 .UNSPECIFIED.,.F.,.F.,(4,2,4),(-0.591303744647984,-0.543327560316387,-0.495351375984792),
 .UNSPECIFIED.);
#48=B_SPLINE_CURVE_WITH_KNOTS('',3,(#5074,#5075,#5076,#5077,#5078,#5079),
 .UNSPECIFIED.,.F.,.F.,(4,2,4),(0.495351375984792,0.543327560316387,0.591303744647984),
 .UNSPECIFIED.);
#49=B_SPLINE_CURVE_WITH_KNOTS('',3,(#5104,#5105,#5106,#5107,#5108,#5109),
 .UNSPECIFIED.,.F.,.F.,(4,2,4),(-0.749760262481852,-0.727192135394232,-0.698027742573081),
 .UNSPECIFIED.);
#50=B_SPLINE_CURVE_WITH_KNOTS('',3,(#5110,#5111,#5112,#5113,#5114,#5115),
 .UNSPECIFIED.,.F.,.F.,(4,2,4),(0.698027742573081,0.727192135394232,0.749760262481852),
 .UNSPECIFIED.);
#51=B_SPLINE_CURVE_WITH_KNOTS('',3,(#5156,#5157,#5158,#5159,#5160,#5161,
#5162,#5163,#5164),.UNSPECIFIED.,.F.,.F.,(4,2,2,1,4),(0.10032848608225,
0.106746139892694,0.142328186523592,0.154996408766929,0.173998742131934),
 .UNSPECIFIED.);
#52=B_SPLINE_CURVE_WITH_KNOTS('',3,(#5167,#5168,#5169,#5170,#5171,#5172,
#5173,#5174,#5175),.UNSPECIFIED.,.F.,.F.,(4,1,2,2,4),(-0.173998742131934,
-0.154996408766929,-0.142328186523592,-0.106746139892694,-0.10032848608225),
 .UNSPECIFIED.);
#53=B_SPLINE_CURVE_WITH_KNOTS('',3,(#5192,#5193,#5194,#5195),
 .UNSPECIFIED.,.F.,.F.,(4,4),(-0.100328486082949,-0.0485959661741765),
 .UNSPECIFIED.);
#54=B_SPLINE_CURVE_WITH_KNOTS('',3,(#5196,#5197,#5198,#5199),
 .UNSPECIFIED.,.F.,.F.,(4,4),(0.0485959661741765,0.100328486082949),
 .UNSPECIFIED.);
#55=B_SPLINE_CURVE_WITH_KNOTS('',3,(#5220,#5221,#5222,#5223),
 .UNSPECIFIED.,.F.,.F.,(4,4),(-2.19990917003065,-1.97089556767228),
 .UNSPECIFIED.);
#56=B_SPLINE_CURVE_WITH_KNOTS('',3,(#5225,#5226,#5227,#5228,#5229,#5230,
#5231),.UNSPECIFIED.,.F.,.F.,(4,3,4),(0.,0.0227425784333379,0.0458397496789201),
 .UNSPECIFIED.);
#57=B_SPLINE_CURVE_WITH_KNOTS('',3,(#5232,#5233,#5234,#5235),
 .UNSPECIFIED.,.F.,.F.,(4,4),(1.92891890186235,2.19990917003065),
 .UNSPECIFIED.);
#58=B_SPLINE_CURVE_WITH_KNOTS('',3,(#5252,#5253,#5254,#5255),
 .UNSPECIFIED.,.F.,.F.,(4,4),(2.19990917002786,2.2217673096004),
 .UNSPECIFIED.);
#59=B_SPLINE_CURVE_WITH_KNOTS('',3,(#5256,#5257,#5258,#5259),
 .UNSPECIFIED.,.F.,.F.,(4,4),(-2.2217673096004,-2.19990917002786),
 .UNSPECIFIED.);
#60=B_SPLINE_CURVE_WITH_KNOTS('',3,(#5306,#5307,#5308,#5309,#5310,#5311,
#5312,#5313,#5314,#5315),.UNSPECIFIED.,.F.,.F.,(4,2,2,2,4),(0.,0.0701759456590758,
0.140351891318152,0.210075054146015,0.279798216973878),.UNSPECIFIED.);
#61=B_SPLINE_CURVE_WITH_KNOTS('',3,(#5316,#5317,#5318,#5319,#5320,#5321,
#5322,#5323,#5324,#5325,#5326,#5327,#5328,#5329,#5330,#5331,#5332,#5333,
#5334,#5335,#5336,#5337,#5338,#5339,#5340,#5341),.UNSPECIFIED.,.F.,.F.,
(4,2,2,2,2,2,2,2,2,2,2,2,4),(0.279798216973878,0.349521379801741,0.419244542629604,
0.48942048828868,0.559596433947756,0.629772379606846,0.699948325265937,
0.769671488093804,0.839394650921671,0.909117813749535,0.978840976577399,
1.04901692223649,1.11919286789559),.UNSPECIFIED.);
#62=B_SPLINE_SURFACE_WITH_KNOTS('',3,3,((#4546,#4547,#4548,#4549),(#4550,
#4551,#4552,#4553),(#4554,#4555,#4556,#4557),(#4558,#4559,#4560,#4561)),
 .UNSPECIFIED.,.F.,.F.,.F.,(4,4),(4,4),(0.,1.),(-1.21267375172726,-0.941683484842212),
 .UNSPECIFIED.);
#63=B_SPLINE_SURFACE_WITH_KNOTS('',3,3,((#4582,#4583,#4584,#4585,#4586,
#4587,#4588,#4589,#4590),(#4591,#4592,#4593,#4594,#4595,#4596,#4597,#4598,
#4599),(#4600,#4601,#4602,#4603,#4604,#4605,#4606,#4607,#4608),(#4609,#4610,
#4611,#4612,#4613,#4614,#4615,#4616,#4617)),.UNSPECIFIED.,.F.,.F.,.F.,(4,
4),(4,1,2,2,4),(0.,1.),(0.225179372196059,0.237847594439391,0.256849927804389,
0.292431974435284,0.298849628245747),.UNSPECIFIED.);
#64=B_SPLINE_SURFACE_WITH_KNOTS('',3,3,((#4642,#4643,#4644,#4645),(#4646,
#4647,#4648,#4649),(#4650,#4651,#4652,#4653),(#4654,#4655,#4656,#4657)),
 .UNSPECIFIED.,.F.,.F.,.F.,(4,4),(4,4),(0.,1.),(-0.941683484842915,-0.919825343989343),
 .UNSPECIFIED.);
#65=B_SPLINE_SURFACE_WITH_KNOTS('',3,3,((#4666,#4667,#4668,#4669),(#4670,
#4671,#4672,#4673),(#4674,#4675,#4676,#4677),(#4678,#4679,#4680,#4681)),
 .UNSPECIFIED.,.F.,.F.,.F.,(4,4),(4,4),(0.,1.),(1.03867893630126,1.13463130496434),
 .UNSPECIFIED.);
#66=B_SPLINE_SURFACE_WITH_KNOTS('',3,3,((#4696,#4697,#4698,#4699,#4700,
#4701),(#4702,#4703,#4704,#4705,#4706,#4707),(#4708,#4709,#4710,#4711,#4712,
#4713),(#4714,#4715,#4716,#4717,#4718,#4719)),.UNSPECIFIED.,.F.,.F.,.F.,
(4,4),(4,2,4),(0.,1.),(0.298849628245046,0.328014021066178,0.350582148153852),
 .UNSPECIFIED.);
#67=B_SPLINE_SURFACE_WITH_KNOTS('',3,3,((#4732,#4733,#4734,#4735,#4736,
#4737,#4738,#4739,#4740),(#4741,#4742,#4743,#4744,#4745,#4746,#4747,#4748,
#4749),(#4750,#4751,#4752,#4753,#4754,#4755,#4756,#4757,#4758),(#4759,#4760,
#4761,#4762,#4763,#4764,#4765,#4766,#4767)),.UNSPECIFIED.,.F.,.F.,.F.,(4,
4),(4,2,1,1,1,4),(0.,1.),(0.499506600410182,0.505924254220649,0.532825295116342,
0.553001075788112,0.559726336012035,0.573176856459881),.UNSPECIFIED.);
#68=B_SPLINE_SURFACE_WITH_KNOTS('',3,3,((#4792,#4793,#4794,#4795,#4796,
#4797),(#4798,#4799,#4800,#4801,#4802,#4803),(#4804,#4805,#4806,#4807,#4808,
#4809),(#4810,#4811,#4812,#4813,#4814,#4815)),.UNSPECIFIED.,.F.,.F.,.F.,
(4,4),(4,2,4),(0.,1.),(0.447774080502098,0.470342207589755,0.499506600410881),
 .UNSPECIFIED.);
#69=B_SPLINE_SURFACE_WITH_KNOTS('',3,3,((#4828,#4829,#4830,#4831),(#4832,
#4833,#4834,#4835),(#4836,#4837,#4838,#4839),(#4840,#4841,#4842,#4843)),
 .UNSPECIFIED.,.F.,.F.,.F.,(4,4),(4,4),(0.,1.),(0.941683485210778,1.21267375172761),
 .UNSPECIFIED.);
#70=B_SPLINE_SURFACE_WITH_KNOTS('',3,3,((#4864,#4865,#4866,#4867),(#4868,
#4869,#4870,#4871),(#4872,#4873,#4874,#4875),(#4876,#4877,#4878,#4879)),
 .UNSPECIFIED.,.F.,.F.,.F.,(4,4),(4,4),(0.,1.),(0.919825343989605,0.941683485210882),
 .UNSPECIFIED.);
#71=B_SPLINE_SURFACE_WITH_KNOTS('',3,3,((#4918,#4919,#4920,#4921),(#4922,
#4923,#4924,#4925),(#4926,#4927,#4928,#4929),(#4930,#4931,#4932,#4933)),
 .UNSPECIFIED.,.F.,.F.,.F.,(4,4),(4,4),(0.,1.),(1.92891890186186,2.19990917003016),
 .UNSPECIFIED.);
#72=B_SPLINE_SURFACE_WITH_KNOTS('',3,3,((#4954,#4955,#4956,#4957,#4958,
#4959,#4960,#4961,#4962),(#4963,#4964,#4965,#4966,#4967,#4968,#4969,#4970,
#4971),(#4972,#4973,#4974,#4975,#4976,#4977,#4978,#4979,#4980),(#4981,#4982,
#4983,#4984,#4985,#4986,#4987,#4988,#4989)),.UNSPECIFIED.,.F.,.F.,.F.,(4,
4),(4,1,2,2,4),(0.,1.),(0.624357486524086,0.643359819889096,0.656028042132437,
0.691610088763335,0.69802774257378),.UNSPECIFIED.);
#73=B_SPLINE_SURFACE_WITH_KNOTS('',3,3,((#5014,#5015,#5016,#5017),(#5018,
#5019,#5020,#5021),(#5022,#5023,#5024,#5025),(#5026,#5027,#5028,#5029)),
 .UNSPECIFIED.,.F.,.F.,.F.,(4,4),(4,4),(0.,1.),(2.19990917002738,2.22176730959998),
 .UNSPECIFIED.);
#74=B_SPLINE_SURFACE_WITH_KNOTS('',3,3,((#5038,#5039,#5040,#5041,#5042,
#5043),(#5044,#5045,#5046,#5047,#5048,#5049),(#5050,#5051,#5052,#5053,#5054,
#5055),(#5056,#5057,#5058,#5059,#5060,#5061)),.UNSPECIFIED.,.F.,.F.,.F.,
(4,4),(4,2,4),(0.,1.),(0.495351375984792,0.543327560316387,0.591303744647984),
 .UNSPECIFIED.);
#75=B_SPLINE_SURFACE_WITH_KNOTS('',3,3,((#5080,#5081,#5082,#5083,#5084,
#5085),(#5086,#5087,#5088,#5089,#5090,#5091),(#5092,#5093,#5094,#5095,#5096,
#5097),(#5098,#5099,#5100,#5101,#5102,#5103)),.UNSPECIFIED.,.F.,.F.,.F.,
(4,4),(4,2,4),(0.,1.),(0.698027742573081,0.727192135394232,0.749760262481852),
 .UNSPECIFIED.);
#76=B_SPLINE_SURFACE_WITH_KNOTS('',3,3,((#5116,#5117,#5118,#5119,#5120,
#5121,#5122,#5123,#5124),(#5125,#5126,#5127,#5128,#5129,#5130,#5131,#5132,
#5133),(#5134,#5135,#5136,#5137,#5138,#5139,#5140,#5141,#5142),(#5143,#5144,
#5145,#5146,#5147,#5148,#5149,#5150,#5151)),.UNSPECIFIED.,.F.,.F.,.F.,(4,
4),(4,2,2,1,4),(0.,1.),(0.10032848608225,0.106746139892694,0.142328186523592,
0.154996408766929,0.173998742131934),.UNSPECIFIED.);
#77=B_SPLINE_SURFACE_WITH_KNOTS('',3,3,((#5176,#5177,#5178,#5179),(#5180,
#5181,#5182,#5183),(#5184,#5185,#5186,#5187),(#5188,#5189,#5190,#5191)),
 .UNSPECIFIED.,.F.,.F.,.F.,(4,4),(4,4),(0.,1.),(0.0485959661741765,0.100328486082949),
 .UNSPECIFIED.);
#78=B_SPLINE_SURFACE_WITH_KNOTS('',3,3,((#5200,#5201,#5202,#5203),(#5204,
#5205,#5206,#5207),(#5208,#5209,#5210,#5211),(#5212,#5213,#5214,#5215)),
 .UNSPECIFIED.,.F.,.F.,.F.,(4,4),(4,4),(0.,1.),(-2.19990917003065,-1.92891890186235),
 .UNSPECIFIED.);
#79=B_SPLINE_SURFACE_WITH_KNOTS('',3,3,((#5236,#5237,#5238,#5239),(#5240,
#5241,#5242,#5243),(#5244,#5245,#5246,#5247),(#5248,#5249,#5250,#5251)),
 .UNSPECIFIED.,.F.,.F.,.F.,(4,4),(4,4),(0.,1.),(-2.2217673096004,-2.19990917002786),
 .UNSPECIFIED.);
#80=ORIENTED_CLOSED_SHELL('',*,#3187,.F.);
#81=ORIENTED_CLOSED_SHELL('',*,#3189,.F.);
#82=LINE('',#4535,#310);
#83=LINE('',#4537,#311);
#84=LINE('',#4544,#312);
#85=LINE('',#4564,#313);
#86=LINE('',#4620,#314);
#87=LINE('',#4632,#315);
#88=LINE('',#4684,#316);
#89=LINE('',#4691,#317);
#90=LINE('',#4770,#318);
#91=LINE('',#4782,#319);
#92=LINE('',#4846,#320);
#93=LINE('',#4890,#321);
#94=LINE('',#4892,#322);
#95=LINE('',#4893,#323);
#96=LINE('',#4896,#324);
#97=LINE('',#4902,#325);
#98=LINE('',#4906,#326);
#99=LINE('',#4910,#327);
#100=LINE('',#4916,#328);
#101=LINE('',#4917,#329);
#102=LINE('',#4936,#330);
#103=LINE('',#4992,#331);
#104=LINE('',#5004,#332);
#105=LINE('',#5064,#333);
#106=LINE('',#5073,#334);
#107=LINE('',#5154,#335);
#108=LINE('',#5166,#336);
#109=LINE('',#5218,#337);
#110=LINE('',#5262,#338);
#111=LINE('',#5264,#339);
#112=LINE('',#5265,#340);
#113=LINE('',#5268,#341);
#114=LINE('',#5274,#342);
#115=LINE('',#5278,#343);
#116=LINE('',#5282,#344);
#117=LINE('',#5288,#345);
#118=LINE('',#5289,#346);
#119=LINE('',#5296,#347);
#120=LINE('',#5304,#348);
#121=LINE('',#5348,#349);
#122=LINE('',#5352,#350);
#123=LINE('',#5360,#351);
#124=LINE('',#5361,#352);
#125=LINE('',#5365,#353);
#126=LINE('',#5366,#354);
#127=LINE('',#5367,#355);
#128=LINE('',#5374,#356);
#129=LINE('',#5376,#357);
#130=LINE('',#5381,#358);
#131=LINE('',#5389,#359);
#132=LINE('',#5390,#360);
#133=LINE('',#5400,#361);
#134=LINE('',#5402,#362);
#135=LINE('',#5403,#363);
#136=LINE('',#5413,#364);
#137=LINE('',#5415,#365);
#138=LINE('',#5416,#366);
#139=LINE('',#5426,#367);
#140=LINE('',#5428,#368);
#141=LINE('',#5429,#369);
#142=LINE('',#5439,#370);
#143=LINE('',#5441,#371);
#144=LINE('',#5442,#372);
#145=LINE('',#5452,#373);
#146=LINE('',#5454,#374);
#147=LINE('',#5455,#375);
#148=LINE('',#5465,#376);
#149=LINE('',#5467,#377);
#150=LINE('',#5468,#378);
#151=LINE('',#5478,#379);
#152=LINE('',#5480,#380);
#153=LINE('',#5481,#381);
#154=LINE('',#5491,#382);
#155=LINE('',#5493,#383);
#156=LINE('',#5494,#384);
#157=LINE('',#5504,#385);
#158=LINE('',#5506,#386);
#159=LINE('',#5507,#387);
#160=LINE('',#5517,#388);
#161=LINE('',#5519,#389);
#162=LINE('',#5520,#390);
#163=LINE('',#5532,#391);
#164=LINE('',#5534,#392);
#165=LINE('',#5535,#393);
#166=LINE('',#5545,#394);
#167=LINE('',#5547,#395);
#168=LINE('',#5548,#396);
#169=LINE('',#5551,#397);
#170=LINE('',#5559,#398);
#171=LINE('',#5561,#399);
#172=LINE('',#5563,#400);
#173=LINE('',#5570,#401);
#174=LINE('',#5572,#402);
#175=LINE('',#5574,#403);
#176=LINE('',#5583,#404);
#177=LINE('',#5585,#405);
#178=LINE('',#5587,#406);
#179=LINE('',#5596,#407);
#180=LINE('',#5598,#408);
#181=LINE('',#5600,#409);
#182=LINE('',#5609,#410);
#183=LINE('',#5611,#411);
#184=LINE('',#5613,#412);
#185=LINE('',#5622,#413);
#186=LINE('',#5624,#414);
#187=LINE('',#5626,#415);
#188=LINE('',#5635,#416);
#189=LINE('',#5637,#417);
#190=LINE('',#5639,#418);
#191=LINE('',#5648,#419);
#192=LINE('',#5650,#420);
#193=LINE('',#5652,#421);
#194=LINE('',#5661,#422);
#195=LINE('',#5663,#423);
#196=LINE('',#5665,#424);
#197=LINE('',#5674,#425);
#198=LINE('',#5676,#426);
#199=LINE('',#5678,#427);
#200=LINE('',#5687,#428);
#201=LINE('',#5689,#429);
#202=LINE('',#5691,#430);
#203=LINE('',#5700,#431);
#204=LINE('',#5702,#432);
#205=LINE('',#5704,#433);
#206=LINE('',#5715,#434);
#207=LINE('',#5717,#435);
#208=LINE('',#5719,#436);
#209=LINE('',#5725,#437);
#210=LINE('',#5732,#438);
#211=LINE('',#5734,#439);
#212=LINE('',#5737,#440);
#213=LINE('',#5740,#441);
#214=LINE('',#5741,#442);
#215=LINE('',#5746,#443);
#216=LINE('',#5751,#444);
#217=LINE('',#5753,#445);
#218=LINE('',#5756,#446);
#219=LINE('',#5759,#447);
#220=LINE('',#5760,#448);
#221=LINE('',#5765,#449);
#222=LINE('',#5770,#450);
#223=LINE('',#5772,#451);
#224=LINE('',#5775,#452);
#225=LINE('',#5778,#453);
#226=LINE('',#5779,#454);
#227=LINE('',#5784,#455);
#228=LINE('',#5789,#456);
#229=LINE('',#5791,#457);
#230=LINE('',#5794,#458);
#231=LINE('',#5797,#459);
#232=LINE('',#5798,#460);
#233=LINE('',#5803,#461);
#234=LINE('',#5808,#462);
#235=LINE('',#5810,#463);
#236=LINE('',#5813,#464);
#237=LINE('',#5816,#465);
#238=LINE('',#5817,#466);
#239=LINE('',#5822,#467);
#240=LINE('',#5827,#468);
#241=LINE('',#5829,#469);
#242=LINE('',#5832,#470);
#243=LINE('',#5835,#471);
#244=LINE('',#5836,#472);
#245=LINE('',#5841,#473);
#246=LINE('',#5846,#474);
#247=LINE('',#5848,#475);
#248=LINE('',#5851,#476);
#249=LINE('',#5854,#477);
#250=LINE('',#5855,#478);
#251=LINE('',#5860,#479);
#252=LINE('',#5865,#480);
#253=LINE('',#5867,#481);
#254=LINE('',#5870,#482);
#255=LINE('',#5873,#483);
#256=LINE('',#5874,#484);
#257=LINE('',#5878,#485);
#258=LINE('',#5880,#486);
#259=LINE('',#5883,#487);
#260=LINE('',#5886,#488);
#261=LINE('',#5887,#489);
#262=LINE('',#5891,#490);
#263=LINE('',#5893,#491);
#264=LINE('',#5896,#492);
#265=LINE('',#5899,#493);
#266=LINE('',#5900,#494);
#267=LINE('',#5904,#495);
#268=LINE('',#5906,#496);
#269=LINE('',#5909,#497);
#270=LINE('',#5912,#498);
#271=LINE('',#5913,#499);
#272=LINE('',#5915,#500);
#273=LINE('',#5916,#501);
#274=LINE('',#5919,#502);
#275=LINE('',#5920,#503);
#276=LINE('',#5925,#504);
#277=LINE('',#5928,#505);
#278=LINE('',#5929,#506);
#279=LINE('',#5932,#507);
#280=LINE('',#5936,#508);
#281=LINE('',#5941,#509);
#282=LINE('',#5945,#510);
#283=LINE('',#5947,#511);
#284=LINE('',#5949,#512);
#285=LINE('',#5953,#513);
#286=LINE('',#5960,#514);
#287=LINE('',#5966,#515);
#288=LINE('',#5972,#516);
#289=LINE('',#5978,#517);
#290=LINE('',#6031,#518);
#291=LINE('',#6039,#519);
#292=LINE('',#6041,#520);
#293=LINE('',#6046,#521);
#294=LINE('',#6051,#522);
#295=LINE('',#6053,#523);
#296=LINE('',#6055,#524);
#297=LINE('',#6056,#525);
#298=LINE('',#6059,#526);
#299=LINE('',#6061,#527);
#300=LINE('',#6062,#528);
#301=LINE('',#6065,#529);
#302=LINE('',#6066,#530);
#303=LINE('',#6069,#531);
#304=LINE('',#6070,#532);
#305=LINE('',#6072,#533);
#306=LINE('',#6078,#534);
#307=LINE('',#6082,#535);
#308=LINE('',#6088,#536);
#309=LINE('',#6095,#537);
#310=VECTOR('',#3583,0.38844);
#311=VECTOR('',#3586,0.389011066153286);
#312=VECTOR('',#3593,0.565727729060728);
#313=VECTOR('',#3596,0.393700787401575);
#314=VECTOR('',#3597,0.393700787401575);
#315=VECTOR('',#3598,0.393700787401575);
#316=VECTOR('',#3599,0.393700787401575);
#317=VECTOR('',#3600,0.393700787401575);
#318=VECTOR('',#3601,0.393700787401575);
#319=VECTOR('',#3602,0.393700787401575);
#320=VECTOR('',#3603,0.393700787401575);
#321=VECTOR('',#3606,39.3700787401575);
#322=VECTOR('',#3607,39.3700787401575);
#323=VECTOR('',#3608,0.393700787401575);
#324=VECTOR('',#3611,0.024);
#325=VECTOR('',#3618,0.024);
#326=VECTOR('',#3621,39.3700787401575);
#327=VECTOR('',#3626,39.3700787401575);
#328=VECTOR('',#3633,0.393700787401575);
#329=VECTOR('',#3634,39.3700787401575);
#330=VECTOR('',#3635,0.393700787401575);
#331=VECTOR('',#3636,0.393700787401575);
#332=VECTOR('',#3637,0.393700787401575);
#333=VECTOR('',#3638,0.393700787401575);
#334=VECTOR('',#3639,0.393700787401575);
#335=VECTOR('',#3640,0.393700787401575);
#336=VECTOR('',#3641,0.393700787401575);
#337=VECTOR('',#3642,0.393700787401575);
#338=VECTOR('',#3645,39.3700787401575);
#339=VECTOR('',#3646,39.3700787401575);
#340=VECTOR('',#3647,0.393700787401575);
#341=VECTOR('',#3650,39.3700787401575);
#342=VECTOR('',#3657,39.3700787401575);
#343=VECTOR('',#3660,39.3700787401575);
#344=VECTOR('',#3665,39.3700787401575);
#345=VECTOR('',#3672,0.393700787401575);
#346=VECTOR('',#3673,39.3700787401575);
#347=VECTOR('',#3680,0.569747456060175);
#348=VECTOR('',#3689,0.0708661417322834);
#349=VECTOR('',#3698,0.569747456060174);
#350=VECTOR('',#3701,39.3700787401575);
#351=VECTOR('',#3708,39.3700787401575);
#352=VECTOR('',#3709,39.3700787401575);
#353=VECTOR('',#3712,39.3700787401575);
#354=VECTOR('',#3713,39.3700787401575);
#355=VECTOR('',#3714,39.3700787401575);
#356=VECTOR('',#3721,39.3700787401575);
#357=VECTOR('',#3722,39.3700787401575);
#358=VECTOR('',#3727,39.3700787401575);
#359=VECTOR('',#3734,39.3700787401575);
#360=VECTOR('',#3735,39.3700787401575);
#361=VECTOR('',#3744,39.3700787401575);
#362=VECTOR('',#3745,39.3700787401575);
#363=VECTOR('',#3746,39.3700787401575);
#364=VECTOR('',#3755,39.3700787401575);
#365=VECTOR('',#3756,39.3700787401575);
#366=VECTOR('',#3757,39.3700787401575);
#367=VECTOR('',#3766,39.3700787401575);
#368=VECTOR('',#3767,39.3700787401575);
#369=VECTOR('',#3768,39.3700787401575);
#370=VECTOR('',#3777,39.3700787401575);
#371=VECTOR('',#3778,39.3700787401575);
#372=VECTOR('',#3779,39.3700787401575);
#373=VECTOR('',#3788,39.3700787401575);
#374=VECTOR('',#3789,39.3700787401575);
#375=VECTOR('',#3790,39.3700787401575);
#376=VECTOR('',#3799,39.3700787401575);
#377=VECTOR('',#3800,39.3700787401575);
#378=VECTOR('',#3801,39.3700787401575);
#379=VECTOR('',#3810,39.3700787401575);
#380=VECTOR('',#3811,39.3700787401575);
#381=VECTOR('',#3812,39.3700787401575);
#382=VECTOR('',#3821,39.3700787401575);
#383=VECTOR('',#3822,39.3700787401575);
#384=VECTOR('',#3823,39.3700787401575);
#385=VECTOR('',#3832,39.3700787401575);
#386=VECTOR('',#3833,39.3700787401575);
#387=VECTOR('',#3834,39.3700787401575);
#388=VECTOR('',#3843,39.3700787401575);
#389=VECTOR('',#3844,39.3700787401575);
#390=VECTOR('',#3845,39.3700787401575);
#391=VECTOR('',#3856,39.3700787401575);
#392=VECTOR('',#3857,39.3700787401575);
#393=VECTOR('',#3858,39.3700787401575);
#394=VECTOR('',#3867,39.3700787401575);
#395=VECTOR('',#3868,39.3700787401575);
#396=VECTOR('',#3869,39.3700787401575);
#397=VECTOR('',#3874,39.3700787401575);
#398=VECTOR('',#3881,39.3700787401575);
#399=VECTOR('',#3882,39.3700787401575);
#400=VECTOR('',#3883,39.3700787401575);
#401=VECTOR('',#3890,39.3700787401575);
#402=VECTOR('',#3891,39.3700787401575);
#403=VECTOR('',#3892,39.3700787401575);
#404=VECTOR('',#3901,39.3700787401575);
#405=VECTOR('',#3902,39.3700787401575);
#406=VECTOR('',#3903,39.3700787401575);
#407=VECTOR('',#3912,39.3700787401575);
#408=VECTOR('',#3913,39.3700787401575);
#409=VECTOR('',#3914,39.3700787401575);
#410=VECTOR('',#3923,39.3700787401575);
#411=VECTOR('',#3924,39.3700787401575);
#412=VECTOR('',#3925,39.3700787401575);
#413=VECTOR('',#3934,39.3700787401575);
#414=VECTOR('',#3935,39.3700787401575);
#415=VECTOR('',#3936,39.3700787401575);
#416=VECTOR('',#3945,39.3700787401575);
#417=VECTOR('',#3946,39.3700787401575);
#418=VECTOR('',#3947,39.3700787401575);
#419=VECTOR('',#3956,39.3700787401575);
#420=VECTOR('',#3957,39.3700787401575);
#421=VECTOR('',#3958,39.3700787401575);
#422=VECTOR('',#3967,39.3700787401575);
#423=VECTOR('',#3968,39.3700787401575);
#424=VECTOR('',#3969,39.3700787401575);
#425=VECTOR('',#3978,39.3700787401575);
#426=VECTOR('',#3979,39.3700787401575);
#427=VECTOR('',#3980,39.3700787401575);
#428=VECTOR('',#3989,39.3700787401575);
#429=VECTOR('',#3990,39.3700787401575);
#430=VECTOR('',#3991,39.3700787401575);
#431=VECTOR('',#4000,39.3700787401575);
#432=VECTOR('',#4001,39.3700787401575);
#433=VECTOR('',#4002,39.3700787401575);
#434=VECTOR('',#4013,39.3700787401575);
#435=VECTOR('',#4014,39.3700787401575);
#436=VECTOR('',#4015,39.3700787401575);
#437=VECTOR('',#4024,39.3700787401575);
#438=VECTOR('',#4033,39.3700787401575);
#439=VECTOR('',#4036,39.3700787401575);
#440=VECTOR('',#4041,39.3700787401575);
#441=VECTOR('',#4046,39.3700787401575);
#442=VECTOR('',#4047,39.3700787401575);
#443=VECTOR('',#4052,39.3700787401575);
#444=VECTOR('',#4057,39.3700787401575);
#445=VECTOR('',#4060,39.3700787401575);
#446=VECTOR('',#4065,39.3700787401575);
#447=VECTOR('',#4070,39.3700787401575);
#448=VECTOR('',#4071,39.3700787401575);
#449=VECTOR('',#4076,39.3700787401575);
#450=VECTOR('',#4081,39.3700787401575);
#451=VECTOR('',#4084,39.3700787401575);
#452=VECTOR('',#4089,39.3700787401575);
#453=VECTOR('',#4094,39.3700787401575);
#454=VECTOR('',#4095,39.3700787401575);
#455=VECTOR('',#4100,39.3700787401575);
#456=VECTOR('',#4105,39.3700787401575);
#457=VECTOR('',#4108,39.3700787401575);
#458=VECTOR('',#4113,39.3700787401575);
#459=VECTOR('',#4118,39.3700787401575);
#460=VECTOR('',#4119,39.3700787401575);
#461=VECTOR('',#4124,39.3700787401575);
#462=VECTOR('',#4129,39.3700787401575);
#463=VECTOR('',#4132,39.3700787401575);
#464=VECTOR('',#4137,39.3700787401575);
#465=VECTOR('',#4142,39.3700787401575);
#466=VECTOR('',#4143,39.3700787401575);
#467=VECTOR('',#4148,39.3700787401575);
#468=VECTOR('',#4153,39.3700787401575);
#469=VECTOR('',#4156,39.3700787401575);
#470=VECTOR('',#4161,39.3700787401575);
#471=VECTOR('',#4166,39.3700787401575);
#472=VECTOR('',#4167,39.3700787401575);
#473=VECTOR('',#4172,39.3700787401575);
#474=VECTOR('',#4177,39.3700787401575);
#475=VECTOR('',#4180,39.3700787401575);
#476=VECTOR('',#4185,39.3700787401575);
#477=VECTOR('',#4190,39.3700787401575);
#478=VECTOR('',#4191,39.3700787401575);
#479=VECTOR('',#4196,39.3700787401575);
#480=VECTOR('',#4201,39.3700787401575);
#481=VECTOR('',#4204,39.3700787401575);
#482=VECTOR('',#4209,39.3700787401575);
#483=VECTOR('',#4214,39.3700787401575);
#484=VECTOR('',#4215,39.3700787401575);
#485=VECTOR('',#4218,39.3700787401575);
#486=VECTOR('',#4221,39.3700787401575);
#487=VECTOR('',#4226,39.3700787401575);
#488=VECTOR('',#4231,39.3700787401575);
#489=VECTOR('',#4232,39.3700787401575);
#490=VECTOR('',#4235,39.3700787401575);
#491=VECTOR('',#4238,39.3700787401575);
#492=VECTOR('',#4243,39.3700787401575);
#493=VECTOR('',#4248,39.3700787401575);
#494=VECTOR('',#4249,39.3700787401575);
#495=VECTOR('',#4252,39.3700787401575);
#496=VECTOR('',#4255,39.3700787401575);
#497=VECTOR('',#4260,39.3700787401575);
#498=VECTOR('',#4265,39.3700787401575);
#499=VECTOR('',#4266,39.3700787401575);
#500=VECTOR('',#4269,39.3700787401575);
#501=VECTOR('',#4270,39.3700787401575);
#502=VECTOR('',#4275,39.3700787401575);
#503=VECTOR('',#4276,39.3700787401575);
#504=VECTOR('',#4281,39.3700787401575);
#505=VECTOR('',#4286,39.3700787401575);
#506=VECTOR('',#4287,39.3700787401575);
#507=VECTOR('',#4292,39.3700787401575);
#508=VECTOR('',#4295,39.3700787401575);
#509=VECTOR('',#4300,39.3700787401575);
#510=VECTOR('',#4307,39.3700787401575);
#511=VECTOR('',#4310,39.3700787401575);
#512=VECTOR('',#4313,39.3700787401575);
#513=VECTOR('',#4316,39.3700787401575);
#514=VECTOR('',#4325,39.3700787401575);
#515=VECTOR('',#4332,39.3700787401575);
#516=VECTOR('',#4339,39.3700787401575);
#517=VECTOR('',#4346,39.3700787401575);
#518=VECTOR('',#4445,0.467989807002825);
#519=VECTOR('',#4456,0.118110236220472);
#520=VECTOR('',#4459,0.467989807002825);
#521=VECTOR('',#4466,0.0708661417322834);
#522=VECTOR('',#4471,0.393700787401575);
#523=VECTOR('',#4472,0.393700787401575);
#524=VECTOR('',#4473,0.393700787401575);
#525=VECTOR('',#4474,0.393700787401575);
#526=VECTOR('',#4477,0.393700787401575);
#527=VECTOR('',#4478,0.393700787401575);
#528=VECTOR('',#4479,0.393700787401575);
#529=VECTOR('',#4482,0.393700787401575);
#530=VECTOR('',#4483,0.393700787401575);
#531=VECTOR('',#4486,0.393700787401575);
#532=VECTOR('',#4487,0.393700787401575);
#533=VECTOR('',#4490,0.393700787401575);
#534=VECTOR('',#4497,0.118110236220473);
#535=VECTOR('',#4502,0.569747456060177);
#536=VECTOR('',#4509,0.389011066153286);
#537=VECTOR('',#4518,0.38844);
#538=CYLINDRICAL_SURFACE('',#3210,0.38844);
#539=CYLINDRICAL_SURFACE('',#3211,0.389011066153285);
#540=CYLINDRICAL_SURFACE('',#3212,0.565727729060728);
#541=CYLINDRICAL_SURFACE('',#3217,0.024);
#542=CYLINDRICAL_SURFACE('',#3220,0.468);
#543=CYLINDRICAL_SURFACE('',#3223,0.024);
#544=CYLINDRICAL_SURFACE('',#3228,0.024);
#545=CYLINDRICAL_SURFACE('',#3231,0.468);
#546=CYLINDRICAL_SURFACE('',#3234,0.024);
#547=CYLINDRICAL_SURFACE('',#3243,0.0708661417322834);
#548=CYLINDRICAL_SURFACE('',#3368,0.0240000000000203);
#549=CYLINDRICAL_SURFACE('',#3371,0.024);
#550=CYLINDRICAL_SURFACE('',#3377,0.0240000000000203);
#551=CYLINDRICAL_SURFACE('',#3380,0.024);
#552=CYLINDRICAL_SURFACE('',#3386,0.0240000000000203);
#553=CYLINDRICAL_SURFACE('',#3389,0.024);
#554=CYLINDRICAL_SURFACE('',#3395,0.0240000000000203);
#555=CYLINDRICAL_SURFACE('',#3398,0.024);
#556=CYLINDRICAL_SURFACE('',#3404,0.0240000000000203);
#557=CYLINDRICAL_SURFACE('',#3407,0.024);
#558=CYLINDRICAL_SURFACE('',#3413,0.0240000000000203);
#559=CYLINDRICAL_SURFACE('',#3416,0.024);
#560=CYLINDRICAL_SURFACE('',#3422,0.0240000000000202);
#561=CYLINDRICAL_SURFACE('',#3425,0.024);
#562=CYLINDRICAL_SURFACE('',#3431,0.0240000000000203);
#563=CYLINDRICAL_SURFACE('',#3434,0.024);
#564=CYLINDRICAL_SURFACE('',#3440,0.024);
#565=CYLINDRICAL_SURFACE('',#3446,0.024);
#566=CYLINDRICAL_SURFACE('',#3452,0.024);
#567=CYLINDRICAL_SURFACE('',#3461,0.0240000000000203);
#568=CYLINDRICAL_SURFACE('',#3466,0.024);
#569=CYLINDRICAL_SURFACE('',#3469,0.468);
#570=CYLINDRICAL_SURFACE('',#3475,0.468);
#571=CYLINDRICAL_SURFACE('',#3478,0.468);
#572=CYLINDRICAL_SURFACE('',#3481,0.468);
#573=CYLINDRICAL_SURFACE('',#3484,0.468);
#574=CYLINDRICAL_SURFACE('',#3487,0.468);
#575=CYLINDRICAL_SURFACE('',#3490,0.468);
#576=CYLINDRICAL_SURFACE('',#3493,0.468);
#577=CYLINDRICAL_SURFACE('',#3496,0.468);
#578=CYLINDRICAL_SURFACE('',#3499,0.468);
#579=CYLINDRICAL_SURFACE('',#3502,0.468);
#580=CYLINDRICAL_SURFACE('',#3505,0.468);
#581=CYLINDRICAL_SURFACE('',#3508,0.468);
#582=CYLINDRICAL_SURFACE('',#3514,0.024);
#583=CYLINDRICAL_SURFACE('',#3517,0.024);
#584=CYLINDRICAL_SURFACE('',#3520,0.024);
#585=CYLINDRICAL_SURFACE('',#3523,0.0240000000000202);
#586=CYLINDRICAL_SURFACE('',#3526,0.0240000000000203);
#587=CYLINDRICAL_SURFACE('',#3529,0.0240000000000202);
#588=CYLINDRICAL_SURFACE('',#3532,0.0240000000000203);
#589=CYLINDRICAL_SURFACE('',#3546,0.0708661417322834);
#590=CYLINDRICAL_SURFACE('',#3553,0.118110236220473);
#591=CYLINDRICAL_SURFACE('',#3556,0.569747456060177);
#592=CYLINDRICAL_SURFACE('',#3559,0.389011066153285);
#593=CYLINDRICAL_SURFACE('',#3564,0.38844);
#594=FACE_BOUND('',#774,.T.);
#595=FACE_BOUND('',#776,.T.);
#596=FACE_BOUND('',#811,.T.);
#597=FACE_BOUND('',#935,.T.);
#598=FACE_BOUND('',#939,.T.);
#599=FACE_BOUND('',#941,.T.);
#600=FACE_BOUND('',#944,.T.);
#601=FACE_BOUND('',#945,.T.);
#602=FACE_BOUND('',#948,.T.);
#603=FACE_BOUND('',#951,.T.);
#604=FACE_OUTER_BOUND('',#773,.T.);
#605=FACE_OUTER_BOUND('',#775,.T.);
#606=FACE_OUTER_BOUND('',#777,.T.);
#607=FACE_OUTER_BOUND('',#778,.T.);
#608=FACE_OUTER_BOUND('',#779,.T.);
#609=FACE_OUTER_BOUND('',#780,.T.);
#610=FACE_OUTER_BOUND('',#781,.T.);
#611=FACE_OUTER_BOUND('',#782,.T.);
#612=FACE_OUTER_BOUND('',#783,.T.);
#613=FACE_OUTER_BOUND('',#784,.T.);
#614=FACE_OUTER_BOUND('',#785,.T.);
#615=FACE_OUTER_BOUND('',#786,.T.);
#616=FACE_OUTER_BOUND('',#787,.T.);
#617=FACE_OUTER_BOUND('',#788,.T.);
#618=FACE_OUTER_BOUND('',#789,.T.);
#619=FACE_OUTER_BOUND('',#790,.T.);
#620=FACE_OUTER_BOUND('',#791,.T.);
#621=FACE_OUTER_BOUND('',#792,.T.);
#622=FACE_OUTER_BOUND('',#793,.T.);
#623=FACE_OUTER_BOUND('',#794,.T.);
#624=FACE_OUTER_BOUND('',#795,.T.);
#625=FACE_OUTER_BOUND('',#796,.T.);
#626=FACE_OUTER_BOUND('',#797,.T.);
#627=FACE_OUTER_BOUND('',#798,.T.);
#628=FACE_OUTER_BOUND('',#799,.T.);
#629=FACE_OUTER_BOUND('',#800,.T.);
#630=FACE_OUTER_BOUND('',#801,.T.);
#631=FACE_OUTER_BOUND('',#802,.T.);
#632=FACE_OUTER_BOUND('',#803,.T.);
#633=FACE_OUTER_BOUND('',#804,.T.);
#634=FACE_OUTER_BOUND('',#805,.T.);
#635=FACE_OUTER_BOUND('',#806,.T.);
#636=FACE_OUTER_BOUND('',#807,.T.);
#637=FACE_OUTER_BOUND('',#808,.T.);
#638=FACE_OUTER_BOUND('',#809,.T.);
#639=FACE_OUTER_BOUND('',#810,.T.);
#640=FACE_OUTER_BOUND('',#812,.T.);
#641=FACE_OUTER_BOUND('',#813,.T.);
#642=FACE_OUTER_BOUND('',#814,.T.);
#643=FACE_OUTER_BOUND('',#815,.T.);
#644=FACE_OUTER_BOUND('',#816,.T.);
#645=FACE_OUTER_BOUND('',#817,.T.);
#646=FACE_OUTER_BOUND('',#818,.T.);
#647=FACE_OUTER_BOUND('',#819,.T.);
#648=FACE_OUTER_BOUND('',#820,.T.);
#649=FACE_OUTER_BOUND('',#821,.T.);
#650=FACE_OUTER_BOUND('',#822,.T.);
#651=FACE_OUTER_BOUND('',#823,.T.);
#652=FACE_OUTER_BOUND('',#824,.T.);
#653=FACE_OUTER_BOUND('',#825,.T.);
#654=FACE_OUTER_BOUND('',#826,.T.);
#655=FACE_OUTER_BOUND('',#827,.T.);
#656=FACE_OUTER_BOUND('',#828,.T.);
#657=FACE_OUTER_BOUND('',#829,.T.);
#658=FACE_OUTER_BOUND('',#830,.T.);
#659=FACE_OUTER_BOUND('',#831,.T.);
#660=FACE_OUTER_BOUND('',#832,.T.);
#661=FACE_OUTER_BOUND('',#833,.T.);
#662=FACE_OUTER_BOUND('',#834,.T.);
#663=FACE_OUTER_BOUND('',#835,.T.);
#664=FACE_OUTER_BOUND('',#836,.T.);
#665=FACE_OUTER_BOUND('',#837,.T.);
#666=FACE_OUTER_BOUND('',#838,.T.);
#667=FACE_OUTER_BOUND('',#839,.T.);
#668=FACE_OUTER_BOUND('',#840,.T.);
#669=FACE_OUTER_BOUND('',#841,.T.);
#670=FACE_OUTER_BOUND('',#842,.T.);
#671=FACE_OUTER_BOUND('',#843,.T.);
#672=FACE_OUTER_BOUND('',#844,.T.);
#673=FACE_OUTER_BOUND('',#845,.T.);
#674=FACE_OUTER_BOUND('',#846,.T.);
#675=FACE_OUTER_BOUND('',#847,.T.);
#676=FACE_OUTER_BOUND('',#848,.T.);
#677=FACE_OUTER_BOUND('',#849,.T.);
#678=FACE_OUTER_BOUND('',#850,.T.);
#679=FACE_OUTER_BOUND('',#851,.T.);
#680=FACE_OUTER_BOUND('',#852,.T.);
#681=FACE_OUTER_BOUND('',#853,.T.);
#682=FACE_OUTER_BOUND('',#854,.T.);
#683=FACE_OUTER_BOUND('',#855,.T.);
#684=FACE_OUTER_BOUND('',#856,.T.);
#685=FACE_OUTER_BOUND('',#857,.T.);
#686=FACE_OUTER_BOUND('',#858,.T.);
#687=FACE_OUTER_BOUND('',#859,.T.);
#688=FACE_OUTER_BOUND('',#860,.T.);
#689=FACE_OUTER_BOUND('',#861,.T.);
#690=FACE_OUTER_BOUND('',#862,.T.);
#691=FACE_OUTER_BOUND('',#863,.T.);
#692=FACE_OUTER_BOUND('',#864,.T.);
#693=FACE_OUTER_BOUND('',#865,.T.);
#694=FACE_OUTER_BOUND('',#866,.T.);
#695=FACE_OUTER_BOUND('',#867,.T.);
#696=FACE_OUTER_BOUND('',#868,.T.);
#697=FACE_OUTER_BOUND('',#869,.T.);
#698=FACE_OUTER_BOUND('',#870,.T.);
#699=FACE_OUTER_BOUND('',#871,.T.);
#700=FACE_OUTER_BOUND('',#872,.T.);
#701=FACE_OUTER_BOUND('',#873,.T.);
#702=FACE_OUTER_BOUND('',#874,.T.);
#703=FACE_OUTER_BOUND('',#875,.T.);
#704=FACE_OUTER_BOUND('',#876,.T.);
#705=FACE_OUTER_BOUND('',#877,.T.);
#706=FACE_OUTER_BOUND('',#878,.T.);
#707=FACE_OUTER_BOUND('',#879,.T.);
#708=FACE_OUTER_BOUND('',#880,.T.);
#709=FACE_OUTER_BOUND('',#881,.T.);
#710=FACE_OUTER_BOUND('',#882,.T.);
#711=FACE_OUTER_BOUND('',#883,.T.);
#712=FACE_OUTER_BOUND('',#884,.T.);
#713=FACE_OUTER_BOUND('',#885,.T.);
#714=FACE_OUTER_BOUND('',#886,.T.);
#715=FACE_OUTER_BOUND('',#887,.T.);
#716=FACE_OUTER_BOUND('',#888,.T.);
#717=FACE_OUTER_BOUND('',#889,.T.);
#718=FACE_OUTER_BOUND('',#890,.T.);
#719=FACE_OUTER_BOUND('',#891,.T.);
#720=FACE_OUTER_BOUND('',#892,.T.);
#721=FACE_OUTER_BOUND('',#893,.T.);
#722=FACE_OUTER_BOUND('',#894,.T.);
#723=FACE_OUTER_BOUND('',#895,.T.);
#724=FACE_OUTER_BOUND('',#896,.T.);
#725=FACE_OUTER_BOUND('',#897,.T.);
#726=FACE_OUTER_BOUND('',#898,.T.);
#727=FACE_OUTER_BOUND('',#899,.T.);
#728=FACE_OUTER_BOUND('',#900,.T.);
#729=FACE_OUTER_BOUND('',#901,.T.);
#730=FACE_OUTER_BOUND('',#902,.T.);
#731=FACE_OUTER_BOUND('',#903,.T.);
#732=FACE_OUTER_BOUND('',#904,.T.);
#733=FACE_OUTER_BOUND('',#905,.T.);
#734=FACE_OUTER_BOUND('',#906,.T.);
#735=FACE_OUTER_BOUND('',#907,.T.);
#736=FACE_OUTER_BOUND('',#908,.T.);
#737=FACE_OUTER_BOUND('',#909,.T.);
#738=FACE_OUTER_BOUND('',#910,.T.);
#739=FACE_OUTER_BOUND('',#911,.T.);
#740=FACE_OUTER_BOUND('',#912,.T.);
#741=FACE_OUTER_BOUND('',#913,.T.);
#742=FACE_OUTER_BOUND('',#914,.T.);
#743=FACE_OUTER_BOUND('',#915,.T.);
#744=FACE_OUTER_BOUND('',#916,.T.);
#745=FACE_OUTER_BOUND('',#917,.T.);
#746=FACE_OUTER_BOUND('',#918,.T.);
#747=FACE_OUTER_BOUND('',#919,.T.);
#748=FACE_OUTER_BOUND('',#920,.T.);
#749=FACE_OUTER_BOUND('',#921,.T.);
#750=FACE_OUTER_BOUND('',#922,.T.);
#751=FACE_OUTER_BOUND('',#923,.T.);
#752=FACE_OUTER_BOUND('',#924,.T.);
#753=FACE_OUTER_BOUND('',#925,.T.);
#754=FACE_OUTER_BOUND('',#926,.T.);
#755=FACE_OUTER_BOUND('',#927,.T.);
#756=FACE_OUTER_BOUND('',#928,.T.);
#757=FACE_OUTER_BOUND('',#929,.T.);
#758=FACE_OUTER_BOUND('',#930,.T.);
#759=FACE_OUTER_BOUND('',#931,.T.);
#760=FACE_OUTER_BOUND('',#932,.T.);
#761=FACE_OUTER_BOUND('',#933,.T.);
#762=FACE_OUTER_BOUND('',#934,.T.);
#763=FACE_OUTER_BOUND('',#936,.T.);
#764=FACE_OUTER_BOUND('',#937,.T.);
#765=FACE_OUTER_BOUND('',#938,.T.);
#766=FACE_OUTER_BOUND('',#940,.T.);
#767=FACE_OUTER_BOUND('',#942,.T.);
#768=FACE_OUTER_BOUND('',#943,.T.);
#769=FACE_OUTER_BOUND('',#946,.T.);
#770=FACE_OUTER_BOUND('',#947,.T.);
#771=FACE_OUTER_BOUND('',#949,.T.);
#772=FACE_OUTER_BOUND('',#950,.T.);
#773=EDGE_LOOP('',(#1965));
#774=EDGE_LOOP('',(#1966));
#775=EDGE_LOOP('',(#1967));
#776=EDGE_LOOP('',(#1968));
#777=EDGE_LOOP('',(#1969,#1970,#1971,#1972));
#778=EDGE_LOOP('',(#1973,#1974,#1975,#1976));
#779=EDGE_LOOP('',(#1977,#1978,#1979,#1980,#1981));
#780=EDGE_LOOP('',(#1982,#1983,#1984,#1985));
#781=EDGE_LOOP('',(#1986,#1987,#1988,#1989));
#782=EDGE_LOOP('',(#1990,#1991,#1992,#1993));
#783=EDGE_LOOP('',(#1994,#1995,#1996,#1997));
#784=EDGE_LOOP('',(#1998,#1999,#2000,#2001));
#785=EDGE_LOOP('',(#2002,#2003,#2004,#2005));
#786=EDGE_LOOP('',(#2006,#2007,#2008,#2009));
#787=EDGE_LOOP('',(#2010,#2011,#2012,#2013));
#788=EDGE_LOOP('',(#2014,#2015,#2016,#2017));
#789=EDGE_LOOP('',(#2018,#2019,#2020,#2021));
#790=EDGE_LOOP('',(#2022,#2023,#2024,#2025,#2026,#2027));
#791=EDGE_LOOP('',(#2028,#2029,#2030,#2031,#2032,#2033,#2034,#2035));
#792=EDGE_LOOP('',(#2036,#2037,#2038,#2039,#2040,#2041));
#793=EDGE_LOOP('',(#2042,#2043,#2044,#2045));
#794=EDGE_LOOP('',(#2046,#2047,#2048,#2049));
#795=EDGE_LOOP('',(#2050,#2051,#2052,#2053));
#796=EDGE_LOOP('',(#2054,#2055,#2056,#2057));
#797=EDGE_LOOP('',(#2058,#2059,#2060,#2061));
#798=EDGE_LOOP('',(#2062,#2063,#2064,#2065));
#799=EDGE_LOOP('',(#2066,#2067,#2068,#2069));
#800=EDGE_LOOP('',(#2070,#2071,#2072,#2073));
#801=EDGE_LOOP('',(#2074,#2075,#2076,#2077));
#802=EDGE_LOOP('',(#2078,#2079,#2080,#2081));
#803=EDGE_LOOP('',(#2082,#2083,#2084,#2085));
#804=EDGE_LOOP('',(#2086,#2087,#2088,#2089,#2090,#2091));
#805=EDGE_LOOP('',(#2092,#2093,#2094,#2095,#2096,#2097,#2098,#2099));
#806=EDGE_LOOP('',(#2100,#2101,#2102,#2103,#2104,#2105));
#807=EDGE_LOOP('',(#2106,#2107,#2108,#2109));
#808=EDGE_LOOP('',(#2110,#2111,#2112,#2113,#2114,#2115));
#809=EDGE_LOOP('',(#2116,#2117,#2118,#2119,#2120));
#810=EDGE_LOOP('',(#2121));
#811=EDGE_LOOP('',(#2122));
#812=EDGE_LOOP('',(#2123,#2124,#2125,#2126,#2127));
#813=EDGE_LOOP('',(#2128,#2129,#2130,#2131,#2132,#2133));
#814=EDGE_LOOP('',(#2134,#2135,#2136,#2137));
#815=EDGE_LOOP('',(#2138,#2139,#2140,#2141,#2142,#2143));
#816=EDGE_LOOP('',(#2144,#2145,#2146,#2147,#2148,#2149));
#817=EDGE_LOOP('',(#2150,#2151,#2152,#2153,#2154,#2155));
#818=EDGE_LOOP('',(#2156,#2157,#2158,#2159,#2160,#2161));
#819=EDGE_LOOP('',(#2162,#2163,#2164,#2165,#2166,#2167));
#820=EDGE_LOOP('',(#2168,#2169,#2170,#2171,#2172,#2173));
#821=EDGE_LOOP('',(#2174,#2175,#2176,#2177,#2178,#2179));
#822=EDGE_LOOP('',(#2180,#2181,#2182,#2183,#2184,#2185));
#823=EDGE_LOOP('',(#2186,#2187,#2188,#2189,#2190,#2191));
#824=EDGE_LOOP('',(#2192,#2193,#2194,#2195,#2196,#2197));
#825=EDGE_LOOP('',(#2198,#2199,#2200,#2201,#2202,#2203));
#826=EDGE_LOOP('',(#2204,#2205,#2206,#2207,#2208,#2209));
#827=EDGE_LOOP('',(#2210,#2211,#2212,#2213,#2214,#2215,#2216));
#828=EDGE_LOOP('',(#2217,#2218,#2219,#2220,#2221,#2222));
#829=EDGE_LOOP('',(#2223,#2224,#2225,#2226,#2227,#2228));
#830=EDGE_LOOP('',(#2229,#2230,#2231,#2232,#2233,#2234));
#831=EDGE_LOOP('',(#2235,#2236,#2237,#2238,#2239,#2240));
#832=EDGE_LOOP('',(#2241,#2242,#2243,#2244,#2245,#2246));
#833=EDGE_LOOP('',(#2247,#2248,#2249,#2250,#2251,#2252));
#834=EDGE_LOOP('',(#2253,#2254,#2255,#2256,#2257,#2258));
#835=EDGE_LOOP('',(#2259,#2260,#2261,#2262,#2263,#2264));
#836=EDGE_LOOP('',(#2265,#2266,#2267,#2268,#2269,#2270));
#837=EDGE_LOOP('',(#2271,#2272,#2273,#2274,#2275,#2276));
#838=EDGE_LOOP('',(#2277,#2278,#2279,#2280,#2281,#2282));
#839=EDGE_LOOP('',(#2283,#2284,#2285,#2286,#2287,#2288));
#840=EDGE_LOOP('',(#2289,#2290,#2291,#2292,#2293,#2294));
#841=EDGE_LOOP('',(#2295,#2296,#2297,#2298,#2299,#2300,#2301));
#842=EDGE_LOOP('',(#2302,#2303,#2304,#2305,#2306,#2307));
#843=EDGE_LOOP('',(#2308,#2309,#2310,#2311,#2312,#2313));
#844=EDGE_LOOP('',(#2314,#2315,#2316,#2317,#2318,#2319));
#845=EDGE_LOOP('',(#2320,#2321,#2322,#2323,#2324,#2325));
#846=EDGE_LOOP('',(#2326,#2327,#2328,#2329));
#847=EDGE_LOOP('',(#2330,#2331,#2332,#2333));
#848=EDGE_LOOP('',(#2334,#2335,#2336,#2337));
#849=EDGE_LOOP('',(#2338,#2339,#2340,#2341,#2342,#2343));
#850=EDGE_LOOP('',(#2344,#2345,#2346,#2347,#2348,#2349));
#851=EDGE_LOOP('',(#2350,#2351,#2352,#2353));
#852=EDGE_LOOP('',(#2354,#2355,#2356,#2357));
#853=EDGE_LOOP('',(#2358,#2359,#2360,#2361));
#854=EDGE_LOOP('',(#2362,#2363,#2364,#2365,#2366,#2367));
#855=EDGE_LOOP('',(#2368,#2369,#2370,#2371,#2372,#2373));
#856=EDGE_LOOP('',(#2374,#2375,#2376,#2377));
#857=EDGE_LOOP('',(#2378,#2379,#2380,#2381));
#858=EDGE_LOOP('',(#2382,#2383,#2384,#2385));
#859=EDGE_LOOP('',(#2386,#2387,#2388,#2389,#2390,#2391));
#860=EDGE_LOOP('',(#2392,#2393,#2394,#2395,#2396,#2397));
#861=EDGE_LOOP('',(#2398,#2399,#2400,#2401));
#862=EDGE_LOOP('',(#2402,#2403,#2404,#2405));
#863=EDGE_LOOP('',(#2406,#2407,#2408,#2409));
#864=EDGE_LOOP('',(#2410,#2411,#2412,#2413,#2414,#2415));
#865=EDGE_LOOP('',(#2416,#2417,#2418,#2419,#2420,#2421));
#866=EDGE_LOOP('',(#2422,#2423,#2424,#2425));
#867=EDGE_LOOP('',(#2426,#2427,#2428,#2429));
#868=EDGE_LOOP('',(#2430,#2431,#2432,#2433));
#869=EDGE_LOOP('',(#2434,#2435,#2436,#2437,#2438,#2439));
#870=EDGE_LOOP('',(#2440,#2441,#2442,#2443,#2444,#2445));
#871=EDGE_LOOP('',(#2446,#2447,#2448,#2449));
#872=EDGE_LOOP('',(#2450,#2451,#2452,#2453));
#873=EDGE_LOOP('',(#2454,#2455,#2456,#2457));
#874=EDGE_LOOP('',(#2458,#2459,#2460,#2461,#2462,#2463));
#875=EDGE_LOOP('',(#2464,#2465,#2466,#2467,#2468,#2469));
#876=EDGE_LOOP('',(#2470,#2471,#2472,#2473));
#877=EDGE_LOOP('',(#2474,#2475,#2476,#2477));
#878=EDGE_LOOP('',(#2478,#2479,#2480,#2481));
#879=EDGE_LOOP('',(#2482,#2483,#2484,#2485,#2486,#2487));
#880=EDGE_LOOP('',(#2488,#2489,#2490,#2491,#2492,#2493));
#881=EDGE_LOOP('',(#2494,#2495,#2496,#2497));
#882=EDGE_LOOP('',(#2498,#2499,#2500,#2501));
#883=EDGE_LOOP('',(#2502,#2503,#2504,#2505));
#884=EDGE_LOOP('',(#2506,#2507,#2508,#2509,#2510,#2511));
#885=EDGE_LOOP('',(#2512,#2513,#2514,#2515));
#886=EDGE_LOOP('',(#2516,#2517,#2518,#2519));
#887=EDGE_LOOP('',(#2520,#2521,#2522,#2523));
#888=EDGE_LOOP('',(#2524,#2525,#2526,#2527,#2528,#2529));
#889=EDGE_LOOP('',(#2530,#2531,#2532,#2533));
#890=EDGE_LOOP('',(#2534,#2535,#2536,#2537));
#891=EDGE_LOOP('',(#2538,#2539,#2540,#2541));
#892=EDGE_LOOP('',(#2542,#2543,#2544,#2545,#2546,#2547));
#893=EDGE_LOOP('',(#2548,#2549,#2550,#2551));
#894=EDGE_LOOP('',(#2552,#2553,#2554,#2555));
#895=EDGE_LOOP('',(#2556,#2557,#2558,#2559));
#896=EDGE_LOOP('',(#2560,#2561,#2562,#2563));
#897=EDGE_LOOP('',(#2564,#2565,#2566,#2567));
#898=EDGE_LOOP('',(#2568,#2569,#2570,#2571));
#899=EDGE_LOOP('',(#2572,#2573,#2574,#2575,#2576,#2577));
#900=EDGE_LOOP('',(#2578,#2579,#2580,#2581));
#901=EDGE_LOOP('',(#2582,#2583,#2584,#2585));
#902=EDGE_LOOP('',(#2586,#2587,#2588,#2589,#2590,#2591));
#903=EDGE_LOOP('',(#2592,#2593,#2594,#2595));
#904=EDGE_LOOP('',(#2596,#2597,#2598,#2599));
#905=EDGE_LOOP('',(#2600,#2601,#2602,#2603));
#906=EDGE_LOOP('',(#2604,#2605,#2606,#2607));
#907=EDGE_LOOP('',(#2608,#2609,#2610,#2611));
#908=EDGE_LOOP('',(#2612,#2613,#2614,#2615));
#909=EDGE_LOOP('',(#2616,#2617,#2618,#2619));
#910=EDGE_LOOP('',(#2620,#2621,#2622,#2623));
#911=EDGE_LOOP('',(#2624,#2625,#2626,#2627));
#912=EDGE_LOOP('',(#2628,#2629,#2630,#2631));
#913=EDGE_LOOP('',(#2632,#2633,#2634,#2635));
#914=EDGE_LOOP('',(#2636,#2637,#2638,#2639));
#915=EDGE_LOOP('',(#2640,#2641,#2642,#2643));
#916=EDGE_LOOP('',(#2644,#2645,#2646,#2647));
#917=EDGE_LOOP('',(#2648,#2649,#2650,#2651));
#918=EDGE_LOOP('',(#2652,#2653,#2654,#2655));
#919=EDGE_LOOP('',(#2656,#2657,#2658,#2659,#2660,#2661,#2662));
#920=EDGE_LOOP('',(#2663,#2664,#2665,#2666,#2667,#2668));
#921=EDGE_LOOP('',(#2669,#2670,#2671,#2672,#2673,#2674));
#922=EDGE_LOOP('',(#2675,#2676,#2677,#2678,#2679,#2680));
#923=EDGE_LOOP('',(#2681,#2682,#2683,#2684,#2685,#2686));
#924=EDGE_LOOP('',(#2687,#2688,#2689,#2690,#2691,#2692));
#925=EDGE_LOOP('',(#2693,#2694,#2695,#2696,#2697,#2698));
#926=EDGE_LOOP('',(#2699,#2700,#2701,#2702,#2703,#2704));
#927=EDGE_LOOP('',(#2705,#2706,#2707,#2708,#2709,#2710,#2711,#2712,#2713,
#2714,#2715,#2716,#2717,#2718,#2719,#2720,#2721,#2722,#2723,#2724,#2725,
#2726,#2727,#2728,#2729,#2730,#2731,#2732,#2733,#2734,#2735,#2736,#2737,
#2738,#2739,#2740,#2741,#2742,#2743,#2744,#2745,#2746,#2747,#2748,#2749,
#2750,#2751,#2752,#2753,#2754,#2755,#2756,#2757,#2758,#2759,#2760,#2761,
#2762,#2763,#2764,#2765,#2766,#2767,#2768,#2769));
#928=EDGE_LOOP('',(#2770,#2771,#2772,#2773,#2774));
#929=EDGE_LOOP('',(#2775,#2776,#2777,#2778,#2779));
#930=EDGE_LOOP('',(#2780,#2781,#2782,#2783,#2784,#2785,#2786,#2787,#2788,
#2789,#2790,#2791,#2792,#2793,#2794,#2795,#2796,#2797,#2798,#2799,#2800,
#2801,#2802,#2803,#2804,#2805,#2806,#2807,#2808,#2809,#2810,#2811,#2812,
#2813,#2814,#2815,#2816,#2817,#2818,#2819,#2820,#2821,#2822,#2823,#2824,
#2825,#2826,#2827,#2828,#2829,#2830,#2831,#2832,#2833,#2834,#2835,#2836,
#2837,#2838,#2839,#2840,#2841,#2842,#2843,#2844));
#931=EDGE_LOOP('',(#2845,#2846,#2847,#2848,#2849,#2850));
#932=EDGE_LOOP('',(#2851,#2852,#2853,#2854,#2855,#2856,#2857,#2858,#2859,
#2860,#2861,#2862,#2863,#2864,#2865,#2866,#2867,#2868,#2869,#2870,#2871,
#2872,#2873,#2874));
#933=EDGE_LOOP('',(#2875,#2876,#2877,#2878));
#934=EDGE_LOOP('',(#2879,#2880,#2881,#2882));
#935=EDGE_LOOP('',(#2883));
#936=EDGE_LOOP('',(#2884,#2885,#2886,#2887));
#937=EDGE_LOOP('',(#2888,#2889,#2890,#2891));
#938=EDGE_LOOP('',(#2892,#2893,#2894,#2895));
#939=EDGE_LOOP('',(#2896));
#940=EDGE_LOOP('',(#2897,#2898,#2899,#2900,#2901,#2902));
#941=EDGE_LOOP('',(#2903,#2904));
#942=EDGE_LOOP('',(#2905,#2906,#2907,#2908,#2909));
#943=EDGE_LOOP('',(#2910));
#944=EDGE_LOOP('',(#2911,#2912,#2913,#2914));
#945=EDGE_LOOP('',(#2915,#2916));
#946=EDGE_LOOP('',(#2917,#2918,#2919,#2920));
#947=EDGE_LOOP('',(#2921));
#948=EDGE_LOOP('',(#2922));
#949=EDGE_LOOP('',(#2923,#2924,#2925,#2926));
#950=EDGE_LOOP('',(#2927));
#951=EDGE_LOOP('',(#2928));
#952=CIRCLE('',#3205,0.389011066153285);
#953=CIRCLE('',#3206,0.38844);
#954=CIRCLE('',#3208,0.389011066153285);
#955=CIRCLE('',#3209,0.38844);
#956=CIRCLE('',#3213,0.565727729060728);
#957=CIRCLE('',#3214,0.565727729060728);
#958=CIRCLE('',#3215,0.565727729060728);
#959=CIRCLE('',#3218,0.467989807002825);
#960=CIRCLE('',#3219,0.024);
#961=CIRCLE('',#3221,0.467989807002825);
#962=CIRCLE('',#3222,0.467989807002825);
#963=CIRCLE('',#3224,0.024);
#964=CIRCLE('',#3225,0.467989807002825);
#965=CIRCLE('',#3229,0.467989807002825);
#966=CIRCLE('',#3230,0.0240000000000135);
#967=CIRCLE('',#3232,0.467989807002825);
#968=CIRCLE('',#3233,0.467989807002825);
#969=CIRCLE('',#3235,0.024);
#970=CIRCLE('',#3236,0.467989807002825);
#971=CIRCLE('',#3239,0.571980637726533);
#972=CIRCLE('',#3240,0.571980637726533);
#973=CIRCLE('',#3241,0.569747456060177);
#974=CIRCLE('',#3242,0.569747456060177);
#975=CIRCLE('',#3244,0.0708661417322834);
#976=CIRCLE('',#3246,0.128110236220473);
#977=CIRCLE('',#3248,0.569747456060174);
#978=CIRCLE('',#3250,0.0240000000000203);
#979=CIRCLE('',#3251,0.467989807002825);
#980=CIRCLE('',#3252,0.024);
#981=CIRCLE('',#3255,0.467989807002825);
#982=CIRCLE('',#3256,0.0240000000000203);
#983=CIRCLE('',#3257,0.024);
#984=CIRCLE('',#3259,0.024);
#985=CIRCLE('',#3260,0.467989807002825);
#986=CIRCLE('',#3261,0.024);
#987=CIRCLE('',#3263,0.024);
#988=CIRCLE('',#3264,0.467989807002825);
#989=CIRCLE('',#3265,0.0240000000000203);
#990=CIRCLE('',#3267,0.024);
#991=CIRCLE('',#3268,0.467989807002825);
#992=CIRCLE('',#3269,0.0240000000000203);
#993=CIRCLE('',#3271,0.024);
#994=CIRCLE('',#3272,0.467989807002825);
#995=CIRCLE('',#3273,0.0240000000000203);
#996=CIRCLE('',#3275,0.024);
#997=CIRCLE('',#3276,0.467989807002825);
#998=CIRCLE('',#3277,0.0240000000000203);
#999=CIRCLE('',#3279,0.024);
#1000=CIRCLE('',#3280,0.467989807002825);
#1001=CIRCLE('',#3281,0.0240000000000203);
#1002=CIRCLE('',#3283,0.024);
#1003=CIRCLE('',#3284,0.467989807002825);
#1004=CIRCLE('',#3285,0.0240000000000202);
#1005=CIRCLE('',#3287,0.024);
#1006=CIRCLE('',#3288,0.467989807002825);
#1007=CIRCLE('',#3289,0.0240000000000203);
#1008=CIRCLE('',#3291,0.024);
#1009=CIRCLE('',#3292,0.467989807002825);
#1010=CIRCLE('',#3293,0.0240000000000203);
#1011=CIRCLE('',#3295,0.024);
#1012=CIRCLE('',#3296,0.467989807002825);
#1013=CIRCLE('',#3297,0.0240000000000202);
#1014=CIRCLE('',#3299,0.024);
#1015=CIRCLE('',#3300,0.467989807002825);
#1016=CIRCLE('',#3301,0.0240000000000203);
#1017=CIRCLE('',#3303,0.024);
#1018=CIRCLE('',#3304,0.467989807002825);
#1019=CIRCLE('',#3305,0.467989807002825);
#1020=CIRCLE('',#3306,0.0240000000000202);
#1021=CIRCLE('',#3308,0.024);
#1022=CIRCLE('',#3309,0.467989807002825);
#1023=CIRCLE('',#3310,0.0240000000000203);
#1024=CIRCLE('',#3312,0.467989807002825);
#1025=CIRCLE('',#3314,0.467989807002825);
#1026=CIRCLE('',#3315,0.024);
#1027=CIRCLE('',#3316,0.024);
#1028=CIRCLE('',#3318,0.024);
#1029=CIRCLE('',#3319,0.0240000000000203);
#1030=CIRCLE('',#3320,0.467989807002825);
#1031=CIRCLE('',#3322,0.024);
#1032=CIRCLE('',#3323,0.0240000000000203);
#1033=CIRCLE('',#3324,0.467989807002825);
#1034=CIRCLE('',#3326,0.024);
#1035=CIRCLE('',#3327,0.0240000000000203);
#1036=CIRCLE('',#3328,0.467989807002825);
#1037=CIRCLE('',#3330,0.024);
#1038=CIRCLE('',#3331,0.0240000000000203);
#1039=CIRCLE('',#3332,0.467989807002825);
#1040=CIRCLE('',#3334,0.024);
#1041=CIRCLE('',#3335,0.0240000000000203);
#1042=CIRCLE('',#3336,0.467989807002825);
#1043=CIRCLE('',#3338,0.024);
#1044=CIRCLE('',#3339,0.0240000000000203);
#1045=CIRCLE('',#3340,0.467989807002825);
#1046=CIRCLE('',#3342,0.024);
#1047=CIRCLE('',#3343,0.0240000000000203);
#1048=CIRCLE('',#3344,0.467989807002825);
#1049=CIRCLE('',#3346,0.024);
#1050=CIRCLE('',#3347,0.0240000000000203);
#1051=CIRCLE('',#3348,0.467989807002825);
#1052=CIRCLE('',#3350,0.024);
#1053=CIRCLE('',#3351,0.0240000000000203);
#1054=CIRCLE('',#3352,0.467989807002825);
#1055=CIRCLE('',#3354,0.024);
#1056=CIRCLE('',#3355,0.0240000000000203);
#1057=CIRCLE('',#3356,0.467989807002825);
#1058=CIRCLE('',#3358,0.024);
#1059=CIRCLE('',#3359,0.0240000000000202);
#1060=CIRCLE('',#3360,0.467989807002825);
#1061=CIRCLE('',#3361,0.467989807002825);
#1062=CIRCLE('',#3363,0.024);
#1063=CIRCLE('',#3364,0.0240000000000203);
#1064=CIRCLE('',#3365,0.467989807002825);
#1065=CIRCLE('',#3367,0.467989807002825);
#1066=CIRCLE('',#3369,0.467989807002825);
#1067=CIRCLE('',#3370,0.467989807002825);
#1068=CIRCLE('',#3372,0.467989807002825);
#1069=CIRCLE('',#3373,0.467989807002825);
#1070=CIRCLE('',#3378,0.467989807002825);
#1071=CIRCLE('',#3379,0.467989807002825);
#1072=CIRCLE('',#3381,0.467989807002825);
#1073=CIRCLE('',#3382,0.467989807002825);
#1074=CIRCLE('',#3387,0.467989807002825);
#1075=CIRCLE('',#3388,0.467989807002825);
#1076=CIRCLE('',#3390,0.467989807002825);
#1077=CIRCLE('',#3391,0.467989807002825);
#1078=CIRCLE('',#3396,0.467989807002825);
#1079=CIRCLE('',#3397,0.467989807002825);
#1080=CIRCLE('',#3399,0.467989807002825);
#1081=CIRCLE('',#3400,0.467989807002825);
#1082=CIRCLE('',#3405,0.467989807002825);
#1083=CIRCLE('',#3406,0.467989807002825);
#1084=CIRCLE('',#3408,0.467989807002825);
#1085=CIRCLE('',#3409,0.467989807002825);
#1086=CIRCLE('',#3414,0.467989807002825);
#1087=CIRCLE('',#3415,0.467989807002825);
#1088=CIRCLE('',#3417,0.467989807002825);
#1089=CIRCLE('',#3418,0.467989807002825);
#1090=CIRCLE('',#3423,0.467989807002825);
#1091=CIRCLE('',#3424,0.467989807002825);
#1092=CIRCLE('',#3426,0.467989807002825);
#1093=CIRCLE('',#3427,0.467989807002825);
#1094=CIRCLE('',#3432,0.467989807002825);
#1095=CIRCLE('',#3433,0.467989807002825);
#1096=CIRCLE('',#3435,0.467989807002825);
#1097=CIRCLE('',#3436,0.467989807002825);
#1098=CIRCLE('',#3441,0.467989807002825);
#1099=CIRCLE('',#3442,0.467989807002825);
#1100=CIRCLE('',#3447,0.467989807002825);
#1101=CIRCLE('',#3448,0.467989807002825);
#1102=CIRCLE('',#3453,0.467989807002825);
#1103=CIRCLE('',#3454,0.467989807002825);
#1104=CIRCLE('',#3462,0.467989807002825);
#1105=CIRCLE('',#3463,0.467989807002825);
#1106=CIRCLE('',#3467,0.467989807002825);
#1107=CIRCLE('',#3468,0.467989807002825);
#1108=CIRCLE('',#3470,0.467989807002825);
#1109=CIRCLE('',#3471,0.467989807002825);
#1110=CIRCLE('',#3476,0.467989807002825);
#1111=CIRCLE('',#3477,0.467989807002825);
#1112=CIRCLE('',#3479,0.467989807002825);
#1113=CIRCLE('',#3480,0.467989807002825);
#1114=CIRCLE('',#3482,0.467989807002825);
#1115=CIRCLE('',#3483,0.467989807002825);
#1116=CIRCLE('',#3485,0.467989807002825);
#1117=CIRCLE('',#3486,0.467989807002825);
#1118=CIRCLE('',#3488,0.467989807002825);
#1119=CIRCLE('',#3489,0.467989807002825);
#1120=CIRCLE('',#3491,0.467989807002825);
#1121=CIRCLE('',#3492,0.467989807002825);
#1122=CIRCLE('',#3494,0.467989807002825);
#1123=CIRCLE('',#3495,0.467989807002825);
#1124=CIRCLE('',#3497,0.467989807002825);
#1125=CIRCLE('',#3498,0.467989807002825);
#1126=CIRCLE('',#3500,0.467989807002825);
#1127=CIRCLE('',#3501,0.467989807002825);
#1128=CIRCLE('',#3503,0.467989807002825);
#1129=CIRCLE('',#3504,0.467989807002825);
#1130=CIRCLE('',#3506,0.467989807002825);
#1131=CIRCLE('',#3507,0.467989807002825);
#1132=CIRCLE('',#3509,0.467989807002825);
#1133=CIRCLE('',#3510,0.467989807002825);
#1134=CIRCLE('',#3512,0.0708661417322834);
#1135=CIRCLE('',#3513,0.0708661417322834);
#1136=CIRCLE('',#3515,0.467989807002825);
#1137=CIRCLE('',#3516,0.467989807002825);
#1138=CIRCLE('',#3518,0.467989807002825);
#1139=CIRCLE('',#3519,0.467989807002825);
#1140=CIRCLE('',#3521,0.467989807002825);
#1141=CIRCLE('',#3522,0.467989807002825);
#1142=CIRCLE('',#3524,0.467989807002825);
#1143=CIRCLE('',#3525,0.467989807002825);
#1144=CIRCLE('',#3527,0.467989807002825);
#1145=CIRCLE('',#3528,0.467989807002825);
#1146=CIRCLE('',#3530,0.467989807002825);
#1147=CIRCLE('',#3531,0.467989807002825);
#1148=CIRCLE('',#3533,0.467989807002825);
#1149=CIRCLE('',#3534,0.467989807002825);
#1150=CIRCLE('',#3536,0.562233181666359);
#1151=CIRCLE('',#3537,0.562233181666359);
#1152=CIRCLE('',#3539,0.00999999999999999);
#1153=CIRCLE('',#3541,0.118110236220472);
#1154=CIRCLE('',#3542,0.118110236220472);
#1155=CIRCLE('',#3545,0.0708661417322834);
#1156=CIRCLE('',#3547,0.0708661417322834);
#1157=CIRCLE('',#3554,0.118110236220473);
#1158=CIRCLE('',#3555,0.118110236220473);
#1159=CIRCLE('',#3557,0.569747456060177);
#1160=CIRCLE('',#3560,0.389011066153285);
#1161=CIRCLE('',#3561,0.389011066153285);
#1162=CIRCLE('',#3563,0.38844);
#1163=CIRCLE('',#3565,0.38844);
#1164=VERTEX_POINT('',#4525);
#1165=VERTEX_POINT('',#4527);
#1166=VERTEX_POINT('',#4530);
#1167=VERTEX_POINT('',#4532);
#1168=VERTEX_POINT('',#4539);
#1169=VERTEX_POINT('',#4540);
#1170=VERTEX_POINT('',#4543);
#1171=VERTEX_POINT('',#4562);
#1172=VERTEX_POINT('',#4563);
#1173=VERTEX_POINT('',#4565);
#1174=VERTEX_POINT('',#4570);
#1175=VERTEX_POINT('',#4618);
#1176=VERTEX_POINT('',#4619);
#1177=VERTEX_POINT('',#4621);
#1178=VERTEX_POINT('',#4631);
#1179=VERTEX_POINT('',#4682);
#1180=VERTEX_POINT('',#4683);
#1181=VERTEX_POINT('',#4685);
#1182=VERTEX_POINT('',#4690);
#1183=VERTEX_POINT('',#4768);
#1184=VERTEX_POINT('',#4769);
#1185=VERTEX_POINT('',#4771);
#1186=VERTEX_POINT('',#4781);
#1187=VERTEX_POINT('',#4844);
#1188=VERTEX_POINT('',#4845);
#1189=VERTEX_POINT('',#4847);
#1190=VERTEX_POINT('',#4852);
#1191=VERTEX_POINT('',#4889);
#1192=VERTEX_POINT('',#4891);
#1193=VERTEX_POINT('',#4895);
#1194=VERTEX_POINT('',#4897);
#1195=VERTEX_POINT('',#4901);
#1196=VERTEX_POINT('',#4903);
#1197=VERTEX_POINT('',#4905);
#1198=VERTEX_POINT('',#4909);
#1199=VERTEX_POINT('',#4911);
#1200=VERTEX_POINT('',#4915);
#1201=VERTEX_POINT('',#4934);
#1202=VERTEX_POINT('',#4935);
#1203=VERTEX_POINT('',#4937);
#1204=VERTEX_POINT('',#4942);
#1205=VERTEX_POINT('',#4990);
#1206=VERTEX_POINT('',#4991);
#1207=VERTEX_POINT('',#4993);
#1208=VERTEX_POINT('',#5003);
#1209=VERTEX_POINT('',#5062);
#1210=VERTEX_POINT('',#5063);
#1211=VERTEX_POINT('',#5065);
#1212=VERTEX_POINT('',#5072);
#1213=VERTEX_POINT('',#5152);
#1214=VERTEX_POINT('',#5153);
#1215=VERTEX_POINT('',#5155);
#1216=VERTEX_POINT('',#5165);
#1217=VERTEX_POINT('',#5216);
#1218=VERTEX_POINT('',#5217);
#1219=VERTEX_POINT('',#5219);
#1220=VERTEX_POINT('',#5224);
#1221=VERTEX_POINT('',#5261);
#1222=VERTEX_POINT('',#5263);
#1223=VERTEX_POINT('',#5267);
#1224=VERTEX_POINT('',#5269);
#1225=VERTEX_POINT('',#5273);
#1226=VERTEX_POINT('',#5275);
#1227=VERTEX_POINT('',#5277);
#1228=VERTEX_POINT('',#5281);
#1229=VERTEX_POINT('',#5283);
#1230=VERTEX_POINT('',#5287);
#1231=VERTEX_POINT('',#5291);
#1232=VERTEX_POINT('',#5292);
#1233=VERTEX_POINT('',#5295);
#1234=VERTEX_POINT('',#5297);
#1235=VERTEX_POINT('',#5301);
#1236=VERTEX_POINT('',#5303);
#1237=VERTEX_POINT('',#5305);
#1238=VERTEX_POINT('',#5343);
#1239=VERTEX_POINT('',#5346);
#1240=VERTEX_POINT('',#5350);
#1241=VERTEX_POINT('',#5351);
#1242=VERTEX_POINT('',#5353);
#1243=VERTEX_POINT('',#5355);
#1244=VERTEX_POINT('',#5357);
#1245=VERTEX_POINT('',#5359);
#1246=VERTEX_POINT('',#5363);
#1247=VERTEX_POINT('',#5364);
#1248=VERTEX_POINT('',#5369);
#1249=VERTEX_POINT('',#5370);
#1250=VERTEX_POINT('',#5373);
#1251=VERTEX_POINT('',#5375);
#1252=VERTEX_POINT('',#5379);
#1253=VERTEX_POINT('',#5380);
#1254=VERTEX_POINT('',#5382);
#1255=VERTEX_POINT('',#5384);
#1256=VERTEX_POINT('',#5386);
#1257=VERTEX_POINT('',#5388);
#1258=VERTEX_POINT('',#5392);
#1259=VERTEX_POINT('',#5393);
#1260=VERTEX_POINT('',#5395);
#1261=VERTEX_POINT('',#5397);
#1262=VERTEX_POINT('',#5399);
#1263=VERTEX_POINT('',#5401);
#1264=VERTEX_POINT('',#5405);
#1265=VERTEX_POINT('',#5406);
#1266=VERTEX_POINT('',#5408);
#1267=VERTEX_POINT('',#5410);
#1268=VERTEX_POINT('',#5412);
#1269=VERTEX_POINT('',#5414);
#1270=VERTEX_POINT('',#5418);
#1271=VERTEX_POINT('',#5419);
#1272=VERTEX_POINT('',#5421);
#1273=VERTEX_POINT('',#5423);
#1274=VERTEX_POINT('',#5425);
#1275=VERTEX_POINT('',#5427);
#1276=VERTEX_POINT('',#5431);
#1277=VERTEX_POINT('',#5432);
#1278=VERTEX_POINT('',#5434);
#1279=VERTEX_POINT('',#5436);
#1280=VERTEX_POINT('',#5438);
#1281=VERTEX_POINT('',#5440);
#1282=VERTEX_POINT('',#5444);
#1283=VERTEX_POINT('',#5445);
#1284=VERTEX_POINT('',#5447);
#1285=VERTEX_POINT('',#5449);
#1286=VERTEX_POINT('',#5451);
#1287=VERTEX_POINT('',#5453);
#1288=VERTEX_POINT('',#5457);
#1289=VERTEX_POINT('',#5458);
#1290=VERTEX_POINT('',#5460);
#1291=VERTEX_POINT('',#5462);
#1292=VERTEX_POINT('',#5464);
#1293=VERTEX_POINT('',#5466);
#1294=VERTEX_POINT('',#5470);
#1295=VERTEX_POINT('',#5471);
#1296=VERTEX_POINT('',#5473);
#1297=VERTEX_POINT('',#5475);
#1298=VERTEX_POINT('',#5477);
#1299=VERTEX_POINT('',#5479);
#1300=VERTEX_POINT('',#5483);
#1301=VERTEX_POINT('',#5484);
#1302=VERTEX_POINT('',#5486);
#1303=VERTEX_POINT('',#5488);
#1304=VERTEX_POINT('',#5490);
#1305=VERTEX_POINT('',#5492);
#1306=VERTEX_POINT('',#5496);
#1307=VERTEX_POINT('',#5497);
#1308=VERTEX_POINT('',#5499);
#1309=VERTEX_POINT('',#5501);
#1310=VERTEX_POINT('',#5503);
#1311=VERTEX_POINT('',#5505);
#1312=VERTEX_POINT('',#5509);
#1313=VERTEX_POINT('',#5510);
#1314=VERTEX_POINT('',#5512);
#1315=VERTEX_POINT('',#5514);
#1316=VERTEX_POINT('',#5516);
#1317=VERTEX_POINT('',#5518);
#1318=VERTEX_POINT('',#5522);
#1319=VERTEX_POINT('',#5523);
#1320=VERTEX_POINT('',#5525);
#1321=VERTEX_POINT('',#5527);
#1322=VERTEX_POINT('',#5529);
#1323=VERTEX_POINT('',#5531);
#1324=VERTEX_POINT('',#5533);
#1325=VERTEX_POINT('',#5537);
#1326=VERTEX_POINT('',#5538);
#1327=VERTEX_POINT('',#5540);
#1328=VERTEX_POINT('',#5542);
#1329=VERTEX_POINT('',#5544);
#1330=VERTEX_POINT('',#5546);
#1331=VERTEX_POINT('',#5553);
#1332=VERTEX_POINT('',#5554);
#1333=VERTEX_POINT('',#5556);
#1334=VERTEX_POINT('',#5558);
#1335=VERTEX_POINT('',#5560);
#1336=VERTEX_POINT('',#5562);
#1337=VERTEX_POINT('',#5566);
#1338=VERTEX_POINT('',#5567);
#1339=VERTEX_POINT('',#5569);
#1340=VERTEX_POINT('',#5571);
#1341=VERTEX_POINT('',#5573);
#1342=VERTEX_POINT('',#5575);
#1343=VERTEX_POINT('',#5579);
#1344=VERTEX_POINT('',#5580);
#1345=VERTEX_POINT('',#5582);
#1346=VERTEX_POINT('',#5584);
#1347=VERTEX_POINT('',#5586);
#1348=VERTEX_POINT('',#5588);
#1349=VERTEX_POINT('',#5592);
#1350=VERTEX_POINT('',#5593);
#1351=VERTEX_POINT('',#5595);
#1352=VERTEX_POINT('',#5597);
#1353=VERTEX_POINT('',#5599);
#1354=VERTEX_POINT('',#5601);
#1355=VERTEX_POINT('',#5605);
#1356=VERTEX_POINT('',#5606);
#1357=VERTEX_POINT('',#5608);
#1358=VERTEX_POINT('',#5610);
#1359=VERTEX_POINT('',#5612);
#1360=VERTEX_POINT('',#5614);
#1361=VERTEX_POINT('',#5618);
#1362=VERTEX_POINT('',#5619);
#1363=VERTEX_POINT('',#5621);
#1364=VERTEX_POINT('',#5623);
#1365=VERTEX_POINT('',#5625);
#1366=VERTEX_POINT('',#5627);
#1367=VERTEX_POINT('',#5631);
#1368=VERTEX_POINT('',#5632);
#1369=VERTEX_POINT('',#5634);
#1370=VERTEX_POINT('',#5636);
#1371=VERTEX_POINT('',#5638);
#1372=VERTEX_POINT('',#5640);
#1373=VERTEX_POINT('',#5644);
#1374=VERTEX_POINT('',#5645);
#1375=VERTEX_POINT('',#5647);
#1376=VERTEX_POINT('',#5649);
#1377=VERTEX_POINT('',#5651);
#1378=VERTEX_POINT('',#5653);
#1379=VERTEX_POINT('',#5657);
#1380=VERTEX_POINT('',#5658);
#1381=VERTEX_POINT('',#5660);
#1382=VERTEX_POINT('',#5662);
#1383=VERTEX_POINT('',#5664);
#1384=VERTEX_POINT('',#5666);
#1385=VERTEX_POINT('',#5670);
#1386=VERTEX_POINT('',#5671);
#1387=VERTEX_POINT('',#5673);
#1388=VERTEX_POINT('',#5675);
#1389=VERTEX_POINT('',#5677);
#1390=VERTEX_POINT('',#5679);
#1391=VERTEX_POINT('',#5683);
#1392=VERTEX_POINT('',#5684);
#1393=VERTEX_POINT('',#5686);
#1394=VERTEX_POINT('',#5688);
#1395=VERTEX_POINT('',#5690);
#1396=VERTEX_POINT('',#5692);
#1397=VERTEX_POINT('',#5696);
#1398=VERTEX_POINT('',#5697);
#1399=VERTEX_POINT('',#5699);
#1400=VERTEX_POINT('',#5701);
#1401=VERTEX_POINT('',#5703);
#1402=VERTEX_POINT('',#5705);
#1403=VERTEX_POINT('',#5707);
#1404=VERTEX_POINT('',#5711);
#1405=VERTEX_POINT('',#5712);
#1406=VERTEX_POINT('',#5714);
#1407=VERTEX_POINT('',#5716);
#1408=VERTEX_POINT('',#5718);
#1409=VERTEX_POINT('',#5720);
#1410=VERTEX_POINT('',#5730);
#1411=VERTEX_POINT('',#5731);
#1412=VERTEX_POINT('',#5743);
#1413=VERTEX_POINT('',#5745);
#1414=VERTEX_POINT('',#5749);
#1415=VERTEX_POINT('',#5750);
#1416=VERTEX_POINT('',#5762);
#1417=VERTEX_POINT('',#5764);
#1418=VERTEX_POINT('',#5768);
#1419=VERTEX_POINT('',#5769);
#1420=VERTEX_POINT('',#5781);
#1421=VERTEX_POINT('',#5783);
#1422=VERTEX_POINT('',#5787);
#1423=VERTEX_POINT('',#5788);
#1424=VERTEX_POINT('',#5800);
#1425=VERTEX_POINT('',#5802);
#1426=VERTEX_POINT('',#5806);
#1427=VERTEX_POINT('',#5807);
#1428=VERTEX_POINT('',#5819);
#1429=VERTEX_POINT('',#5821);
#1430=VERTEX_POINT('',#5825);
#1431=VERTEX_POINT('',#5826);
#1432=VERTEX_POINT('',#5838);
#1433=VERTEX_POINT('',#5840);
#1434=VERTEX_POINT('',#5844);
#1435=VERTEX_POINT('',#5845);
#1436=VERTEX_POINT('',#5857);
#1437=VERTEX_POINT('',#5859);
#1438=VERTEX_POINT('',#5863);
#1439=VERTEX_POINT('',#5864);
#1440=VERTEX_POINT('',#5876);
#1441=VERTEX_POINT('',#5877);
#1442=VERTEX_POINT('',#5889);
#1443=VERTEX_POINT('',#5890);
#1444=VERTEX_POINT('',#5902);
#1445=VERTEX_POINT('',#5903);
#1446=VERTEX_POINT('',#5922);
#1447=VERTEX_POINT('',#5924);
#1448=VERTEX_POINT('',#5933);
#1449=VERTEX_POINT('',#5935);
#1450=VERTEX_POINT('',#5939);
#1451=VERTEX_POINT('',#5940);
#1452=VERTEX_POINT('',#5951);
#1453=VERTEX_POINT('',#5952);
#1454=VERTEX_POINT('',#5957);
#1455=VERTEX_POINT('',#5959);
#1456=VERTEX_POINT('',#5963);
#1457=VERTEX_POINT('',#5965);
#1458=VERTEX_POINT('',#5969);
#1459=VERTEX_POINT('',#5971);
#1460=VERTEX_POINT('',#5975);
#1461=VERTEX_POINT('',#5977);
#1462=VERTEX_POINT('',#6002);
#1463=VERTEX_POINT('',#6027);
#1464=VERTEX_POINT('',#6028);
#1465=VERTEX_POINT('',#6035);
#1466=VERTEX_POINT('',#6036);
#1467=VERTEX_POINT('',#6045);
#1468=VERTEX_POINT('',#6049);
#1469=VERTEX_POINT('',#6050);
#1470=VERTEX_POINT('',#6052);
#1471=VERTEX_POINT('',#6054);
#1472=VERTEX_POINT('',#6058);
#1473=VERTEX_POINT('',#6060);
#1474=VERTEX_POINT('',#6064);
#1475=VERTEX_POINT('',#6068);
#1476=VERTEX_POINT('',#6074);
#1477=VERTEX_POINT('',#6075);
#1478=VERTEX_POINT('',#6080);
#1479=VERTEX_POINT('',#6085);
#1480=VERTEX_POINT('',#6087);
#1481=VERTEX_POINT('',#6091);
#1482=VERTEX_POINT('',#6094);
#1483=EDGE_CURVE('',#1164,#1164,#952,.T.);
#1484=EDGE_CURVE('',#1165,#1165,#953,.T.);
#1485=EDGE_CURVE('',#1166,#1166,#954,.T.);
#1486=EDGE_CURVE('',#1167,#1167,#955,.T.);
#1487=EDGE_CURVE('',#1167,#1165,#82,.T.);
#1488=EDGE_CURVE('',#1164,#1166,#83,.T.);
#1489=EDGE_CURVE('',#1168,#1169,#956,.T.);
#1490=EDGE_CURVE('',#1169,#1168,#957,.T.);
#1491=EDGE_CURVE('',#1169,#1170,#84,.T.);
#1492=EDGE_CURVE('',#1170,#1170,#958,.T.);
#1493=EDGE_CURVE('',#1171,#1172,#85,.T.);
#1494=EDGE_CURVE('',#1172,#1173,#20,.T.);
#1495=EDGE_CURVE('',#1173,#1174,#21,.F.);
#1496=EDGE_CURVE('',#1174,#1171,#22,.T.);
#1497=EDGE_CURVE('',#1175,#1176,#86,.T.);
#1498=EDGE_CURVE('',#1176,#1177,#23,.T.);
#1499=EDGE_CURVE('',#1177,#1178,#87,.T.);
#1500=EDGE_CURVE('',#1178,#1175,#24,.T.);
#1501=EDGE_CURVE('',#1177,#1172,#25,.T.);
#1502=EDGE_CURVE('',#1171,#1178,#26,.T.);
#1503=EDGE_CURVE('',#1179,#1180,#88,.T.);
#1504=EDGE_CURVE('',#1180,#1181,#27,.T.);
#1505=EDGE_CURVE('',#1181,#1182,#89,.T.);
#1506=EDGE_CURVE('',#1182,#1179,#28,.T.);
#1507=EDGE_CURVE('',#1181,#1176,#29,.T.);
#1508=EDGE_CURVE('',#1175,#1182,#30,.T.);
#1509=EDGE_CURVE('',#1183,#1184,#90,.T.);
#1510=EDGE_CURVE('',#1184,#1185,#31,.T.);
#1511=EDGE_CURVE('',#1185,#1186,#91,.T.);
#1512=EDGE_CURVE('',#1186,#1183,#32,.T.);
#1513=EDGE_CURVE('',#1183,#1180,#33,.T.);
#1514=EDGE_CURVE('',#1179,#1184,#34,.T.);
#1515=EDGE_CURVE('',#1187,#1188,#92,.T.);
#1516=EDGE_CURVE('',#1188,#1189,#35,.T.);
#1517=EDGE_CURVE('',#1189,#1190,#36,.F.);
#1518=EDGE_CURVE('',#1190,#1187,#37,.T.);
#1519=EDGE_CURVE('',#1187,#1186,#38,.T.);
#1520=EDGE_CURVE('',#1185,#1188,#39,.T.);
#1521=EDGE_CURVE('',#1172,#1191,#93,.T.);
#1522=EDGE_CURVE('',#1192,#1191,#94,.T.);
#1523=EDGE_CURVE('',#1173,#1192,#95,.T.);
#1524=EDGE_CURVE('',#1193,#1176,#96,.T.);
#1525=EDGE_CURVE('',#1193,#1194,#959,.T.);
#1526=EDGE_CURVE('',#1191,#1194,#960,.T.);
#1527=EDGE_CURVE('',#1183,#1195,#97,.T.);
#1528=EDGE_CURVE('',#1196,#1195,#961,.T.);
#1529=EDGE_CURVE('',#1196,#1197,#98,.T.);
#1530=EDGE_CURVE('',#1197,#1193,#962,.T.);
#1531=EDGE_CURVE('',#1198,#1187,#99,.T.);
#1532=EDGE_CURVE('',#1199,#1198,#963,.T.);
#1533=EDGE_CURVE('',#1195,#1199,#964,.T.);
#1534=EDGE_CURVE('',#1200,#1190,#100,.T.);
#1535=EDGE_CURVE('',#1198,#1200,#101,.T.);
#1536=EDGE_CURVE('',#1201,#1202,#102,.T.);
#1537=EDGE_CURVE('',#1202,#1203,#40,.T.);
#1538=EDGE_CURVE('',#1203,#1204,#41,.F.);
#1539=EDGE_CURVE('',#1204,#1201,#42,.T.);
#1540=EDGE_CURVE('',#1205,#1206,#103,.T.);
#1541=EDGE_CURVE('',#1206,#1207,#43,.T.);
#1542=EDGE_CURVE('',#1207,#1208,#104,.T.);
#1543=EDGE_CURVE('',#1208,#1205,#44,.T.);
#1544=EDGE_CURVE('',#1207,#1202,#45,.T.);
#1545=EDGE_CURVE('',#1201,#1208,#46,.T.);
#1546=EDGE_CURVE('',#1209,#1210,#105,.T.);
#1547=EDGE_CURVE('',#1210,#1211,#47,.T.);
#1548=EDGE_CURVE('',#1211,#1212,#106,.T.);
#1549=EDGE_CURVE('',#1212,#1209,#48,.T.);
#1550=EDGE_CURVE('',#1211,#1206,#49,.T.);
#1551=EDGE_CURVE('',#1205,#1212,#50,.T.);
#1552=EDGE_CURVE('',#1213,#1214,#107,.T.);
#1553=EDGE_CURVE('',#1214,#1215,#51,.T.);
#1554=EDGE_CURVE('',#1215,#1216,#108,.T.);
#1555=EDGE_CURVE('',#1216,#1213,#52,.T.);
#1556=EDGE_CURVE('',#1213,#1210,#53,.T.);
#1557=EDGE_CURVE('',#1209,#1214,#54,.T.);
#1558=EDGE_CURVE('',#1217,#1218,#109,.T.);
#1559=EDGE_CURVE('',#1218,#1219,#55,.T.);
#1560=EDGE_CURVE('',#1219,#1220,#56,.F.);
#1561=EDGE_CURVE('',#1220,#1217,#57,.T.);
#1562=EDGE_CURVE('',#1217,#1216,#58,.T.);
#1563=EDGE_CURVE('',#1215,#1218,#59,.T.);
#1564=EDGE_CURVE('',#1202,#1221,#110,.T.);
#1565=EDGE_CURVE('',#1222,#1221,#111,.T.);
#1566=EDGE_CURVE('',#1222,#1203,#112,.T.);
#1567=EDGE_CURVE('',#1223,#1206,#113,.T.);
#1568=EDGE_CURVE('',#1224,#1223,#965,.T.);
#1569=EDGE_CURVE('',#1221,#1224,#966,.T.);
#1570=EDGE_CURVE('',#1213,#1225,#114,.T.);
#1571=EDGE_CURVE('',#1225,#1226,#967,.T.);
#1572=EDGE_CURVE('',#1226,#1227,#115,.T.);
#1573=EDGE_CURVE('',#1223,#1227,#968,.T.);
#1574=EDGE_CURVE('',#1228,#1217,#116,.T.);
#1575=EDGE_CURVE('',#1229,#1228,#969,.T.);
#1576=EDGE_CURVE('',#1229,#1225,#970,.T.);
#1577=EDGE_CURVE('',#1220,#1230,#117,.T.);
#1578=EDGE_CURVE('',#1230,#1228,#118,.T.);
#1579=EDGE_CURVE('',#1231,#1232,#971,.T.);
#1580=EDGE_CURVE('',#1232,#1231,#972,.T.);
#1581=EDGE_CURVE('',#1231,#1233,#119,.T.);
#1582=EDGE_CURVE('',#1234,#1233,#973,.T.);
#1583=EDGE_CURVE('',#1233,#1234,#974,.T.);
#1584=EDGE_CURVE('',#1235,#1235,#975,.T.);
#1585=EDGE_CURVE('',#1235,#1236,#120,.T.);
#1586=EDGE_CURVE('',#1237,#1236,#60,.T.);
#1587=EDGE_CURVE('',#1236,#1237,#61,.T.);
#1588=EDGE_CURVE('',#1238,#1238,#976,.T.);
#1589=EDGE_CURVE('',#1239,#1239,#977,.T.);
#1590=EDGE_CURVE('',#1239,#1168,#121,.T.);
#1591=EDGE_CURVE('',#1240,#1241,#122,.T.);
#1592=EDGE_CURVE('',#1241,#1242,#978,.T.);
#1593=EDGE_CURVE('',#1242,#1243,#979,.T.);
#1594=EDGE_CURVE('',#1244,#1243,#980,.T.);
#1595=EDGE_CURVE('',#1244,#1245,#123,.T.);
#1596=EDGE_CURVE('',#1245,#1240,#124,.T.);
#1597=EDGE_CURVE('',#1246,#1247,#125,.T.);
#1598=EDGE_CURVE('',#1241,#1247,#126,.T.);
#1599=EDGE_CURVE('',#1240,#1246,#127,.T.);
#1600=EDGE_CURVE('',#1248,#1249,#981,.T.);
#1601=EDGE_CURVE('',#1247,#1248,#982,.T.);
#1602=EDGE_CURVE('',#1250,#1246,#128,.T.);
#1603=EDGE_CURVE('',#1251,#1250,#129,.T.);
#1604=EDGE_CURVE('',#1249,#1251,#983,.T.);
#1605=EDGE_CURVE('',#1252,#1253,#130,.T.);
#1606=EDGE_CURVE('',#1253,#1254,#984,.T.);
#1607=EDGE_CURVE('',#1255,#1254,#985,.T.);
#1608=EDGE_CURVE('',#1255,#1256,#986,.T.);
#1609=EDGE_CURVE('',#1256,#1257,#131,.T.);
#1610=EDGE_CURVE('',#1257,#1252,#132,.T.);
#1611=EDGE_CURVE('',#1258,#1259,#987,.T.);
#1612=EDGE_CURVE('',#1260,#1258,#988,.T.);
#1613=EDGE_CURVE('',#1261,#1260,#989,.T.);
#1614=EDGE_CURVE('',#1262,#1261,#133,.T.);
#1615=EDGE_CURVE('',#1263,#1262,#134,.T.);
#1616=EDGE_CURVE('',#1259,#1263,#135,.T.);
#1617=EDGE_CURVE('',#1264,#1265,#990,.T.);
#1618=EDGE_CURVE('',#1266,#1264,#991,.T.);
#1619=EDGE_CURVE('',#1267,#1266,#992,.T.);
#1620=EDGE_CURVE('',#1268,#1267,#136,.T.);
#1621=EDGE_CURVE('',#1269,#1268,#137,.T.);
#1622=EDGE_CURVE('',#1265,#1269,#138,.T.);
#1623=EDGE_CURVE('',#1270,#1271,#993,.T.);
#1624=EDGE_CURVE('',#1272,#1270,#994,.T.);
#1625=EDGE_CURVE('',#1273,#1272,#995,.T.);
#1626=EDGE_CURVE('',#1274,#1273,#139,.T.);
#1627=EDGE_CURVE('',#1275,#1274,#140,.T.);
#1628=EDGE_CURVE('',#1271,#1275,#141,.T.);
#1629=EDGE_CURVE('',#1276,#1277,#996,.T.);
#1630=EDGE_CURVE('',#1278,#1276,#997,.T.);
#1631=EDGE_CURVE('',#1279,#1278,#998,.T.);
#1632=EDGE_CURVE('',#1280,#1279,#142,.T.);
#1633=EDGE_CURVE('',#1281,#1280,#143,.T.);
#1634=EDGE_CURVE('',#1277,#1281,#144,.T.);
#1635=EDGE_CURVE('',#1282,#1283,#999,.T.);
#1636=EDGE_CURVE('',#1284,#1282,#1000,.T.);
#1637=EDGE_CURVE('',#1285,#1284,#1001,.T.);
#1638=EDGE_CURVE('',#1286,#1285,#145,.T.);
#1639=EDGE_CURVE('',#1287,#1286,#146,.T.);
#1640=EDGE_CURVE('',#1283,#1287,#147,.T.);
#1641=EDGE_CURVE('',#1288,#1289,#1002,.T.);
#1642=EDGE_CURVE('',#1290,#1288,#1003,.T.);
#1643=EDGE_CURVE('',#1291,#1290,#1004,.T.);
#1644=EDGE_CURVE('',#1292,#1291,#148,.T.);
#1645=EDGE_CURVE('',#1293,#1292,#149,.T.);
#1646=EDGE_CURVE('',#1289,#1293,#150,.T.);
#1647=EDGE_CURVE('',#1294,#1295,#1005,.T.);
#1648=EDGE_CURVE('',#1296,#1294,#1006,.T.);
#1649=EDGE_CURVE('',#1297,#1296,#1007,.T.);
#1650=EDGE_CURVE('',#1298,#1297,#151,.T.);
#1651=EDGE_CURVE('',#1299,#1298,#152,.T.);
#1652=EDGE_CURVE('',#1295,#1299,#153,.T.);
#1653=EDGE_CURVE('',#1300,#1301,#1008,.T.);
#1654=EDGE_CURVE('',#1302,#1300,#1009,.T.);
#1655=EDGE_CURVE('',#1303,#1302,#1010,.T.);
#1656=EDGE_CURVE('',#1304,#1303,#154,.T.);
#1657=EDGE_CURVE('',#1305,#1304,#155,.T.);
#1658=EDGE_CURVE('',#1301,#1305,#156,.T.);
#1659=EDGE_CURVE('',#1306,#1307,#1011,.T.);
#1660=EDGE_CURVE('',#1308,#1306,#1012,.T.);
#1661=EDGE_CURVE('',#1309,#1308,#1013,.T.);
#1662=EDGE_CURVE('',#1310,#1309,#157,.T.);
#1663=EDGE_CURVE('',#1311,#1310,#158,.T.);
#1664=EDGE_CURVE('',#1307,#1311,#159,.T.);
#1665=EDGE_CURVE('',#1312,#1313,#1014,.T.);
#1666=EDGE_CURVE('',#1314,#1312,#1015,.T.);
#1667=EDGE_CURVE('',#1315,#1314,#1016,.T.);
#1668=EDGE_CURVE('',#1316,#1315,#160,.T.);
#1669=EDGE_CURVE('',#1317,#1316,#161,.T.);
#1670=EDGE_CURVE('',#1313,#1317,#162,.T.);
#1671=EDGE_CURVE('',#1318,#1319,#1017,.T.);
#1672=EDGE_CURVE('',#1320,#1318,#1018,.T.);
#1673=EDGE_CURVE('',#1321,#1320,#1019,.T.);
#1674=EDGE_CURVE('',#1322,#1321,#1020,.T.);
#1675=EDGE_CURVE('',#1323,#1322,#163,.T.);
#1676=EDGE_CURVE('',#1324,#1323,#164,.T.);
#1677=EDGE_CURVE('',#1319,#1324,#165,.T.);
#1678=EDGE_CURVE('',#1325,#1326,#1021,.T.);
#1679=EDGE_CURVE('',#1327,#1325,#1022,.T.);
#1680=EDGE_CURVE('',#1328,#1327,#1023,.T.);
#1681=EDGE_CURVE('',#1329,#1328,#166,.T.);
#1682=EDGE_CURVE('',#1330,#1329,#167,.T.);
#1683=EDGE_CURVE('',#1326,#1330,#168,.T.);
#1684=EDGE_CURVE('',#1199,#1224,#1024,.T.);
#1685=EDGE_CURVE('',#1200,#1222,#169,.T.);
#1686=EDGE_CURVE('',#1331,#1332,#1025,.T.);
#1687=EDGE_CURVE('',#1332,#1333,#1026,.T.);
#1688=EDGE_CURVE('',#1333,#1334,#170,.T.);
#1689=EDGE_CURVE('',#1335,#1334,#171,.T.);
#1690=EDGE_CURVE('',#1335,#1336,#172,.T.);
#1691=EDGE_CURVE('',#1336,#1331,#1027,.T.);
#1692=EDGE_CURVE('',#1337,#1338,#1028,.T.);
#1693=EDGE_CURVE('',#1337,#1339,#173,.T.);
#1694=EDGE_CURVE('',#1339,#1340,#174,.T.);
#1695=EDGE_CURVE('',#1340,#1341,#175,.T.);
#1696=EDGE_CURVE('',#1341,#1342,#1029,.T.);
#1697=EDGE_CURVE('',#1342,#1338,#1030,.T.);
#1698=EDGE_CURVE('',#1343,#1344,#1031,.T.);
#1699=EDGE_CURVE('',#1343,#1345,#176,.T.);
#1700=EDGE_CURVE('',#1345,#1346,#177,.T.);
#1701=EDGE_CURVE('',#1346,#1347,#178,.T.);
#1702=EDGE_CURVE('',#1347,#1348,#1032,.T.);
#1703=EDGE_CURVE('',#1348,#1344,#1033,.T.);
#1704=EDGE_CURVE('',#1349,#1350,#1034,.T.);
#1705=EDGE_CURVE('',#1349,#1351,#179,.T.);
#1706=EDGE_CURVE('',#1351,#1352,#180,.T.);
#1707=EDGE_CURVE('',#1352,#1353,#181,.T.);
#1708=EDGE_CURVE('',#1353,#1354,#1035,.T.);
#1709=EDGE_CURVE('',#1354,#1350,#1036,.T.);
#1710=EDGE_CURVE('',#1355,#1356,#1037,.T.);
#1711=EDGE_CURVE('',#1355,#1357,#182,.T.);
#1712=EDGE_CURVE('',#1357,#1358,#183,.T.);
#1713=EDGE_CURVE('',#1358,#1359,#184,.T.);
#1714=EDGE_CURVE('',#1359,#1360,#1038,.T.);
#1715=EDGE_CURVE('',#1360,#1356,#1039,.T.);
#1716=EDGE_CURVE('',#1361,#1362,#1040,.T.);
#1717=EDGE_CURVE('',#1361,#1363,#185,.T.);
#1718=EDGE_CURVE('',#1363,#1364,#186,.T.);
#1719=EDGE_CURVE('',#1364,#1365,#187,.T.);
#1720=EDGE_CURVE('',#1365,#1366,#1041,.T.);
#1721=EDGE_CURVE('',#1366,#1362,#1042,.T.);
#1722=EDGE_CURVE('',#1367,#1368,#1043,.T.);
#1723=EDGE_CURVE('',#1367,#1369,#188,.T.);
#1724=EDGE_CURVE('',#1369,#1370,#189,.T.);
#1725=EDGE_CURVE('',#1370,#1371,#190,.T.);
#1726=EDGE_CURVE('',#1371,#1372,#1044,.T.);
#1727=EDGE_CURVE('',#1372,#1368,#1045,.T.);
#1728=EDGE_CURVE('',#1373,#1374,#1046,.T.);
#1729=EDGE_CURVE('',#1373,#1375,#191,.T.);
#1730=EDGE_CURVE('',#1375,#1376,#192,.T.);
#1731=EDGE_CURVE('',#1376,#1377,#193,.T.);
#1732=EDGE_CURVE('',#1377,#1378,#1047,.T.);
#1733=EDGE_CURVE('',#1378,#1374,#1048,.T.);
#1734=EDGE_CURVE('',#1379,#1380,#1049,.T.);
#1735=EDGE_CURVE('',#1379,#1381,#194,.T.);
#1736=EDGE_CURVE('',#1381,#1382,#195,.T.);
#1737=EDGE_CURVE('',#1382,#1383,#196,.T.);
#1738=EDGE_CURVE('',#1383,#1384,#1050,.T.);
#1739=EDGE_CURVE('',#1384,#1380,#1051,.T.);
#1740=EDGE_CURVE('',#1385,#1386,#1052,.T.);
#1741=EDGE_CURVE('',#1385,#1387,#197,.T.);
#1742=EDGE_CURVE('',#1387,#1388,#198,.T.);
#1743=EDGE_CURVE('',#1388,#1389,#199,.T.);
#1744=EDGE_CURVE('',#1389,#1390,#1053,.T.);
#1745=EDGE_CURVE('',#1390,#1386,#1054,.T.);
#1746=EDGE_CURVE('',#1391,#1392,#1055,.T.);
#1747=EDGE_CURVE('',#1391,#1393,#200,.T.);
#1748=EDGE_CURVE('',#1393,#1394,#201,.T.);
#1749=EDGE_CURVE('',#1394,#1395,#202,.T.);
#1750=EDGE_CURVE('',#1395,#1396,#1056,.T.);
#1751=EDGE_CURVE('',#1396,#1392,#1057,.T.);
#1752=EDGE_CURVE('',#1397,#1398,#1058,.T.);
#1753=EDGE_CURVE('',#1397,#1399,#203,.T.);
#1754=EDGE_CURVE('',#1399,#1400,#204,.T.);
#1755=EDGE_CURVE('',#1400,#1401,#205,.T.);
#1756=EDGE_CURVE('',#1401,#1402,#1059,.T.);
#1757=EDGE_CURVE('',#1402,#1403,#1060,.T.);
#1758=EDGE_CURVE('',#1403,#1398,#1061,.T.);
#1759=EDGE_CURVE('',#1404,#1405,#1062,.T.);
#1760=EDGE_CURVE('',#1404,#1406,#206,.T.);
#1761=EDGE_CURVE('',#1406,#1407,#207,.T.);
#1762=EDGE_CURVE('',#1407,#1408,#208,.T.);
#1763=EDGE_CURVE('',#1408,#1409,#1063,.T.);
#1764=EDGE_CURVE('',#1409,#1405,#1064,.T.);
#1765=EDGE_CURVE('',#1194,#1229,#1065,.T.);
#1766=EDGE_CURVE('',#1230,#1192,#209,.T.);
#1767=EDGE_CURVE('',#1227,#1248,#1066,.T.);
#1768=EDGE_CURVE('',#1226,#1242,#1067,.T.);
#1769=EDGE_CURVE('',#1410,#1411,#210,.T.);
#1770=EDGE_CURVE('',#1249,#1411,#1068,.T.);
#1771=EDGE_CURVE('',#1244,#1251,#211,.T.);
#1772=EDGE_CURVE('',#1243,#1410,#1069,.T.);
#1773=EDGE_CURVE('',#1245,#1250,#212,.T.);
#1774=EDGE_CURVE('',#1340,#1262,#213,.T.);
#1775=EDGE_CURVE('',#1341,#1261,#214,.T.);
#1776=EDGE_CURVE('',#1412,#1260,#1070,.T.);
#1777=EDGE_CURVE('',#1413,#1412,#215,.T.);
#1778=EDGE_CURVE('',#1413,#1342,#1071,.T.);
#1779=EDGE_CURVE('',#1414,#1415,#216,.T.);
#1780=EDGE_CURVE('',#1258,#1415,#1072,.T.);
#1781=EDGE_CURVE('',#1337,#1259,#217,.T.);
#1782=EDGE_CURVE('',#1338,#1414,#1073,.T.);
#1783=EDGE_CURVE('',#1339,#1263,#218,.T.);
#1784=EDGE_CURVE('',#1346,#1268,#219,.T.);
#1785=EDGE_CURVE('',#1347,#1267,#220,.T.);
#1786=EDGE_CURVE('',#1416,#1266,#1074,.T.);
#1787=EDGE_CURVE('',#1417,#1416,#221,.T.);
#1788=EDGE_CURVE('',#1417,#1348,#1075,.T.);
#1789=EDGE_CURVE('',#1418,#1419,#222,.T.);
#1790=EDGE_CURVE('',#1264,#1419,#1076,.T.);
#1791=EDGE_CURVE('',#1343,#1265,#223,.T.);
#1792=EDGE_CURVE('',#1344,#1418,#1077,.T.);
#1793=EDGE_CURVE('',#1345,#1269,#224,.T.);
#1794=EDGE_CURVE('',#1352,#1274,#225,.T.);
#1795=EDGE_CURVE('',#1353,#1273,#226,.T.);
#1796=EDGE_CURVE('',#1420,#1272,#1078,.T.);
#1797=EDGE_CURVE('',#1421,#1420,#227,.T.);
#1798=EDGE_CURVE('',#1421,#1354,#1079,.T.);
#1799=EDGE_CURVE('',#1422,#1423,#228,.T.);
#1800=EDGE_CURVE('',#1270,#1423,#1080,.T.);
#1801=EDGE_CURVE('',#1349,#1271,#229,.T.);
#1802=EDGE_CURVE('',#1350,#1422,#1081,.T.);
#1803=EDGE_CURVE('',#1351,#1275,#230,.T.);
#1804=EDGE_CURVE('',#1358,#1280,#231,.T.);
#1805=EDGE_CURVE('',#1359,#1279,#232,.T.);
#1806=EDGE_CURVE('',#1424,#1278,#1082,.T.);
#1807=EDGE_CURVE('',#1425,#1424,#233,.T.);
#1808=EDGE_CURVE('',#1425,#1360,#1083,.T.);
#1809=EDGE_CURVE('',#1426,#1427,#234,.T.);
#1810=EDGE_CURVE('',#1276,#1427,#1084,.T.);
#1811=EDGE_CURVE('',#1355,#1277,#235,.T.);
#1812=EDGE_CURVE('',#1356,#1426,#1085,.T.);
#1813=EDGE_CURVE('',#1357,#1281,#236,.T.);
#1814=EDGE_CURVE('',#1364,#1286,#237,.T.);
#1815=EDGE_CURVE('',#1365,#1285,#238,.T.);
#1816=EDGE_CURVE('',#1428,#1284,#1086,.T.);
#1817=EDGE_CURVE('',#1429,#1428,#239,.T.);
#1818=EDGE_CURVE('',#1429,#1366,#1087,.T.);
#1819=EDGE_CURVE('',#1430,#1431,#240,.T.);
#1820=EDGE_CURVE('',#1282,#1431,#1088,.T.);
#1821=EDGE_CURVE('',#1361,#1283,#241,.T.);
#1822=EDGE_CURVE('',#1362,#1430,#1089,.T.);
#1823=EDGE_CURVE('',#1363,#1287,#242,.T.);
#1824=EDGE_CURVE('',#1370,#1292,#243,.T.);
#1825=EDGE_CURVE('',#1371,#1291,#244,.T.);
#1826=EDGE_CURVE('',#1432,#1290,#1090,.T.);
#1827=EDGE_CURVE('',#1433,#1432,#245,.T.);
#1828=EDGE_CURVE('',#1433,#1372,#1091,.T.);
#1829=EDGE_CURVE('',#1434,#1435,#246,.T.);
#1830=EDGE_CURVE('',#1288,#1435,#1092,.T.);
#1831=EDGE_CURVE('',#1367,#1289,#247,.T.);
#1832=EDGE_CURVE('',#1368,#1434,#1093,.T.);
#1833=EDGE_CURVE('',#1369,#1293,#248,.T.);
#1834=EDGE_CURVE('',#1376,#1298,#249,.T.);
#1835=EDGE_CURVE('',#1377,#1297,#250,.T.);
#1836=EDGE_CURVE('',#1436,#1296,#1094,.T.);
#1837=EDGE_CURVE('',#1437,#1436,#251,.T.);
#1838=EDGE_CURVE('',#1437,#1378,#1095,.T.);
#1839=EDGE_CURVE('',#1438,#1439,#252,.T.);
#1840=EDGE_CURVE('',#1294,#1439,#1096,.T.);
#1841=EDGE_CURVE('',#1373,#1295,#253,.T.);
#1842=EDGE_CURVE('',#1374,#1438,#1097,.T.);
#1843=EDGE_CURVE('',#1375,#1299,#254,.T.);
#1844=EDGE_CURVE('',#1382,#1304,#255,.T.);
#1845=EDGE_CURVE('',#1383,#1303,#256,.T.);
#1846=EDGE_CURVE('',#1440,#1441,#257,.T.);
#1847=EDGE_CURVE('',#1300,#1441,#1098,.T.);
#1848=EDGE_CURVE('',#1379,#1301,#258,.T.);
#1849=EDGE_CURVE('',#1380,#1440,#1099,.T.);
#1850=EDGE_CURVE('',#1381,#1305,#259,.T.);
#1851=EDGE_CURVE('',#1388,#1310,#260,.T.);
#1852=EDGE_CURVE('',#1389,#1309,#261,.T.);
#1853=EDGE_CURVE('',#1442,#1443,#262,.T.);
#1854=EDGE_CURVE('',#1306,#1443,#1100,.T.);
#1855=EDGE_CURVE('',#1385,#1307,#263,.T.);
#1856=EDGE_CURVE('',#1386,#1442,#1101,.T.);
#1857=EDGE_CURVE('',#1387,#1311,#264,.T.);
#1858=EDGE_CURVE('',#1394,#1316,#265,.T.);
#1859=EDGE_CURVE('',#1395,#1315,#266,.T.);
#1860=EDGE_CURVE('',#1444,#1445,#267,.T.);
#1861=EDGE_CURVE('',#1312,#1445,#1102,.T.);
#1862=EDGE_CURVE('',#1391,#1313,#268,.T.);
#1863=EDGE_CURVE('',#1392,#1444,#1103,.T.);
#1864=EDGE_CURVE('',#1393,#1317,#269,.T.);
#1865=EDGE_CURVE('',#1400,#1323,#270,.T.);
#1866=EDGE_CURVE('',#1401,#1322,#271,.T.);
#1867=EDGE_CURVE('',#1397,#1319,#272,.T.);
#1868=EDGE_CURVE('',#1399,#1324,#273,.T.);
#1869=EDGE_CURVE('',#1407,#1329,#274,.T.);
#1870=EDGE_CURVE('',#1408,#1328,#275,.T.);
#1871=EDGE_CURVE('',#1446,#1327,#1104,.T.);
#1872=EDGE_CURVE('',#1447,#1446,#276,.T.);
#1873=EDGE_CURVE('',#1447,#1409,#1105,.T.);
#1874=EDGE_CURVE('',#1404,#1326,#277,.T.);
#1875=EDGE_CURVE('',#1406,#1330,#278,.T.);
#1876=EDGE_CURVE('',#1256,#1336,#279,.T.);
#1877=EDGE_CURVE('',#1448,#1255,#1106,.T.);
#1878=EDGE_CURVE('',#1449,#1448,#280,.T.);
#1879=EDGE_CURVE('',#1449,#1331,#1107,.T.);
#1880=EDGE_CURVE('',#1450,#1451,#281,.T.);
#1881=EDGE_CURVE('',#1450,#1449,#1108,.T.);
#1882=EDGE_CURVE('',#1451,#1448,#1109,.T.);
#1883=EDGE_CURVE('',#1257,#1335,#282,.T.);
#1884=EDGE_CURVE('',#1252,#1334,#283,.T.);
#1885=EDGE_CURVE('',#1333,#1253,#284,.T.);
#1886=EDGE_CURVE('',#1452,#1453,#285,.T.);
#1887=EDGE_CURVE('',#1452,#1447,#1110,.T.);
#1888=EDGE_CURVE('',#1453,#1446,#1111,.T.);
#1889=EDGE_CURVE('',#1444,#1454,#1112,.T.);
#1890=EDGE_CURVE('',#1454,#1455,#286,.T.);
#1891=EDGE_CURVE('',#1445,#1455,#1113,.T.);
#1892=EDGE_CURVE('',#1442,#1456,#1114,.T.);
#1893=EDGE_CURVE('',#1456,#1457,#287,.T.);
#1894=EDGE_CURVE('',#1443,#1457,#1115,.T.);
#1895=EDGE_CURVE('',#1440,#1458,#1116,.T.);
#1896=EDGE_CURVE('',#1458,#1459,#288,.T.);
#1897=EDGE_CURVE('',#1441,#1459,#1117,.T.);
#1898=EDGE_CURVE('',#1438,#1460,#1118,.T.);
#1899=EDGE_CURVE('',#1460,#1461,#289,.T.);
#1900=EDGE_CURVE('',#1439,#1461,#1119,.T.);
#1901=EDGE_CURVE('',#1434,#1437,#1120,.T.);
#1902=EDGE_CURVE('',#1435,#1436,#1121,.T.);
#1903=EDGE_CURVE('',#1430,#1433,#1122,.T.);
#1904=EDGE_CURVE('',#1431,#1432,#1123,.T.);
#1905=EDGE_CURVE('',#1426,#1429,#1124,.T.);
#1906=EDGE_CURVE('',#1427,#1428,#1125,.T.);
#1907=EDGE_CURVE('',#1422,#1425,#1126,.T.);
#1908=EDGE_CURVE('',#1423,#1424,#1127,.T.);
#1909=EDGE_CURVE('',#1418,#1421,#1128,.T.);
#1910=EDGE_CURVE('',#1419,#1420,#1129,.T.);
#1911=EDGE_CURVE('',#1414,#1417,#1130,.T.);
#1912=EDGE_CURVE('',#1415,#1416,#1131,.T.);
#1913=EDGE_CURVE('',#1410,#1413,#1132,.T.);
#1914=EDGE_CURVE('',#1411,#1412,#1133,.T.);
#1915=EDGE_CURVE('',#1189,#1462,#1134,.T.);
#1916=EDGE_CURVE('',#1462,#1204,#1135,.T.);
#1917=EDGE_CURVE('',#1332,#1197,#1136,.T.);
#1918=EDGE_CURVE('',#1254,#1196,#1137,.T.);
#1919=EDGE_CURVE('',#1405,#1450,#1138,.T.);
#1920=EDGE_CURVE('',#1325,#1451,#1139,.T.);
#1921=EDGE_CURVE('',#1398,#1452,#1140,.T.);
#1922=EDGE_CURVE('',#1318,#1453,#1141,.T.);
#1923=EDGE_CURVE('',#1454,#1402,#1142,.T.);
#1924=EDGE_CURVE('',#1455,#1321,#1143,.T.);
#1925=EDGE_CURVE('',#1457,#1314,#1144,.T.);
#1926=EDGE_CURVE('',#1456,#1396,#1145,.T.);
#1927=EDGE_CURVE('',#1459,#1308,#1146,.T.);
#1928=EDGE_CURVE('',#1458,#1390,#1147,.T.);
#1929=EDGE_CURVE('',#1461,#1302,#1148,.T.);
#1930=EDGE_CURVE('',#1460,#1384,#1149,.T.);
#1931=EDGE_CURVE('',#1463,#1464,#1150,.T.);
#1932=EDGE_CURVE('',#1464,#1463,#1151,.T.);
#1933=EDGE_CURVE('',#1463,#1403,#290,.T.);
#1934=EDGE_CURVE('',#1464,#1239,#1152,.T.);
#1935=EDGE_CURVE('',#1465,#1466,#1153,.T.);
#1936=EDGE_CURVE('',#1466,#1465,#1154,.T.);
#1937=EDGE_CURVE('',#1466,#1238,#291,.T.);
#1938=EDGE_CURVE('',#1232,#1320,#292,.T.);
#1939=EDGE_CURVE('',#1219,#1174,#1155,.T.);
#1940=EDGE_CURVE('',#1462,#1467,#293,.T.);
#1941=EDGE_CURVE('',#1467,#1467,#1156,.T.);
#1942=EDGE_CURVE('',#1468,#1469,#294,.T.);
#1943=EDGE_CURVE('',#1468,#1470,#295,.T.);
#1944=EDGE_CURVE('',#1470,#1471,#296,.T.);
#1945=EDGE_CURVE('',#1471,#1469,#297,.T.);
#1946=EDGE_CURVE('',#1472,#1468,#298,.T.);
#1947=EDGE_CURVE('',#1473,#1472,#299,.T.);
#1948=EDGE_CURVE('',#1470,#1473,#300,.T.);
#1949=EDGE_CURVE('',#1469,#1474,#301,.T.);
#1950=EDGE_CURVE('',#1472,#1474,#302,.T.);
#1951=EDGE_CURVE('',#1475,#1473,#303,.T.);
#1952=EDGE_CURVE('',#1471,#1475,#304,.T.);
#1953=EDGE_CURVE('',#1474,#1475,#305,.T.);
#1954=EDGE_CURVE('',#1476,#1477,#1157,.T.);
#1955=EDGE_CURVE('',#1477,#1476,#1158,.T.);
#1956=EDGE_CURVE('',#1477,#1465,#306,.T.);
#1957=EDGE_CURVE('',#1478,#1478,#1159,.T.);
#1958=EDGE_CURVE('',#1478,#1234,#307,.T.);
#1959=EDGE_CURVE('',#1479,#1479,#1160,.T.);
#1960=EDGE_CURVE('',#1479,#1480,#308,.T.);
#1961=EDGE_CURVE('',#1480,#1480,#1161,.T.);
#1962=EDGE_CURVE('',#1481,#1481,#1162,.T.);
#1963=EDGE_CURVE('',#1481,#1482,#309,.T.);
#1964=EDGE_CURVE('',#1482,#1482,#1163,.T.);
#1965=ORIENTED_EDGE('',*,*,#1483,.T.);
#1966=ORIENTED_EDGE('',*,*,#1484,.T.);
#1967=ORIENTED_EDGE('',*,*,#1485,.F.);
#1968=ORIENTED_EDGE('',*,*,#1486,.F.);
#1969=ORIENTED_EDGE('',*,*,#1486,.T.);
#1970=ORIENTED_EDGE('',*,*,#1487,.T.);
#1971=ORIENTED_EDGE('',*,*,#1484,.F.);
#1972=ORIENTED_EDGE('',*,*,#1487,.F.);
#1973=ORIENTED_EDGE('',*,*,#1483,.F.);
#1974=ORIENTED_EDGE('',*,*,#1488,.T.);
#1975=ORIENTED_EDGE('',*,*,#1485,.T.);
#1976=ORIENTED_EDGE('',*,*,#1488,.F.);
#1977=ORIENTED_EDGE('',*,*,#1489,.F.);
#1978=ORIENTED_EDGE('',*,*,#1490,.F.);
#1979=ORIENTED_EDGE('',*,*,#1491,.T.);
#1980=ORIENTED_EDGE('',*,*,#1492,.F.);
#1981=ORIENTED_EDGE('',*,*,#1491,.F.);
#1982=ORIENTED_EDGE('',*,*,#1493,.T.);
#1983=ORIENTED_EDGE('',*,*,#1494,.T.);
#1984=ORIENTED_EDGE('',*,*,#1495,.T.);
#1985=ORIENTED_EDGE('',*,*,#1496,.T.);
#1986=ORIENTED_EDGE('',*,*,#1497,.T.);
#1987=ORIENTED_EDGE('',*,*,#1498,.T.);
#1988=ORIENTED_EDGE('',*,*,#1499,.T.);
#1989=ORIENTED_EDGE('',*,*,#1500,.T.);
#1990=ORIENTED_EDGE('',*,*,#1499,.F.);
#1991=ORIENTED_EDGE('',*,*,#1501,.T.);
#1992=ORIENTED_EDGE('',*,*,#1493,.F.);
#1993=ORIENTED_EDGE('',*,*,#1502,.T.);
#1994=ORIENTED_EDGE('',*,*,#1503,.T.);
#1995=ORIENTED_EDGE('',*,*,#1504,.T.);
#1996=ORIENTED_EDGE('',*,*,#1505,.T.);
#1997=ORIENTED_EDGE('',*,*,#1506,.T.);
#1998=ORIENTED_EDGE('',*,*,#1505,.F.);
#1999=ORIENTED_EDGE('',*,*,#1507,.T.);
#2000=ORIENTED_EDGE('',*,*,#1497,.F.);
#2001=ORIENTED_EDGE('',*,*,#1508,.T.);
#2002=ORIENTED_EDGE('',*,*,#1509,.T.);
#2003=ORIENTED_EDGE('',*,*,#1510,.T.);
#2004=ORIENTED_EDGE('',*,*,#1511,.T.);
#2005=ORIENTED_EDGE('',*,*,#1512,.T.);
#2006=ORIENTED_EDGE('',*,*,#1509,.F.);
#2007=ORIENTED_EDGE('',*,*,#1513,.T.);
#2008=ORIENTED_EDGE('',*,*,#1503,.F.);
#2009=ORIENTED_EDGE('',*,*,#1514,.T.);
#2010=ORIENTED_EDGE('',*,*,#1515,.T.);
#2011=ORIENTED_EDGE('',*,*,#1516,.T.);
#2012=ORIENTED_EDGE('',*,*,#1517,.T.);
#2013=ORIENTED_EDGE('',*,*,#1518,.T.);
#2014=ORIENTED_EDGE('',*,*,#1515,.F.);
#2015=ORIENTED_EDGE('',*,*,#1519,.T.);
#2016=ORIENTED_EDGE('',*,*,#1511,.F.);
#2017=ORIENTED_EDGE('',*,*,#1520,.T.);
#2018=ORIENTED_EDGE('',*,*,#1494,.F.);
#2019=ORIENTED_EDGE('',*,*,#1521,.T.);
#2020=ORIENTED_EDGE('',*,*,#1522,.F.);
#2021=ORIENTED_EDGE('',*,*,#1523,.F.);
#2022=ORIENTED_EDGE('',*,*,#1501,.F.);
#2023=ORIENTED_EDGE('',*,*,#1498,.F.);
#2024=ORIENTED_EDGE('',*,*,#1524,.F.);
#2025=ORIENTED_EDGE('',*,*,#1525,.T.);
#2026=ORIENTED_EDGE('',*,*,#1526,.F.);
#2027=ORIENTED_EDGE('',*,*,#1521,.F.);
#2028=ORIENTED_EDGE('',*,*,#1507,.F.);
#2029=ORIENTED_EDGE('',*,*,#1504,.F.);
#2030=ORIENTED_EDGE('',*,*,#1513,.F.);
#2031=ORIENTED_EDGE('',*,*,#1527,.T.);
#2032=ORIENTED_EDGE('',*,*,#1528,.F.);
#2033=ORIENTED_EDGE('',*,*,#1529,.T.);
#2034=ORIENTED_EDGE('',*,*,#1530,.T.);
#2035=ORIENTED_EDGE('',*,*,#1524,.T.);
#2036=ORIENTED_EDGE('',*,*,#1512,.F.);
#2037=ORIENTED_EDGE('',*,*,#1519,.F.);
#2038=ORIENTED_EDGE('',*,*,#1531,.F.);
#2039=ORIENTED_EDGE('',*,*,#1532,.F.);
#2040=ORIENTED_EDGE('',*,*,#1533,.F.);
#2041=ORIENTED_EDGE('',*,*,#1527,.F.);
#2042=ORIENTED_EDGE('',*,*,#1518,.F.);
#2043=ORIENTED_EDGE('',*,*,#1534,.F.);
#2044=ORIENTED_EDGE('',*,*,#1535,.F.);
#2045=ORIENTED_EDGE('',*,*,#1531,.T.);
#2046=ORIENTED_EDGE('',*,*,#1536,.T.);
#2047=ORIENTED_EDGE('',*,*,#1537,.T.);
#2048=ORIENTED_EDGE('',*,*,#1538,.T.);
#2049=ORIENTED_EDGE('',*,*,#1539,.T.);
#2050=ORIENTED_EDGE('',*,*,#1540,.T.);
#2051=ORIENTED_EDGE('',*,*,#1541,.T.);
#2052=ORIENTED_EDGE('',*,*,#1542,.T.);
#2053=ORIENTED_EDGE('',*,*,#1543,.T.);
#2054=ORIENTED_EDGE('',*,*,#1542,.F.);
#2055=ORIENTED_EDGE('',*,*,#1544,.T.);
#2056=ORIENTED_EDGE('',*,*,#1536,.F.);
#2057=ORIENTED_EDGE('',*,*,#1545,.T.);
#2058=ORIENTED_EDGE('',*,*,#1546,.T.);
#2059=ORIENTED_EDGE('',*,*,#1547,.T.);
#2060=ORIENTED_EDGE('',*,*,#1548,.T.);
#2061=ORIENTED_EDGE('',*,*,#1549,.T.);
#2062=ORIENTED_EDGE('',*,*,#1548,.F.);
#2063=ORIENTED_EDGE('',*,*,#1550,.T.);
#2064=ORIENTED_EDGE('',*,*,#1540,.F.);
#2065=ORIENTED_EDGE('',*,*,#1551,.T.);
#2066=ORIENTED_EDGE('',*,*,#1552,.T.);
#2067=ORIENTED_EDGE('',*,*,#1553,.T.);
#2068=ORIENTED_EDGE('',*,*,#1554,.T.);
#2069=ORIENTED_EDGE('',*,*,#1555,.T.);
#2070=ORIENTED_EDGE('',*,*,#1552,.F.);
#2071=ORIENTED_EDGE('',*,*,#1556,.T.);
#2072=ORIENTED_EDGE('',*,*,#1546,.F.);
#2073=ORIENTED_EDGE('',*,*,#1557,.T.);
#2074=ORIENTED_EDGE('',*,*,#1558,.T.);
#2075=ORIENTED_EDGE('',*,*,#1559,.T.);
#2076=ORIENTED_EDGE('',*,*,#1560,.T.);
#2077=ORIENTED_EDGE('',*,*,#1561,.T.);
#2078=ORIENTED_EDGE('',*,*,#1558,.F.);
#2079=ORIENTED_EDGE('',*,*,#1562,.T.);
#2080=ORIENTED_EDGE('',*,*,#1554,.F.);
#2081=ORIENTED_EDGE('',*,*,#1563,.T.);
#2082=ORIENTED_EDGE('',*,*,#1537,.F.);
#2083=ORIENTED_EDGE('',*,*,#1564,.T.);
#2084=ORIENTED_EDGE('',*,*,#1565,.F.);
#2085=ORIENTED_EDGE('',*,*,#1566,.T.);
#2086=ORIENTED_EDGE('',*,*,#1544,.F.);
#2087=ORIENTED_EDGE('',*,*,#1541,.F.);
#2088=ORIENTED_EDGE('',*,*,#1567,.F.);
#2089=ORIENTED_EDGE('',*,*,#1568,.F.);
#2090=ORIENTED_EDGE('',*,*,#1569,.F.);
#2091=ORIENTED_EDGE('',*,*,#1564,.F.);
#2092=ORIENTED_EDGE('',*,*,#1550,.F.);
#2093=ORIENTED_EDGE('',*,*,#1547,.F.);
#2094=ORIENTED_EDGE('',*,*,#1556,.F.);
#2095=ORIENTED_EDGE('',*,*,#1570,.T.);
#2096=ORIENTED_EDGE('',*,*,#1571,.T.);
#2097=ORIENTED_EDGE('',*,*,#1572,.T.);
#2098=ORIENTED_EDGE('',*,*,#1573,.F.);
#2099=ORIENTED_EDGE('',*,*,#1567,.T.);
#2100=ORIENTED_EDGE('',*,*,#1555,.F.);
#2101=ORIENTED_EDGE('',*,*,#1562,.F.);
#2102=ORIENTED_EDGE('',*,*,#1574,.F.);
#2103=ORIENTED_EDGE('',*,*,#1575,.F.);
#2104=ORIENTED_EDGE('',*,*,#1576,.T.);
#2105=ORIENTED_EDGE('',*,*,#1570,.F.);
#2106=ORIENTED_EDGE('',*,*,#1561,.F.);
#2107=ORIENTED_EDGE('',*,*,#1577,.T.);
#2108=ORIENTED_EDGE('',*,*,#1578,.T.);
#2109=ORIENTED_EDGE('',*,*,#1574,.T.);
#2110=ORIENTED_EDGE('',*,*,#1579,.T.);
#2111=ORIENTED_EDGE('',*,*,#1580,.T.);
#2112=ORIENTED_EDGE('',*,*,#1581,.T.);
#2113=ORIENTED_EDGE('',*,*,#1582,.F.);
#2114=ORIENTED_EDGE('',*,*,#1583,.F.);
#2115=ORIENTED_EDGE('',*,*,#1581,.F.);
#2116=ORIENTED_EDGE('',*,*,#1584,.T.);
#2117=ORIENTED_EDGE('',*,*,#1585,.T.);
#2118=ORIENTED_EDGE('',*,*,#1586,.F.);
#2119=ORIENTED_EDGE('',*,*,#1587,.F.);
#2120=ORIENTED_EDGE('',*,*,#1585,.F.);
#2121=ORIENTED_EDGE('',*,*,#1492,.T.);
#2122=ORIENTED_EDGE('',*,*,#1588,.T.);
#2123=ORIENTED_EDGE('',*,*,#1589,.F.);
#2124=ORIENTED_EDGE('',*,*,#1590,.T.);
#2125=ORIENTED_EDGE('',*,*,#1489,.T.);
#2126=ORIENTED_EDGE('',*,*,#1490,.T.);
#2127=ORIENTED_EDGE('',*,*,#1590,.F.);
#2128=ORIENTED_EDGE('',*,*,#1591,.T.);
#2129=ORIENTED_EDGE('',*,*,#1592,.T.);
#2130=ORIENTED_EDGE('',*,*,#1593,.T.);
#2131=ORIENTED_EDGE('',*,*,#1594,.F.);
#2132=ORIENTED_EDGE('',*,*,#1595,.T.);
#2133=ORIENTED_EDGE('',*,*,#1596,.T.);
#2134=ORIENTED_EDGE('',*,*,#1597,.T.);
#2135=ORIENTED_EDGE('',*,*,#1598,.F.);
#2136=ORIENTED_EDGE('',*,*,#1591,.F.);
#2137=ORIENTED_EDGE('',*,*,#1599,.T.);
#2138=ORIENTED_EDGE('',*,*,#1600,.F.);
#2139=ORIENTED_EDGE('',*,*,#1601,.F.);
#2140=ORIENTED_EDGE('',*,*,#1597,.F.);
#2141=ORIENTED_EDGE('',*,*,#1602,.F.);
#2142=ORIENTED_EDGE('',*,*,#1603,.F.);
#2143=ORIENTED_EDGE('',*,*,#1604,.F.);
#2144=ORIENTED_EDGE('',*,*,#1605,.T.);
#2145=ORIENTED_EDGE('',*,*,#1606,.T.);
#2146=ORIENTED_EDGE('',*,*,#1607,.F.);
#2147=ORIENTED_EDGE('',*,*,#1608,.T.);
#2148=ORIENTED_EDGE('',*,*,#1609,.T.);
#2149=ORIENTED_EDGE('',*,*,#1610,.T.);
#2150=ORIENTED_EDGE('',*,*,#1611,.F.);
#2151=ORIENTED_EDGE('',*,*,#1612,.F.);
#2152=ORIENTED_EDGE('',*,*,#1613,.F.);
#2153=ORIENTED_EDGE('',*,*,#1614,.F.);
#2154=ORIENTED_EDGE('',*,*,#1615,.F.);
#2155=ORIENTED_EDGE('',*,*,#1616,.F.);
#2156=ORIENTED_EDGE('',*,*,#1617,.F.);
#2157=ORIENTED_EDGE('',*,*,#1618,.F.);
#2158=ORIENTED_EDGE('',*,*,#1619,.F.);
#2159=ORIENTED_EDGE('',*,*,#1620,.F.);
#2160=ORIENTED_EDGE('',*,*,#1621,.F.);
#2161=ORIENTED_EDGE('',*,*,#1622,.F.);
#2162=ORIENTED_EDGE('',*,*,#1623,.F.);
#2163=ORIENTED_EDGE('',*,*,#1624,.F.);
#2164=ORIENTED_EDGE('',*,*,#1625,.F.);
#2165=ORIENTED_EDGE('',*,*,#1626,.F.);
#2166=ORIENTED_EDGE('',*,*,#1627,.F.);
#2167=ORIENTED_EDGE('',*,*,#1628,.F.);
#2168=ORIENTED_EDGE('',*,*,#1629,.F.);
#2169=ORIENTED_EDGE('',*,*,#1630,.F.);
#2170=ORIENTED_EDGE('',*,*,#1631,.F.);
#2171=ORIENTED_EDGE('',*,*,#1632,.F.);
#2172=ORIENTED_EDGE('',*,*,#1633,.F.);
#2173=ORIENTED_EDGE('',*,*,#1634,.F.);
#2174=ORIENTED_EDGE('',*,*,#1635,.F.);
#2175=ORIENTED_EDGE('',*,*,#1636,.F.);
#2176=ORIENTED_EDGE('',*,*,#1637,.F.);
#2177=ORIENTED_EDGE('',*,*,#1638,.F.);
#2178=ORIENTED_EDGE('',*,*,#1639,.F.);
#2179=ORIENTED_EDGE('',*,*,#1640,.F.);
#2180=ORIENTED_EDGE('',*,*,#1641,.F.);
#2181=ORIENTED_EDGE('',*,*,#1642,.F.);
#2182=ORIENTED_EDGE('',*,*,#1643,.F.);
#2183=ORIENTED_EDGE('',*,*,#1644,.F.);
#2184=ORIENTED_EDGE('',*,*,#1645,.F.);
#2185=ORIENTED_EDGE('',*,*,#1646,.F.);
#2186=ORIENTED_EDGE('',*,*,#1647,.F.);
#2187=ORIENTED_EDGE('',*,*,#1648,.F.);
#2188=ORIENTED_EDGE('',*,*,#1649,.F.);
#2189=ORIENTED_EDGE('',*,*,#1650,.F.);
#2190=ORIENTED_EDGE('',*,*,#1651,.F.);
#2191=ORIENTED_EDGE('',*,*,#1652,.F.);
#2192=ORIENTED_EDGE('',*,*,#1653,.F.);
#2193=ORIENTED_EDGE('',*,*,#1654,.F.);
#2194=ORIENTED_EDGE('',*,*,#1655,.F.);
#2195=ORIENTED_EDGE('',*,*,#1656,.F.);
#2196=ORIENTED_EDGE('',*,*,#1657,.F.);
#2197=ORIENTED_EDGE('',*,*,#1658,.F.);
#2198=ORIENTED_EDGE('',*,*,#1659,.F.);
#2199=ORIENTED_EDGE('',*,*,#1660,.F.);
#2200=ORIENTED_EDGE('',*,*,#1661,.F.);
#2201=ORIENTED_EDGE('',*,*,#1662,.F.);
#2202=ORIENTED_EDGE('',*,*,#1663,.F.);
#2203=ORIENTED_EDGE('',*,*,#1664,.F.);
#2204=ORIENTED_EDGE('',*,*,#1665,.F.);
#2205=ORIENTED_EDGE('',*,*,#1666,.F.);
#2206=ORIENTED_EDGE('',*,*,#1667,.F.);
#2207=ORIENTED_EDGE('',*,*,#1668,.F.);
#2208=ORIENTED_EDGE('',*,*,#1669,.F.);
#2209=ORIENTED_EDGE('',*,*,#1670,.F.);
#2210=ORIENTED_EDGE('',*,*,#1671,.F.);
#2211=ORIENTED_EDGE('',*,*,#1672,.F.);
#2212=ORIENTED_EDGE('',*,*,#1673,.F.);
#2213=ORIENTED_EDGE('',*,*,#1674,.F.);
#2214=ORIENTED_EDGE('',*,*,#1675,.F.);
#2215=ORIENTED_EDGE('',*,*,#1676,.F.);
#2216=ORIENTED_EDGE('',*,*,#1677,.F.);
#2217=ORIENTED_EDGE('',*,*,#1678,.F.);
#2218=ORIENTED_EDGE('',*,*,#1679,.F.);
#2219=ORIENTED_EDGE('',*,*,#1680,.F.);
#2220=ORIENTED_EDGE('',*,*,#1681,.F.);
#2221=ORIENTED_EDGE('',*,*,#1682,.F.);
#2222=ORIENTED_EDGE('',*,*,#1683,.F.);
#2223=ORIENTED_EDGE('',*,*,#1565,.T.);
#2224=ORIENTED_EDGE('',*,*,#1569,.T.);
#2225=ORIENTED_EDGE('',*,*,#1684,.F.);
#2226=ORIENTED_EDGE('',*,*,#1532,.T.);
#2227=ORIENTED_EDGE('',*,*,#1535,.T.);
#2228=ORIENTED_EDGE('',*,*,#1685,.T.);
#2229=ORIENTED_EDGE('',*,*,#1686,.T.);
#2230=ORIENTED_EDGE('',*,*,#1687,.T.);
#2231=ORIENTED_EDGE('',*,*,#1688,.T.);
#2232=ORIENTED_EDGE('',*,*,#1689,.F.);
#2233=ORIENTED_EDGE('',*,*,#1690,.T.);
#2234=ORIENTED_EDGE('',*,*,#1691,.T.);
#2235=ORIENTED_EDGE('',*,*,#1692,.F.);
#2236=ORIENTED_EDGE('',*,*,#1693,.T.);
#2237=ORIENTED_EDGE('',*,*,#1694,.T.);
#2238=ORIENTED_EDGE('',*,*,#1695,.T.);
#2239=ORIENTED_EDGE('',*,*,#1696,.T.);
#2240=ORIENTED_EDGE('',*,*,#1697,.T.);
#2241=ORIENTED_EDGE('',*,*,#1698,.F.);
#2242=ORIENTED_EDGE('',*,*,#1699,.T.);
#2243=ORIENTED_EDGE('',*,*,#1700,.T.);
#2244=ORIENTED_EDGE('',*,*,#1701,.T.);
#2245=ORIENTED_EDGE('',*,*,#1702,.T.);
#2246=ORIENTED_EDGE('',*,*,#1703,.T.);
#2247=ORIENTED_EDGE('',*,*,#1704,.F.);
#2248=ORIENTED_EDGE('',*,*,#1705,.T.);
#2249=ORIENTED_EDGE('',*,*,#1706,.T.);
#2250=ORIENTED_EDGE('',*,*,#1707,.T.);
#2251=ORIENTED_EDGE('',*,*,#1708,.T.);
#2252=ORIENTED_EDGE('',*,*,#1709,.T.);
#2253=ORIENTED_EDGE('',*,*,#1710,.F.);
#2254=ORIENTED_EDGE('',*,*,#1711,.T.);
#2255=ORIENTED_EDGE('',*,*,#1712,.T.);
#2256=ORIENTED_EDGE('',*,*,#1713,.T.);
#2257=ORIENTED_EDGE('',*,*,#1714,.T.);
#2258=ORIENTED_EDGE('',*,*,#1715,.T.);
#2259=ORIENTED_EDGE('',*,*,#1716,.F.);
#2260=ORIENTED_EDGE('',*,*,#1717,.T.);
#2261=ORIENTED_EDGE('',*,*,#1718,.T.);
#2262=ORIENTED_EDGE('',*,*,#1719,.T.);
#2263=ORIENTED_EDGE('',*,*,#1720,.T.);
#2264=ORIENTED_EDGE('',*,*,#1721,.T.);
#2265=ORIENTED_EDGE('',*,*,#1722,.F.);
#2266=ORIENTED_EDGE('',*,*,#1723,.T.);
#2267=ORIENTED_EDGE('',*,*,#1724,.T.);
#2268=ORIENTED_EDGE('',*,*,#1725,.T.);
#2269=ORIENTED_EDGE('',*,*,#1726,.T.);
#2270=ORIENTED_EDGE('',*,*,#1727,.T.);
#2271=ORIENTED_EDGE('',*,*,#1728,.F.);
#2272=ORIENTED_EDGE('',*,*,#1729,.T.);
#2273=ORIENTED_EDGE('',*,*,#1730,.T.);
#2274=ORIENTED_EDGE('',*,*,#1731,.T.);
#2275=ORIENTED_EDGE('',*,*,#1732,.T.);
#2276=ORIENTED_EDGE('',*,*,#1733,.T.);
#2277=ORIENTED_EDGE('',*,*,#1734,.F.);
#2278=ORIENTED_EDGE('',*,*,#1735,.T.);
#2279=ORIENTED_EDGE('',*,*,#1736,.T.);
#2280=ORIENTED_EDGE('',*,*,#1737,.T.);
#2281=ORIENTED_EDGE('',*,*,#1738,.T.);
#2282=ORIENTED_EDGE('',*,*,#1739,.T.);
#2283=ORIENTED_EDGE('',*,*,#1740,.F.);
#2284=ORIENTED_EDGE('',*,*,#1741,.T.);
#2285=ORIENTED_EDGE('',*,*,#1742,.T.);
#2286=ORIENTED_EDGE('',*,*,#1743,.T.);
#2287=ORIENTED_EDGE('',*,*,#1744,.T.);
#2288=ORIENTED_EDGE('',*,*,#1745,.T.);
#2289=ORIENTED_EDGE('',*,*,#1746,.F.);
#2290=ORIENTED_EDGE('',*,*,#1747,.T.);
#2291=ORIENTED_EDGE('',*,*,#1748,.T.);
#2292=ORIENTED_EDGE('',*,*,#1749,.T.);
#2293=ORIENTED_EDGE('',*,*,#1750,.T.);
#2294=ORIENTED_EDGE('',*,*,#1751,.T.);
#2295=ORIENTED_EDGE('',*,*,#1752,.F.);
#2296=ORIENTED_EDGE('',*,*,#1753,.T.);
#2297=ORIENTED_EDGE('',*,*,#1754,.T.);
#2298=ORIENTED_EDGE('',*,*,#1755,.T.);
#2299=ORIENTED_EDGE('',*,*,#1756,.T.);
#2300=ORIENTED_EDGE('',*,*,#1757,.T.);
#2301=ORIENTED_EDGE('',*,*,#1758,.T.);
#2302=ORIENTED_EDGE('',*,*,#1759,.F.);
#2303=ORIENTED_EDGE('',*,*,#1760,.T.);
#2304=ORIENTED_EDGE('',*,*,#1761,.T.);
#2305=ORIENTED_EDGE('',*,*,#1762,.T.);
#2306=ORIENTED_EDGE('',*,*,#1763,.T.);
#2307=ORIENTED_EDGE('',*,*,#1764,.T.);
#2308=ORIENTED_EDGE('',*,*,#1765,.T.);
#2309=ORIENTED_EDGE('',*,*,#1575,.T.);
#2310=ORIENTED_EDGE('',*,*,#1578,.F.);
#2311=ORIENTED_EDGE('',*,*,#1766,.T.);
#2312=ORIENTED_EDGE('',*,*,#1522,.T.);
#2313=ORIENTED_EDGE('',*,*,#1526,.T.);
#2314=ORIENTED_EDGE('',*,*,#1598,.T.);
#2315=ORIENTED_EDGE('',*,*,#1601,.T.);
#2316=ORIENTED_EDGE('',*,*,#1767,.F.);
#2317=ORIENTED_EDGE('',*,*,#1572,.F.);
#2318=ORIENTED_EDGE('',*,*,#1768,.T.);
#2319=ORIENTED_EDGE('',*,*,#1592,.F.);
#2320=ORIENTED_EDGE('',*,*,#1769,.T.);
#2321=ORIENTED_EDGE('',*,*,#1770,.F.);
#2322=ORIENTED_EDGE('',*,*,#1604,.T.);
#2323=ORIENTED_EDGE('',*,*,#1771,.F.);
#2324=ORIENTED_EDGE('',*,*,#1594,.T.);
#2325=ORIENTED_EDGE('',*,*,#1772,.T.);
#2326=ORIENTED_EDGE('',*,*,#1771,.T.);
#2327=ORIENTED_EDGE('',*,*,#1603,.T.);
#2328=ORIENTED_EDGE('',*,*,#1773,.F.);
#2329=ORIENTED_EDGE('',*,*,#1595,.F.);
#2330=ORIENTED_EDGE('',*,*,#1773,.T.);
#2331=ORIENTED_EDGE('',*,*,#1602,.T.);
#2332=ORIENTED_EDGE('',*,*,#1599,.F.);
#2333=ORIENTED_EDGE('',*,*,#1596,.F.);
#2334=ORIENTED_EDGE('',*,*,#1774,.T.);
#2335=ORIENTED_EDGE('',*,*,#1614,.T.);
#2336=ORIENTED_EDGE('',*,*,#1775,.F.);
#2337=ORIENTED_EDGE('',*,*,#1695,.F.);
#2338=ORIENTED_EDGE('',*,*,#1775,.T.);
#2339=ORIENTED_EDGE('',*,*,#1613,.T.);
#2340=ORIENTED_EDGE('',*,*,#1776,.F.);
#2341=ORIENTED_EDGE('',*,*,#1777,.F.);
#2342=ORIENTED_EDGE('',*,*,#1778,.T.);
#2343=ORIENTED_EDGE('',*,*,#1696,.F.);
#2344=ORIENTED_EDGE('',*,*,#1779,.T.);
#2345=ORIENTED_EDGE('',*,*,#1780,.F.);
#2346=ORIENTED_EDGE('',*,*,#1611,.T.);
#2347=ORIENTED_EDGE('',*,*,#1781,.F.);
#2348=ORIENTED_EDGE('',*,*,#1692,.T.);
#2349=ORIENTED_EDGE('',*,*,#1782,.T.);
#2350=ORIENTED_EDGE('',*,*,#1781,.T.);
#2351=ORIENTED_EDGE('',*,*,#1616,.T.);
#2352=ORIENTED_EDGE('',*,*,#1783,.F.);
#2353=ORIENTED_EDGE('',*,*,#1693,.F.);
#2354=ORIENTED_EDGE('',*,*,#1783,.T.);
#2355=ORIENTED_EDGE('',*,*,#1615,.T.);
#2356=ORIENTED_EDGE('',*,*,#1774,.F.);
#2357=ORIENTED_EDGE('',*,*,#1694,.F.);
#2358=ORIENTED_EDGE('',*,*,#1784,.T.);
#2359=ORIENTED_EDGE('',*,*,#1620,.T.);
#2360=ORIENTED_EDGE('',*,*,#1785,.F.);
#2361=ORIENTED_EDGE('',*,*,#1701,.F.);
#2362=ORIENTED_EDGE('',*,*,#1785,.T.);
#2363=ORIENTED_EDGE('',*,*,#1619,.T.);
#2364=ORIENTED_EDGE('',*,*,#1786,.F.);
#2365=ORIENTED_EDGE('',*,*,#1787,.F.);
#2366=ORIENTED_EDGE('',*,*,#1788,.T.);
#2367=ORIENTED_EDGE('',*,*,#1702,.F.);
#2368=ORIENTED_EDGE('',*,*,#1789,.T.);
#2369=ORIENTED_EDGE('',*,*,#1790,.F.);
#2370=ORIENTED_EDGE('',*,*,#1617,.T.);
#2371=ORIENTED_EDGE('',*,*,#1791,.F.);
#2372=ORIENTED_EDGE('',*,*,#1698,.T.);
#2373=ORIENTED_EDGE('',*,*,#1792,.T.);
#2374=ORIENTED_EDGE('',*,*,#1791,.T.);
#2375=ORIENTED_EDGE('',*,*,#1622,.T.);
#2376=ORIENTED_EDGE('',*,*,#1793,.F.);
#2377=ORIENTED_EDGE('',*,*,#1699,.F.);
#2378=ORIENTED_EDGE('',*,*,#1793,.T.);
#2379=ORIENTED_EDGE('',*,*,#1621,.T.);
#2380=ORIENTED_EDGE('',*,*,#1784,.F.);
#2381=ORIENTED_EDGE('',*,*,#1700,.F.);
#2382=ORIENTED_EDGE('',*,*,#1794,.T.);
#2383=ORIENTED_EDGE('',*,*,#1626,.T.);
#2384=ORIENTED_EDGE('',*,*,#1795,.F.);
#2385=ORIENTED_EDGE('',*,*,#1707,.F.);
#2386=ORIENTED_EDGE('',*,*,#1795,.T.);
#2387=ORIENTED_EDGE('',*,*,#1625,.T.);
#2388=ORIENTED_EDGE('',*,*,#1796,.F.);
#2389=ORIENTED_EDGE('',*,*,#1797,.F.);
#2390=ORIENTED_EDGE('',*,*,#1798,.T.);
#2391=ORIENTED_EDGE('',*,*,#1708,.F.);
#2392=ORIENTED_EDGE('',*,*,#1799,.T.);
#2393=ORIENTED_EDGE('',*,*,#1800,.F.);
#2394=ORIENTED_EDGE('',*,*,#1623,.T.);
#2395=ORIENTED_EDGE('',*,*,#1801,.F.);
#2396=ORIENTED_EDGE('',*,*,#1704,.T.);
#2397=ORIENTED_EDGE('',*,*,#1802,.T.);
#2398=ORIENTED_EDGE('',*,*,#1801,.T.);
#2399=ORIENTED_EDGE('',*,*,#1628,.T.);
#2400=ORIENTED_EDGE('',*,*,#1803,.F.);
#2401=ORIENTED_EDGE('',*,*,#1705,.F.);
#2402=ORIENTED_EDGE('',*,*,#1803,.T.);
#2403=ORIENTED_EDGE('',*,*,#1627,.T.);
#2404=ORIENTED_EDGE('',*,*,#1794,.F.);
#2405=ORIENTED_EDGE('',*,*,#1706,.F.);
#2406=ORIENTED_EDGE('',*,*,#1804,.T.);
#2407=ORIENTED_EDGE('',*,*,#1632,.T.);
#2408=ORIENTED_EDGE('',*,*,#1805,.F.);
#2409=ORIENTED_EDGE('',*,*,#1713,.F.);
#2410=ORIENTED_EDGE('',*,*,#1805,.T.);
#2411=ORIENTED_EDGE('',*,*,#1631,.T.);
#2412=ORIENTED_EDGE('',*,*,#1806,.F.);
#2413=ORIENTED_EDGE('',*,*,#1807,.F.);
#2414=ORIENTED_EDGE('',*,*,#1808,.T.);
#2415=ORIENTED_EDGE('',*,*,#1714,.F.);
#2416=ORIENTED_EDGE('',*,*,#1809,.T.);
#2417=ORIENTED_EDGE('',*,*,#1810,.F.);
#2418=ORIENTED_EDGE('',*,*,#1629,.T.);
#2419=ORIENTED_EDGE('',*,*,#1811,.F.);
#2420=ORIENTED_EDGE('',*,*,#1710,.T.);
#2421=ORIENTED_EDGE('',*,*,#1812,.T.);
#2422=ORIENTED_EDGE('',*,*,#1811,.T.);
#2423=ORIENTED_EDGE('',*,*,#1634,.T.);
#2424=ORIENTED_EDGE('',*,*,#1813,.F.);
#2425=ORIENTED_EDGE('',*,*,#1711,.F.);
#2426=ORIENTED_EDGE('',*,*,#1813,.T.);
#2427=ORIENTED_EDGE('',*,*,#1633,.T.);
#2428=ORIENTED_EDGE('',*,*,#1804,.F.);
#2429=ORIENTED_EDGE('',*,*,#1712,.F.);
#2430=ORIENTED_EDGE('',*,*,#1814,.T.);
#2431=ORIENTED_EDGE('',*,*,#1638,.T.);
#2432=ORIENTED_EDGE('',*,*,#1815,.F.);
#2433=ORIENTED_EDGE('',*,*,#1719,.F.);
#2434=ORIENTED_EDGE('',*,*,#1815,.T.);
#2435=ORIENTED_EDGE('',*,*,#1637,.T.);
#2436=ORIENTED_EDGE('',*,*,#1816,.F.);
#2437=ORIENTED_EDGE('',*,*,#1817,.F.);
#2438=ORIENTED_EDGE('',*,*,#1818,.T.);
#2439=ORIENTED_EDGE('',*,*,#1720,.F.);
#2440=ORIENTED_EDGE('',*,*,#1819,.T.);
#2441=ORIENTED_EDGE('',*,*,#1820,.F.);
#2442=ORIENTED_EDGE('',*,*,#1635,.T.);
#2443=ORIENTED_EDGE('',*,*,#1821,.F.);
#2444=ORIENTED_EDGE('',*,*,#1716,.T.);
#2445=ORIENTED_EDGE('',*,*,#1822,.T.);
#2446=ORIENTED_EDGE('',*,*,#1821,.T.);
#2447=ORIENTED_EDGE('',*,*,#1640,.T.);
#2448=ORIENTED_EDGE('',*,*,#1823,.F.);
#2449=ORIENTED_EDGE('',*,*,#1717,.F.);
#2450=ORIENTED_EDGE('',*,*,#1823,.T.);
#2451=ORIENTED_EDGE('',*,*,#1639,.T.);
#2452=ORIENTED_EDGE('',*,*,#1814,.F.);
#2453=ORIENTED_EDGE('',*,*,#1718,.F.);
#2454=ORIENTED_EDGE('',*,*,#1824,.T.);
#2455=ORIENTED_EDGE('',*,*,#1644,.T.);
#2456=ORIENTED_EDGE('',*,*,#1825,.F.);
#2457=ORIENTED_EDGE('',*,*,#1725,.F.);
#2458=ORIENTED_EDGE('',*,*,#1825,.T.);
#2459=ORIENTED_EDGE('',*,*,#1643,.T.);
#2460=ORIENTED_EDGE('',*,*,#1826,.F.);
#2461=ORIENTED_EDGE('',*,*,#1827,.F.);
#2462=ORIENTED_EDGE('',*,*,#1828,.T.);
#2463=ORIENTED_EDGE('',*,*,#1726,.F.);
#2464=ORIENTED_EDGE('',*,*,#1829,.T.);
#2465=ORIENTED_EDGE('',*,*,#1830,.F.);
#2466=ORIENTED_EDGE('',*,*,#1641,.T.);
#2467=ORIENTED_EDGE('',*,*,#1831,.F.);
#2468=ORIENTED_EDGE('',*,*,#1722,.T.);
#2469=ORIENTED_EDGE('',*,*,#1832,.T.);
#2470=ORIENTED_EDGE('',*,*,#1831,.T.);
#2471=ORIENTED_EDGE('',*,*,#1646,.T.);
#2472=ORIENTED_EDGE('',*,*,#1833,.F.);
#2473=ORIENTED_EDGE('',*,*,#1723,.F.);
#2474=ORIENTED_EDGE('',*,*,#1833,.T.);
#2475=ORIENTED_EDGE('',*,*,#1645,.T.);
#2476=ORIENTED_EDGE('',*,*,#1824,.F.);
#2477=ORIENTED_EDGE('',*,*,#1724,.F.);
#2478=ORIENTED_EDGE('',*,*,#1834,.T.);
#2479=ORIENTED_EDGE('',*,*,#1650,.T.);
#2480=ORIENTED_EDGE('',*,*,#1835,.F.);
#2481=ORIENTED_EDGE('',*,*,#1731,.F.);
#2482=ORIENTED_EDGE('',*,*,#1835,.T.);
#2483=ORIENTED_EDGE('',*,*,#1649,.T.);
#2484=ORIENTED_EDGE('',*,*,#1836,.F.);
#2485=ORIENTED_EDGE('',*,*,#1837,.F.);
#2486=ORIENTED_EDGE('',*,*,#1838,.T.);
#2487=ORIENTED_EDGE('',*,*,#1732,.F.);
#2488=ORIENTED_EDGE('',*,*,#1839,.T.);
#2489=ORIENTED_EDGE('',*,*,#1840,.F.);
#2490=ORIENTED_EDGE('',*,*,#1647,.T.);
#2491=ORIENTED_EDGE('',*,*,#1841,.F.);
#2492=ORIENTED_EDGE('',*,*,#1728,.T.);
#2493=ORIENTED_EDGE('',*,*,#1842,.T.);
#2494=ORIENTED_EDGE('',*,*,#1841,.T.);
#2495=ORIENTED_EDGE('',*,*,#1652,.T.);
#2496=ORIENTED_EDGE('',*,*,#1843,.F.);
#2497=ORIENTED_EDGE('',*,*,#1729,.F.);
#2498=ORIENTED_EDGE('',*,*,#1843,.T.);
#2499=ORIENTED_EDGE('',*,*,#1651,.T.);
#2500=ORIENTED_EDGE('',*,*,#1834,.F.);
#2501=ORIENTED_EDGE('',*,*,#1730,.F.);
#2502=ORIENTED_EDGE('',*,*,#1844,.T.);
#2503=ORIENTED_EDGE('',*,*,#1656,.T.);
#2504=ORIENTED_EDGE('',*,*,#1845,.F.);
#2505=ORIENTED_EDGE('',*,*,#1737,.F.);
#2506=ORIENTED_EDGE('',*,*,#1846,.T.);
#2507=ORIENTED_EDGE('',*,*,#1847,.F.);
#2508=ORIENTED_EDGE('',*,*,#1653,.T.);
#2509=ORIENTED_EDGE('',*,*,#1848,.F.);
#2510=ORIENTED_EDGE('',*,*,#1734,.T.);
#2511=ORIENTED_EDGE('',*,*,#1849,.T.);
#2512=ORIENTED_EDGE('',*,*,#1848,.T.);
#2513=ORIENTED_EDGE('',*,*,#1658,.T.);
#2514=ORIENTED_EDGE('',*,*,#1850,.F.);
#2515=ORIENTED_EDGE('',*,*,#1735,.F.);
#2516=ORIENTED_EDGE('',*,*,#1850,.T.);
#2517=ORIENTED_EDGE('',*,*,#1657,.T.);
#2518=ORIENTED_EDGE('',*,*,#1844,.F.);
#2519=ORIENTED_EDGE('',*,*,#1736,.F.);
#2520=ORIENTED_EDGE('',*,*,#1851,.T.);
#2521=ORIENTED_EDGE('',*,*,#1662,.T.);
#2522=ORIENTED_EDGE('',*,*,#1852,.F.);
#2523=ORIENTED_EDGE('',*,*,#1743,.F.);
#2524=ORIENTED_EDGE('',*,*,#1853,.T.);
#2525=ORIENTED_EDGE('',*,*,#1854,.F.);
#2526=ORIENTED_EDGE('',*,*,#1659,.T.);
#2527=ORIENTED_EDGE('',*,*,#1855,.F.);
#2528=ORIENTED_EDGE('',*,*,#1740,.T.);
#2529=ORIENTED_EDGE('',*,*,#1856,.T.);
#2530=ORIENTED_EDGE('',*,*,#1855,.T.);
#2531=ORIENTED_EDGE('',*,*,#1664,.T.);
#2532=ORIENTED_EDGE('',*,*,#1857,.F.);
#2533=ORIENTED_EDGE('',*,*,#1741,.F.);
#2534=ORIENTED_EDGE('',*,*,#1857,.T.);
#2535=ORIENTED_EDGE('',*,*,#1663,.T.);
#2536=ORIENTED_EDGE('',*,*,#1851,.F.);
#2537=ORIENTED_EDGE('',*,*,#1742,.F.);
#2538=ORIENTED_EDGE('',*,*,#1858,.T.);
#2539=ORIENTED_EDGE('',*,*,#1668,.T.);
#2540=ORIENTED_EDGE('',*,*,#1859,.F.);
#2541=ORIENTED_EDGE('',*,*,#1749,.F.);
#2542=ORIENTED_EDGE('',*,*,#1860,.T.);
#2543=ORIENTED_EDGE('',*,*,#1861,.F.);
#2544=ORIENTED_EDGE('',*,*,#1665,.T.);
#2545=ORIENTED_EDGE('',*,*,#1862,.F.);
#2546=ORIENTED_EDGE('',*,*,#1746,.T.);
#2547=ORIENTED_EDGE('',*,*,#1863,.T.);
#2548=ORIENTED_EDGE('',*,*,#1862,.T.);
#2549=ORIENTED_EDGE('',*,*,#1670,.T.);
#2550=ORIENTED_EDGE('',*,*,#1864,.F.);
#2551=ORIENTED_EDGE('',*,*,#1747,.F.);
#2552=ORIENTED_EDGE('',*,*,#1864,.T.);
#2553=ORIENTED_EDGE('',*,*,#1669,.T.);
#2554=ORIENTED_EDGE('',*,*,#1858,.F.);
#2555=ORIENTED_EDGE('',*,*,#1748,.F.);
#2556=ORIENTED_EDGE('',*,*,#1865,.T.);
#2557=ORIENTED_EDGE('',*,*,#1675,.T.);
#2558=ORIENTED_EDGE('',*,*,#1866,.F.);
#2559=ORIENTED_EDGE('',*,*,#1755,.F.);
#2560=ORIENTED_EDGE('',*,*,#1867,.T.);
#2561=ORIENTED_EDGE('',*,*,#1677,.T.);
#2562=ORIENTED_EDGE('',*,*,#1868,.F.);
#2563=ORIENTED_EDGE('',*,*,#1753,.F.);
#2564=ORIENTED_EDGE('',*,*,#1868,.T.);
#2565=ORIENTED_EDGE('',*,*,#1676,.T.);
#2566=ORIENTED_EDGE('',*,*,#1865,.F.);
#2567=ORIENTED_EDGE('',*,*,#1754,.F.);
#2568=ORIENTED_EDGE('',*,*,#1869,.T.);
#2569=ORIENTED_EDGE('',*,*,#1681,.T.);
#2570=ORIENTED_EDGE('',*,*,#1870,.F.);
#2571=ORIENTED_EDGE('',*,*,#1762,.F.);
#2572=ORIENTED_EDGE('',*,*,#1870,.T.);
#2573=ORIENTED_EDGE('',*,*,#1680,.T.);
#2574=ORIENTED_EDGE('',*,*,#1871,.F.);
#2575=ORIENTED_EDGE('',*,*,#1872,.F.);
#2576=ORIENTED_EDGE('',*,*,#1873,.T.);
#2577=ORIENTED_EDGE('',*,*,#1763,.F.);
#2578=ORIENTED_EDGE('',*,*,#1874,.T.);
#2579=ORIENTED_EDGE('',*,*,#1683,.T.);
#2580=ORIENTED_EDGE('',*,*,#1875,.F.);
#2581=ORIENTED_EDGE('',*,*,#1760,.F.);
#2582=ORIENTED_EDGE('',*,*,#1875,.T.);
#2583=ORIENTED_EDGE('',*,*,#1682,.T.);
#2584=ORIENTED_EDGE('',*,*,#1869,.F.);
#2585=ORIENTED_EDGE('',*,*,#1761,.F.);
#2586=ORIENTED_EDGE('',*,*,#1876,.F.);
#2587=ORIENTED_EDGE('',*,*,#1608,.F.);
#2588=ORIENTED_EDGE('',*,*,#1877,.F.);
#2589=ORIENTED_EDGE('',*,*,#1878,.F.);
#2590=ORIENTED_EDGE('',*,*,#1879,.T.);
#2591=ORIENTED_EDGE('',*,*,#1691,.F.);
#2592=ORIENTED_EDGE('',*,*,#1880,.F.);
#2593=ORIENTED_EDGE('',*,*,#1881,.T.);
#2594=ORIENTED_EDGE('',*,*,#1878,.T.);
#2595=ORIENTED_EDGE('',*,*,#1882,.F.);
#2596=ORIENTED_EDGE('',*,*,#1609,.F.);
#2597=ORIENTED_EDGE('',*,*,#1876,.T.);
#2598=ORIENTED_EDGE('',*,*,#1690,.F.);
#2599=ORIENTED_EDGE('',*,*,#1883,.F.);
#2600=ORIENTED_EDGE('',*,*,#1610,.F.);
#2601=ORIENTED_EDGE('',*,*,#1883,.T.);
#2602=ORIENTED_EDGE('',*,*,#1689,.T.);
#2603=ORIENTED_EDGE('',*,*,#1884,.F.);
#2604=ORIENTED_EDGE('',*,*,#1688,.F.);
#2605=ORIENTED_EDGE('',*,*,#1885,.T.);
#2606=ORIENTED_EDGE('',*,*,#1605,.F.);
#2607=ORIENTED_EDGE('',*,*,#1884,.T.);
#2608=ORIENTED_EDGE('',*,*,#1886,.F.);
#2609=ORIENTED_EDGE('',*,*,#1887,.T.);
#2610=ORIENTED_EDGE('',*,*,#1872,.T.);
#2611=ORIENTED_EDGE('',*,*,#1888,.F.);
#2612=ORIENTED_EDGE('',*,*,#1860,.F.);
#2613=ORIENTED_EDGE('',*,*,#1889,.T.);
#2614=ORIENTED_EDGE('',*,*,#1890,.T.);
#2615=ORIENTED_EDGE('',*,*,#1891,.F.);
#2616=ORIENTED_EDGE('',*,*,#1853,.F.);
#2617=ORIENTED_EDGE('',*,*,#1892,.T.);
#2618=ORIENTED_EDGE('',*,*,#1893,.T.);
#2619=ORIENTED_EDGE('',*,*,#1894,.F.);
#2620=ORIENTED_EDGE('',*,*,#1846,.F.);
#2621=ORIENTED_EDGE('',*,*,#1895,.T.);
#2622=ORIENTED_EDGE('',*,*,#1896,.T.);
#2623=ORIENTED_EDGE('',*,*,#1897,.F.);
#2624=ORIENTED_EDGE('',*,*,#1839,.F.);
#2625=ORIENTED_EDGE('',*,*,#1898,.T.);
#2626=ORIENTED_EDGE('',*,*,#1899,.T.);
#2627=ORIENTED_EDGE('',*,*,#1900,.F.);
#2628=ORIENTED_EDGE('',*,*,#1829,.F.);
#2629=ORIENTED_EDGE('',*,*,#1901,.T.);
#2630=ORIENTED_EDGE('',*,*,#1837,.T.);
#2631=ORIENTED_EDGE('',*,*,#1902,.F.);
#2632=ORIENTED_EDGE('',*,*,#1819,.F.);
#2633=ORIENTED_EDGE('',*,*,#1903,.T.);
#2634=ORIENTED_EDGE('',*,*,#1827,.T.);
#2635=ORIENTED_EDGE('',*,*,#1904,.F.);
#2636=ORIENTED_EDGE('',*,*,#1809,.F.);
#2637=ORIENTED_EDGE('',*,*,#1905,.T.);
#2638=ORIENTED_EDGE('',*,*,#1817,.T.);
#2639=ORIENTED_EDGE('',*,*,#1906,.F.);
#2640=ORIENTED_EDGE('',*,*,#1799,.F.);
#2641=ORIENTED_EDGE('',*,*,#1907,.T.);
#2642=ORIENTED_EDGE('',*,*,#1807,.T.);
#2643=ORIENTED_EDGE('',*,*,#1908,.F.);
#2644=ORIENTED_EDGE('',*,*,#1789,.F.);
#2645=ORIENTED_EDGE('',*,*,#1909,.T.);
#2646=ORIENTED_EDGE('',*,*,#1797,.T.);
#2647=ORIENTED_EDGE('',*,*,#1910,.F.);
#2648=ORIENTED_EDGE('',*,*,#1779,.F.);
#2649=ORIENTED_EDGE('',*,*,#1911,.T.);
#2650=ORIENTED_EDGE('',*,*,#1787,.T.);
#2651=ORIENTED_EDGE('',*,*,#1912,.F.);
#2652=ORIENTED_EDGE('',*,*,#1769,.F.);
#2653=ORIENTED_EDGE('',*,*,#1913,.T.);
#2654=ORIENTED_EDGE('',*,*,#1777,.T.);
#2655=ORIENTED_EDGE('',*,*,#1914,.F.);
#2656=ORIENTED_EDGE('',*,*,#1566,.F.);
#2657=ORIENTED_EDGE('',*,*,#1685,.F.);
#2658=ORIENTED_EDGE('',*,*,#1534,.T.);
#2659=ORIENTED_EDGE('',*,*,#1517,.F.);
#2660=ORIENTED_EDGE('',*,*,#1915,.T.);
#2661=ORIENTED_EDGE('',*,*,#1916,.T.);
#2662=ORIENTED_EDGE('',*,*,#1538,.F.);
#2663=ORIENTED_EDGE('',*,*,#1687,.F.);
#2664=ORIENTED_EDGE('',*,*,#1917,.T.);
#2665=ORIENTED_EDGE('',*,*,#1529,.F.);
#2666=ORIENTED_EDGE('',*,*,#1918,.F.);
#2667=ORIENTED_EDGE('',*,*,#1606,.F.);
#2668=ORIENTED_EDGE('',*,*,#1885,.F.);
#2669=ORIENTED_EDGE('',*,*,#1759,.T.);
#2670=ORIENTED_EDGE('',*,*,#1919,.T.);
#2671=ORIENTED_EDGE('',*,*,#1880,.T.);
#2672=ORIENTED_EDGE('',*,*,#1920,.F.);
#2673=ORIENTED_EDGE('',*,*,#1678,.T.);
#2674=ORIENTED_EDGE('',*,*,#1874,.F.);
#2675=ORIENTED_EDGE('',*,*,#1752,.T.);
#2676=ORIENTED_EDGE('',*,*,#1921,.T.);
#2677=ORIENTED_EDGE('',*,*,#1886,.T.);
#2678=ORIENTED_EDGE('',*,*,#1922,.F.);
#2679=ORIENTED_EDGE('',*,*,#1671,.T.);
#2680=ORIENTED_EDGE('',*,*,#1867,.F.);
#2681=ORIENTED_EDGE('',*,*,#1923,.T.);
#2682=ORIENTED_EDGE('',*,*,#1756,.F.);
#2683=ORIENTED_EDGE('',*,*,#1866,.T.);
#2684=ORIENTED_EDGE('',*,*,#1674,.T.);
#2685=ORIENTED_EDGE('',*,*,#1924,.F.);
#2686=ORIENTED_EDGE('',*,*,#1890,.F.);
#2687=ORIENTED_EDGE('',*,*,#1750,.F.);
#2688=ORIENTED_EDGE('',*,*,#1859,.T.);
#2689=ORIENTED_EDGE('',*,*,#1667,.T.);
#2690=ORIENTED_EDGE('',*,*,#1925,.F.);
#2691=ORIENTED_EDGE('',*,*,#1893,.F.);
#2692=ORIENTED_EDGE('',*,*,#1926,.T.);
#2693=ORIENTED_EDGE('',*,*,#1744,.F.);
#2694=ORIENTED_EDGE('',*,*,#1852,.T.);
#2695=ORIENTED_EDGE('',*,*,#1661,.T.);
#2696=ORIENTED_EDGE('',*,*,#1927,.F.);
#2697=ORIENTED_EDGE('',*,*,#1896,.F.);
#2698=ORIENTED_EDGE('',*,*,#1928,.T.);
#2699=ORIENTED_EDGE('',*,*,#1738,.F.);
#2700=ORIENTED_EDGE('',*,*,#1845,.T.);
#2701=ORIENTED_EDGE('',*,*,#1655,.T.);
#2702=ORIENTED_EDGE('',*,*,#1929,.F.);
#2703=ORIENTED_EDGE('',*,*,#1899,.F.);
#2704=ORIENTED_EDGE('',*,*,#1930,.T.);
#2705=ORIENTED_EDGE('',*,*,#1931,.T.);
#2706=ORIENTED_EDGE('',*,*,#1932,.T.);
#2707=ORIENTED_EDGE('',*,*,#1933,.T.);
#2708=ORIENTED_EDGE('',*,*,#1757,.F.);
#2709=ORIENTED_EDGE('',*,*,#1923,.F.);
#2710=ORIENTED_EDGE('',*,*,#1889,.F.);
#2711=ORIENTED_EDGE('',*,*,#1863,.F.);
#2712=ORIENTED_EDGE('',*,*,#1751,.F.);
#2713=ORIENTED_EDGE('',*,*,#1926,.F.);
#2714=ORIENTED_EDGE('',*,*,#1892,.F.);
#2715=ORIENTED_EDGE('',*,*,#1856,.F.);
#2716=ORIENTED_EDGE('',*,*,#1745,.F.);
#2717=ORIENTED_EDGE('',*,*,#1928,.F.);
#2718=ORIENTED_EDGE('',*,*,#1895,.F.);
#2719=ORIENTED_EDGE('',*,*,#1849,.F.);
#2720=ORIENTED_EDGE('',*,*,#1739,.F.);
#2721=ORIENTED_EDGE('',*,*,#1930,.F.);
#2722=ORIENTED_EDGE('',*,*,#1898,.F.);
#2723=ORIENTED_EDGE('',*,*,#1842,.F.);
#2724=ORIENTED_EDGE('',*,*,#1733,.F.);
#2725=ORIENTED_EDGE('',*,*,#1838,.F.);
#2726=ORIENTED_EDGE('',*,*,#1901,.F.);
#2727=ORIENTED_EDGE('',*,*,#1832,.F.);
#2728=ORIENTED_EDGE('',*,*,#1727,.F.);
#2729=ORIENTED_EDGE('',*,*,#1828,.F.);
#2730=ORIENTED_EDGE('',*,*,#1903,.F.);
#2731=ORIENTED_EDGE('',*,*,#1822,.F.);
#2732=ORIENTED_EDGE('',*,*,#1721,.F.);
#2733=ORIENTED_EDGE('',*,*,#1818,.F.);
#2734=ORIENTED_EDGE('',*,*,#1905,.F.);
#2735=ORIENTED_EDGE('',*,*,#1812,.F.);
#2736=ORIENTED_EDGE('',*,*,#1715,.F.);
#2737=ORIENTED_EDGE('',*,*,#1808,.F.);
#2738=ORIENTED_EDGE('',*,*,#1907,.F.);
#2739=ORIENTED_EDGE('',*,*,#1802,.F.);
#2740=ORIENTED_EDGE('',*,*,#1709,.F.);
#2741=ORIENTED_EDGE('',*,*,#1798,.F.);
#2742=ORIENTED_EDGE('',*,*,#1909,.F.);
#2743=ORIENTED_EDGE('',*,*,#1792,.F.);
#2744=ORIENTED_EDGE('',*,*,#1703,.F.);
#2745=ORIENTED_EDGE('',*,*,#1788,.F.);
#2746=ORIENTED_EDGE('',*,*,#1911,.F.);
#2747=ORIENTED_EDGE('',*,*,#1782,.F.);
#2748=ORIENTED_EDGE('',*,*,#1697,.F.);
#2749=ORIENTED_EDGE('',*,*,#1778,.F.);
#2750=ORIENTED_EDGE('',*,*,#1913,.F.);
#2751=ORIENTED_EDGE('',*,*,#1772,.F.);
#2752=ORIENTED_EDGE('',*,*,#1593,.F.);
#2753=ORIENTED_EDGE('',*,*,#1768,.F.);
#2754=ORIENTED_EDGE('',*,*,#1571,.F.);
#2755=ORIENTED_EDGE('',*,*,#1576,.F.);
#2756=ORIENTED_EDGE('',*,*,#1765,.F.);
#2757=ORIENTED_EDGE('',*,*,#1525,.F.);
#2758=ORIENTED_EDGE('',*,*,#1530,.F.);
#2759=ORIENTED_EDGE('',*,*,#1917,.F.);
#2760=ORIENTED_EDGE('',*,*,#1686,.F.);
#2761=ORIENTED_EDGE('',*,*,#1879,.F.);
#2762=ORIENTED_EDGE('',*,*,#1881,.F.);
#2763=ORIENTED_EDGE('',*,*,#1919,.F.);
#2764=ORIENTED_EDGE('',*,*,#1764,.F.);
#2765=ORIENTED_EDGE('',*,*,#1873,.F.);
#2766=ORIENTED_EDGE('',*,*,#1887,.F.);
#2767=ORIENTED_EDGE('',*,*,#1921,.F.);
#2768=ORIENTED_EDGE('',*,*,#1758,.F.);
#2769=ORIENTED_EDGE('',*,*,#1933,.F.);
#2770=ORIENTED_EDGE('',*,*,#1931,.F.);
#2771=ORIENTED_EDGE('',*,*,#1932,.F.);
#2772=ORIENTED_EDGE('',*,*,#1934,.T.);
#2773=ORIENTED_EDGE('',*,*,#1589,.T.);
#2774=ORIENTED_EDGE('',*,*,#1934,.F.);
#2775=ORIENTED_EDGE('',*,*,#1935,.F.);
#2776=ORIENTED_EDGE('',*,*,#1936,.F.);
#2777=ORIENTED_EDGE('',*,*,#1937,.T.);
#2778=ORIENTED_EDGE('',*,*,#1588,.F.);
#2779=ORIENTED_EDGE('',*,*,#1937,.F.);
#2780=ORIENTED_EDGE('',*,*,#1579,.F.);
#2781=ORIENTED_EDGE('',*,*,#1580,.F.);
#2782=ORIENTED_EDGE('',*,*,#1938,.T.);
#2783=ORIENTED_EDGE('',*,*,#1672,.T.);
#2784=ORIENTED_EDGE('',*,*,#1922,.T.);
#2785=ORIENTED_EDGE('',*,*,#1888,.T.);
#2786=ORIENTED_EDGE('',*,*,#1871,.T.);
#2787=ORIENTED_EDGE('',*,*,#1679,.T.);
#2788=ORIENTED_EDGE('',*,*,#1920,.T.);
#2789=ORIENTED_EDGE('',*,*,#1882,.T.);
#2790=ORIENTED_EDGE('',*,*,#1877,.T.);
#2791=ORIENTED_EDGE('',*,*,#1607,.T.);
#2792=ORIENTED_EDGE('',*,*,#1918,.T.);
#2793=ORIENTED_EDGE('',*,*,#1528,.T.);
#2794=ORIENTED_EDGE('',*,*,#1533,.T.);
#2795=ORIENTED_EDGE('',*,*,#1684,.T.);
#2796=ORIENTED_EDGE('',*,*,#1568,.T.);
#2797=ORIENTED_EDGE('',*,*,#1573,.T.);
#2798=ORIENTED_EDGE('',*,*,#1767,.T.);
#2799=ORIENTED_EDGE('',*,*,#1600,.T.);
#2800=ORIENTED_EDGE('',*,*,#1770,.T.);
#2801=ORIENTED_EDGE('',*,*,#1914,.T.);
#2802=ORIENTED_EDGE('',*,*,#1776,.T.);
#2803=ORIENTED_EDGE('',*,*,#1612,.T.);
#2804=ORIENTED_EDGE('',*,*,#1780,.T.);
#2805=ORIENTED_EDGE('',*,*,#1912,.T.);
#2806=ORIENTED_EDGE('',*,*,#1786,.T.);
#2807=ORIENTED_EDGE('',*,*,#1618,.T.);
#2808=ORIENTED_EDGE('',*,*,#1790,.T.);
#2809=ORIENTED_EDGE('',*,*,#1910,.T.);
#2810=ORIENTED_EDGE('',*,*,#1796,.T.);
#2811=ORIENTED_EDGE('',*,*,#1624,.T.);
#2812=ORIENTED_EDGE('',*,*,#1800,.T.);
#2813=ORIENTED_EDGE('',*,*,#1908,.T.);
#2814=ORIENTED_EDGE('',*,*,#1806,.T.);
#2815=ORIENTED_EDGE('',*,*,#1630,.T.);
#2816=ORIENTED_EDGE('',*,*,#1810,.T.);
#2817=ORIENTED_EDGE('',*,*,#1906,.T.);
#2818=ORIENTED_EDGE('',*,*,#1816,.T.);
#2819=ORIENTED_EDGE('',*,*,#1636,.T.);
#2820=ORIENTED_EDGE('',*,*,#1820,.T.);
#2821=ORIENTED_EDGE('',*,*,#1904,.T.);
#2822=ORIENTED_EDGE('',*,*,#1826,.T.);
#2823=ORIENTED_EDGE('',*,*,#1642,.T.);
#2824=ORIENTED_EDGE('',*,*,#1830,.T.);
#2825=ORIENTED_EDGE('',*,*,#1902,.T.);
#2826=ORIENTED_EDGE('',*,*,#1836,.T.);
#2827=ORIENTED_EDGE('',*,*,#1648,.T.);
#2828=ORIENTED_EDGE('',*,*,#1840,.T.);
#2829=ORIENTED_EDGE('',*,*,#1900,.T.);
#2830=ORIENTED_EDGE('',*,*,#1929,.T.);
#2831=ORIENTED_EDGE('',*,*,#1654,.T.);
#2832=ORIENTED_EDGE('',*,*,#1847,.T.);
#2833=ORIENTED_EDGE('',*,*,#1897,.T.);
#2834=ORIENTED_EDGE('',*,*,#1927,.T.);
#2835=ORIENTED_EDGE('',*,*,#1660,.T.);
#2836=ORIENTED_EDGE('',*,*,#1854,.T.);
#2837=ORIENTED_EDGE('',*,*,#1894,.T.);
#2838=ORIENTED_EDGE('',*,*,#1925,.T.);
#2839=ORIENTED_EDGE('',*,*,#1666,.T.);
#2840=ORIENTED_EDGE('',*,*,#1861,.T.);
#2841=ORIENTED_EDGE('',*,*,#1891,.T.);
#2842=ORIENTED_EDGE('',*,*,#1924,.T.);
#2843=ORIENTED_EDGE('',*,*,#1673,.T.);
#2844=ORIENTED_EDGE('',*,*,#1938,.F.);
#2845=ORIENTED_EDGE('',*,*,#1523,.T.);
#2846=ORIENTED_EDGE('',*,*,#1766,.F.);
#2847=ORIENTED_EDGE('',*,*,#1577,.F.);
#2848=ORIENTED_EDGE('',*,*,#1560,.F.);
#2849=ORIENTED_EDGE('',*,*,#1939,.T.);
#2850=ORIENTED_EDGE('',*,*,#1495,.F.);
#2851=ORIENTED_EDGE('',*,*,#1939,.F.);
#2852=ORIENTED_EDGE('',*,*,#1559,.F.);
#2853=ORIENTED_EDGE('',*,*,#1563,.F.);
#2854=ORIENTED_EDGE('',*,*,#1553,.F.);
#2855=ORIENTED_EDGE('',*,*,#1557,.F.);
#2856=ORIENTED_EDGE('',*,*,#1549,.F.);
#2857=ORIENTED_EDGE('',*,*,#1551,.F.);
#2858=ORIENTED_EDGE('',*,*,#1543,.F.);
#2859=ORIENTED_EDGE('',*,*,#1545,.F.);
#2860=ORIENTED_EDGE('',*,*,#1539,.F.);
#2861=ORIENTED_EDGE('',*,*,#1916,.F.);
#2862=ORIENTED_EDGE('',*,*,#1940,.T.);
#2863=ORIENTED_EDGE('',*,*,#1941,.T.);
#2864=ORIENTED_EDGE('',*,*,#1940,.F.);
#2865=ORIENTED_EDGE('',*,*,#1915,.F.);
#2866=ORIENTED_EDGE('',*,*,#1516,.F.);
#2867=ORIENTED_EDGE('',*,*,#1520,.F.);
#2868=ORIENTED_EDGE('',*,*,#1510,.F.);
#2869=ORIENTED_EDGE('',*,*,#1514,.F.);
#2870=ORIENTED_EDGE('',*,*,#1506,.F.);
#2871=ORIENTED_EDGE('',*,*,#1508,.F.);
#2872=ORIENTED_EDGE('',*,*,#1500,.F.);
#2873=ORIENTED_EDGE('',*,*,#1502,.F.);
#2874=ORIENTED_EDGE('',*,*,#1496,.F.);
#2875=ORIENTED_EDGE('',*,*,#1942,.F.);
#2876=ORIENTED_EDGE('',*,*,#1943,.T.);
#2877=ORIENTED_EDGE('',*,*,#1944,.T.);
#2878=ORIENTED_EDGE('',*,*,#1945,.T.);
#2879=ORIENTED_EDGE('',*,*,#1946,.F.);
#2880=ORIENTED_EDGE('',*,*,#1947,.F.);
#2881=ORIENTED_EDGE('',*,*,#1948,.F.);
#2882=ORIENTED_EDGE('',*,*,#1943,.F.);
#2883=ORIENTED_EDGE('',*,*,#1584,.F.);
#2884=ORIENTED_EDGE('',*,*,#1949,.T.);
#2885=ORIENTED_EDGE('',*,*,#1950,.F.);
#2886=ORIENTED_EDGE('',*,*,#1946,.T.);
#2887=ORIENTED_EDGE('',*,*,#1942,.T.);
#2888=ORIENTED_EDGE('',*,*,#1948,.T.);
#2889=ORIENTED_EDGE('',*,*,#1951,.F.);
#2890=ORIENTED_EDGE('',*,*,#1952,.F.);
#2891=ORIENTED_EDGE('',*,*,#1944,.F.);
#2892=ORIENTED_EDGE('',*,*,#1952,.T.);
#2893=ORIENTED_EDGE('',*,*,#1953,.F.);
#2894=ORIENTED_EDGE('',*,*,#1949,.F.);
#2895=ORIENTED_EDGE('',*,*,#1945,.F.);
#2896=ORIENTED_EDGE('',*,*,#1941,.F.);
#2897=ORIENTED_EDGE('',*,*,#1954,.F.);
#2898=ORIENTED_EDGE('',*,*,#1955,.F.);
#2899=ORIENTED_EDGE('',*,*,#1956,.T.);
#2900=ORIENTED_EDGE('',*,*,#1935,.T.);
#2901=ORIENTED_EDGE('',*,*,#1936,.T.);
#2902=ORIENTED_EDGE('',*,*,#1956,.F.);
#2903=ORIENTED_EDGE('',*,*,#1586,.T.);
#2904=ORIENTED_EDGE('',*,*,#1587,.T.);
#2905=ORIENTED_EDGE('',*,*,#1957,.F.);
#2906=ORIENTED_EDGE('',*,*,#1958,.T.);
#2907=ORIENTED_EDGE('',*,*,#1582,.T.);
#2908=ORIENTED_EDGE('',*,*,#1583,.T.);
#2909=ORIENTED_EDGE('',*,*,#1958,.F.);
#2910=ORIENTED_EDGE('',*,*,#1957,.T.);
#2911=ORIENTED_EDGE('',*,*,#1950,.T.);
#2912=ORIENTED_EDGE('',*,*,#1953,.T.);
#2913=ORIENTED_EDGE('',*,*,#1951,.T.);
#2914=ORIENTED_EDGE('',*,*,#1947,.T.);
#2915=ORIENTED_EDGE('',*,*,#1954,.T.);
#2916=ORIENTED_EDGE('',*,*,#1955,.T.);
#2917=ORIENTED_EDGE('',*,*,#1959,.T.);
#2918=ORIENTED_EDGE('',*,*,#1960,.T.);
#2919=ORIENTED_EDGE('',*,*,#1961,.T.);
#2920=ORIENTED_EDGE('',*,*,#1960,.F.);
#2921=ORIENTED_EDGE('',*,*,#1961,.F.);
#2922=ORIENTED_EDGE('',*,*,#1962,.F.);
#2923=ORIENTED_EDGE('',*,*,#1962,.T.);
#2924=ORIENTED_EDGE('',*,*,#1963,.T.);
#2925=ORIENTED_EDGE('',*,*,#1964,.T.);
#2926=ORIENTED_EDGE('',*,*,#1963,.F.);
#2927=ORIENTED_EDGE('',*,*,#1959,.F.);
#2928=ORIENTED_EDGE('',*,*,#1964,.F.);
#2929=PLANE('',#3204);
#2930=PLANE('',#3207);
#2931=PLANE('',#3216);
#2932=PLANE('',#3226);
#2933=PLANE('',#3227);
#2934=PLANE('',#3237);
#2935=PLANE('',#3245);
#2936=PLANE('',#3249);
#2937=PLANE('',#3253);
#2938=PLANE('',#3254);
#2939=PLANE('',#3258);
#2940=PLANE('',#3262);
#2941=PLANE('',#3266);
#2942=PLANE('',#3270);
#2943=PLANE('',#3274);
#2944=PLANE('',#3278);
#2945=PLANE('',#3282);
#2946=PLANE('',#3286);
#2947=PLANE('',#3290);
#2948=PLANE('',#3294);
#2949=PLANE('',#3298);
#2950=PLANE('',#3302);
#2951=PLANE('',#3307);
#2952=PLANE('',#3311);
#2953=PLANE('',#3313);
#2954=PLANE('',#3317);
#2955=PLANE('',#3321);
#2956=PLANE('',#3325);
#2957=PLANE('',#3329);
#2958=PLANE('',#3333);
#2959=PLANE('',#3337);
#2960=PLANE('',#3341);
#2961=PLANE('',#3345);
#2962=PLANE('',#3349);
#2963=PLANE('',#3353);
#2964=PLANE('',#3357);
#2965=PLANE('',#3362);
#2966=PLANE('',#3366);
#2967=PLANE('',#3374);
#2968=PLANE('',#3375);
#2969=PLANE('',#3376);
#2970=PLANE('',#3383);
#2971=PLANE('',#3384);
#2972=PLANE('',#3385);
#2973=PLANE('',#3392);
#2974=PLANE('',#3393);
#2975=PLANE('',#3394);
#2976=PLANE('',#3401);
#2977=PLANE('',#3402);
#2978=PLANE('',#3403);
#2979=PLANE('',#3410);
#2980=PLANE('',#3411);
#2981=PLANE('',#3412);
#2982=PLANE('',#3419);
#2983=PLANE('',#3420);
#2984=PLANE('',#3421);
#2985=PLANE('',#3428);
#2986=PLANE('',#3429);
#2987=PLANE('',#3430);
#2988=PLANE('',#3437);
#2989=PLANE('',#3438);
#2990=PLANE('',#3439);
#2991=PLANE('',#3443);
#2992=PLANE('',#3444);
#2993=PLANE('',#3445);
#2994=PLANE('',#3449);
#2995=PLANE('',#3450);
#2996=PLANE('',#3451);
#2997=PLANE('',#3455);
#2998=PLANE('',#3456);
#2999=PLANE('',#3457);
#3000=PLANE('',#3458);
#3001=PLANE('',#3459);
#3002=PLANE('',#3460);
#3003=PLANE('',#3464);
#3004=PLANE('',#3465);
#3005=PLANE('',#3472);
#3006=PLANE('',#3473);
#3007=PLANE('',#3474);
#3008=PLANE('',#3511);
#3009=PLANE('',#3544);
#3010=PLANE('',#3548);
#3011=PLANE('',#3549);
#3012=PLANE('',#3550);
#3013=PLANE('',#3551);
#3014=PLANE('',#3552);
#3015=PLANE('',#3558);
#3016=PLANE('',#3562);
#3017=PLANE('',#3566);
#3018=ADVANCED_FACE('',(#604,#594),#2929,.F.);
#3019=ADVANCED_FACE('',(#605,#595),#2930,.T.);
#3020=ADVANCED_FACE('',(#606),#538,.T.);
#3021=ADVANCED_FACE('',(#607),#539,.F.);
#3022=ADVANCED_FACE('',(#608),#540,.T.);
#3023=ADVANCED_FACE('',(#609),#62,.T.);
#3024=ADVANCED_FACE('',(#610),#63,.T.);
#3025=ADVANCED_FACE('',(#611),#64,.T.);
#3026=ADVANCED_FACE('',(#612),#65,.T.);
#3027=ADVANCED_FACE('',(#613),#66,.T.);
#3028=ADVANCED_FACE('',(#614),#67,.T.);
#3029=ADVANCED_FACE('',(#615),#68,.T.);
#3030=ADVANCED_FACE('',(#616),#69,.T.);
#3031=ADVANCED_FACE('',(#617),#70,.T.);
#3032=ADVANCED_FACE('',(#618),#2931,.F.);
#3033=ADVANCED_FACE('',(#619),#541,.T.);
#3034=ADVANCED_FACE('',(#620),#542,.T.);
#3035=ADVANCED_FACE('',(#621),#543,.T.);
#3036=ADVANCED_FACE('',(#622),#2932,.F.);
#3037=ADVANCED_FACE('',(#623),#71,.T.);
#3038=ADVANCED_FACE('',(#624),#72,.T.);
#3039=ADVANCED_FACE('',(#625),#73,.T.);
#3040=ADVANCED_FACE('',(#626),#74,.T.);
#3041=ADVANCED_FACE('',(#627),#75,.T.);
#3042=ADVANCED_FACE('',(#628),#76,.T.);
#3043=ADVANCED_FACE('',(#629),#77,.T.);
#3044=ADVANCED_FACE('',(#630),#78,.T.);
#3045=ADVANCED_FACE('',(#631),#79,.T.);
#3046=ADVANCED_FACE('',(#632),#2933,.F.);
#3047=ADVANCED_FACE('',(#633),#544,.T.);
#3048=ADVANCED_FACE('',(#634),#545,.T.);
#3049=ADVANCED_FACE('',(#635),#546,.T.);
#3050=ADVANCED_FACE('',(#636),#2934,.F.);
#3051=ADVANCED_FACE('',(#637),#15,.T.);
#3052=ADVANCED_FACE('',(#638),#547,.F.);
#3053=ADVANCED_FACE('',(#639,#596),#2935,.T.);
#3054=ADVANCED_FACE('',(#640),#16,.T.);
#3055=ADVANCED_FACE('',(#641),#2936,.T.);
#3056=ADVANCED_FACE('',(#642),#2937,.F.);
#3057=ADVANCED_FACE('',(#643),#2938,.T.);
#3058=ADVANCED_FACE('',(#644),#2939,.T.);
#3059=ADVANCED_FACE('',(#645),#2940,.T.);
#3060=ADVANCED_FACE('',(#646),#2941,.T.);
#3061=ADVANCED_FACE('',(#647),#2942,.T.);
#3062=ADVANCED_FACE('',(#648),#2943,.T.);
#3063=ADVANCED_FACE('',(#649),#2944,.T.);
#3064=ADVANCED_FACE('',(#650),#2945,.T.);
#3065=ADVANCED_FACE('',(#651),#2946,.T.);
#3066=ADVANCED_FACE('',(#652),#2947,.T.);
#3067=ADVANCED_FACE('',(#653),#2948,.T.);
#3068=ADVANCED_FACE('',(#654),#2949,.T.);
#3069=ADVANCED_FACE('',(#655),#2950,.T.);
#3070=ADVANCED_FACE('',(#656),#2951,.T.);
#3071=ADVANCED_FACE('',(#657),#2952,.T.);
#3072=ADVANCED_FACE('',(#658),#2953,.T.);
#3073=ADVANCED_FACE('',(#659),#2954,.T.);
#3074=ADVANCED_FACE('',(#660),#2955,.T.);
#3075=ADVANCED_FACE('',(#661),#2956,.T.);
#3076=ADVANCED_FACE('',(#662),#2957,.T.);
#3077=ADVANCED_FACE('',(#663),#2958,.T.);
#3078=ADVANCED_FACE('',(#664),#2959,.T.);
#3079=ADVANCED_FACE('',(#665),#2960,.T.);
#3080=ADVANCED_FACE('',(#666),#2961,.T.);
#3081=ADVANCED_FACE('',(#667),#2962,.T.);
#3082=ADVANCED_FACE('',(#668),#2963,.T.);
#3083=ADVANCED_FACE('',(#669),#2964,.T.);
#3084=ADVANCED_FACE('',(#670),#2965,.T.);
#3085=ADVANCED_FACE('',(#671),#2966,.T.);
#3086=ADVANCED_FACE('',(#672),#548,.T.);
#3087=ADVANCED_FACE('',(#673),#549,.T.);
#3088=ADVANCED_FACE('',(#674),#2967,.F.);
#3089=ADVANCED_FACE('',(#675),#2968,.F.);
#3090=ADVANCED_FACE('',(#676),#2969,.F.);
#3091=ADVANCED_FACE('',(#677),#550,.T.);
#3092=ADVANCED_FACE('',(#678),#551,.T.);
#3093=ADVANCED_FACE('',(#679),#2970,.F.);
#3094=ADVANCED_FACE('',(#680),#2971,.F.);
#3095=ADVANCED_FACE('',(#681),#2972,.F.);
#3096=ADVANCED_FACE('',(#682),#552,.T.);
#3097=ADVANCED_FACE('',(#683),#553,.T.);
#3098=ADVANCED_FACE('',(#684),#2973,.F.);
#3099=ADVANCED_FACE('',(#685),#2974,.F.);
#3100=ADVANCED_FACE('',(#686),#2975,.F.);
#3101=ADVANCED_FACE('',(#687),#554,.T.);
#3102=ADVANCED_FACE('',(#688),#555,.T.);
#3103=ADVANCED_FACE('',(#689),#2976,.F.);
#3104=ADVANCED_FACE('',(#690),#2977,.F.);
#3105=ADVANCED_FACE('',(#691),#2978,.F.);
#3106=ADVANCED_FACE('',(#692),#556,.T.);
#3107=ADVANCED_FACE('',(#693),#557,.T.);
#3108=ADVANCED_FACE('',(#694),#2979,.F.);
#3109=ADVANCED_FACE('',(#695),#2980,.F.);
#3110=ADVANCED_FACE('',(#696),#2981,.F.);
#3111=ADVANCED_FACE('',(#697),#558,.T.);
#3112=ADVANCED_FACE('',(#698),#559,.T.);
#3113=ADVANCED_FACE('',(#699),#2982,.F.);
#3114=ADVANCED_FACE('',(#700),#2983,.F.);
#3115=ADVANCED_FACE('',(#701),#2984,.F.);
#3116=ADVANCED_FACE('',(#702),#560,.T.);
#3117=ADVANCED_FACE('',(#703),#561,.T.);
#3118=ADVANCED_FACE('',(#704),#2985,.F.);
#3119=ADVANCED_FACE('',(#705),#2986,.F.);
#3120=ADVANCED_FACE('',(#706),#2987,.F.);
#3121=ADVANCED_FACE('',(#707),#562,.T.);
#3122=ADVANCED_FACE('',(#708),#563,.T.);
#3123=ADVANCED_FACE('',(#709),#2988,.F.);
#3124=ADVANCED_FACE('',(#710),#2989,.F.);
#3125=ADVANCED_FACE('',(#711),#2990,.F.);
#3126=ADVANCED_FACE('',(#712),#564,.T.);
#3127=ADVANCED_FACE('',(#713),#2991,.F.);
#3128=ADVANCED_FACE('',(#714),#2992,.F.);
#3129=ADVANCED_FACE('',(#715),#2993,.F.);
#3130=ADVANCED_FACE('',(#716),#565,.T.);
#3131=ADVANCED_FACE('',(#717),#2994,.F.);
#3132=ADVANCED_FACE('',(#718),#2995,.F.);
#3133=ADVANCED_FACE('',(#719),#2996,.F.);
#3134=ADVANCED_FACE('',(#720),#566,.T.);
#3135=ADVANCED_FACE('',(#721),#2997,.F.);
#3136=ADVANCED_FACE('',(#722),#2998,.F.);
#3137=ADVANCED_FACE('',(#723),#2999,.F.);
#3138=ADVANCED_FACE('',(#724),#3000,.F.);
#3139=ADVANCED_FACE('',(#725),#3001,.F.);
#3140=ADVANCED_FACE('',(#726),#3002,.F.);
#3141=ADVANCED_FACE('',(#727),#567,.T.);
#3142=ADVANCED_FACE('',(#728),#3003,.F.);
#3143=ADVANCED_FACE('',(#729),#3004,.F.);
#3144=ADVANCED_FACE('',(#730),#568,.T.);
#3145=ADVANCED_FACE('',(#731),#569,.T.);
#3146=ADVANCED_FACE('',(#732),#3005,.F.);
#3147=ADVANCED_FACE('',(#733),#3006,.F.);
#3148=ADVANCED_FACE('',(#734),#3007,.F.);
#3149=ADVANCED_FACE('',(#735),#570,.T.);
#3150=ADVANCED_FACE('',(#736),#571,.T.);
#3151=ADVANCED_FACE('',(#737),#572,.T.);
#3152=ADVANCED_FACE('',(#738),#573,.T.);
#3153=ADVANCED_FACE('',(#739),#574,.T.);
#3154=ADVANCED_FACE('',(#740),#575,.T.);
#3155=ADVANCED_FACE('',(#741),#576,.T.);
#3156=ADVANCED_FACE('',(#742),#577,.T.);
#3157=ADVANCED_FACE('',(#743),#578,.T.);
#3158=ADVANCED_FACE('',(#744),#579,.T.);
#3159=ADVANCED_FACE('',(#745),#580,.T.);
#3160=ADVANCED_FACE('',(#746),#581,.T.);
#3161=ADVANCED_FACE('',(#747),#3008,.F.);
#3162=ADVANCED_FACE('',(#748),#582,.T.);
#3163=ADVANCED_FACE('',(#749),#583,.T.);
#3164=ADVANCED_FACE('',(#750),#584,.T.);
#3165=ADVANCED_FACE('',(#751),#585,.T.);
#3166=ADVANCED_FACE('',(#752),#586,.T.);
#3167=ADVANCED_FACE('',(#753),#587,.T.);
#3168=ADVANCED_FACE('',(#754),#588,.T.);
#3169=ADVANCED_FACE('',(#755),#17,.T.);
#3170=ADVANCED_FACE('',(#756),#14,.T.);
#3171=ADVANCED_FACE('',(#757),#18,.F.);
#3172=ADVANCED_FACE('',(#758),#19,.T.);
#3173=ADVANCED_FACE('',(#759),#3009,.F.);
#3174=ADVANCED_FACE('',(#760),#589,.F.);
#3175=ADVANCED_FACE('',(#761),#3010,.F.);
#3176=ADVANCED_FACE('',(#762,#597),#3011,.F.);
#3177=ADVANCED_FACE('',(#763),#3012,.F.);
#3178=ADVANCED_FACE('',(#764),#3013,.F.);
#3179=ADVANCED_FACE('',(#765,#598),#3014,.F.);
#3180=ADVANCED_FACE('',(#766,#599),#590,.F.);
#3181=ADVANCED_FACE('',(#767),#591,.T.);
#3182=ADVANCED_FACE('',(#768,#600,#601),#3015,.T.);
#3183=ADVANCED_FACE('',(#769),#592,.F.);
#3184=ADVANCED_FACE('',(#770,#602),#3016,.F.);
#3185=ADVANCED_FACE('',(#771),#593,.T.);
#3186=ADVANCED_FACE('',(#772,#603),#3017,.F.);
#3187=CLOSED_SHELL('',(#3018,#3019,#3020,#3021));
#3188=CLOSED_SHELL('',(#3022,#3023,#3024,#3025,#3026,#3027,#3028,#3029,
#3030,#3031,#3032,#3033,#3034,#3035,#3036,#3037,#3038,#3039,#3040,#3041,
#3042,#3043,#3044,#3045,#3046,#3047,#3048,#3049,#3050,#3051,#3052,#3053,
#3054,#3055,#3056,#3057,#3058,#3059,#3060,#3061,#3062,#3063,#3064,#3065,
#3066,#3067,#3068,#3069,#3070,#3071,#3072,#3073,#3074,#3075,#3076,#3077,
#3078,#3079,#3080,#3081,#3082,#3083,#3084,#3085,#3086,#3087,#3088,#3089,
#3090,#3091,#3092,#3093,#3094,#3095,#3096,#3097,#3098,#3099,#3100,#3101,
#3102,#3103,#3104,#3105,#3106,#3107,#3108,#3109,#3110,#3111,#3112,#3113,
#3114,#3115,#3116,#3117,#3118,#3119,#3120,#3121,#3122,#3123,#3124,#3125,
#3126,#3127,#3128,#3129,#3130,#3131,#3132,#3133,#3134,#3135,#3136,#3137,
#3138,#3139,#3140,#3141,#3142,#3143,#3144,#3145,#3146,#3147,#3148,#3149,
#3150,#3151,#3152,#3153,#3154,#3155,#3156,#3157,#3158,#3159,#3160,#3161,
#3162,#3163,#3164,#3165,#3166,#3167,#3168,#3169,#3170,#3171,#3172,#3173,
#3174,#3175,#3176,#3177,#3178,#3179,#3180,#3181,#3182));
#3189=CLOSED_SHELL('',(#3183,#3184,#3185,#3186));
#3190=BREP_WITH_VOIDS('Lifter Pulley',#3188,(#80,#81));
#3191=DERIVED_UNIT_ELEMENT(#3193,1.);
#3192=DERIVED_UNIT_ELEMENT(#6105,-3.);
#3193=(
MASS_UNIT()
NAMED_UNIT(*)
SI_UNIT(.KILO.,.GRAM.)
);
#3194=DERIVED_UNIT((#3191,#3192));
#3195=MEASURE_REPRESENTATION_ITEM('density measure',
POSITIVE_RATIO_MEASURE(7850.),#3194);
#3196=PROPERTY_DEFINITION_REPRESENTATION(#3201,#3198);
#3197=PROPERTY_DEFINITION_REPRESENTATION(#3202,#3199);
#3198=REPRESENTATION('material name',(#3200),#6100);
#3199=REPRESENTATION('density',(#3195),#6100);
#3200=DESCRIPTIVE_REPRESENTATION_ITEM('Steel','Steel');
#3201=PROPERTY_DEFINITION('material property','material name',#6113);
#3202=PROPERTY_DEFINITION('material property','density of part',#6113);
#3203=AXIS2_PLACEMENT_3D('',#4523,#3567,#3568);
#3204=AXIS2_PLACEMENT_3D('',#4524,#3569,#3570);
#3205=AXIS2_PLACEMENT_3D('',#4526,#3571,#3572);
#3206=AXIS2_PLACEMENT_3D('',#4528,#3573,#3574);
#3207=AXIS2_PLACEMENT_3D('',#4529,#3575,#3576);
#3208=AXIS2_PLACEMENT_3D('',#4531,#3577,#3578);
#3209=AXIS2_PLACEMENT_3D('',#4533,#3579,#3580);
#3210=AXIS2_PLACEMENT_3D('',#4534,#3581,#3582);
#3211=AXIS2_PLACEMENT_3D('',#4536,#3584,#3585);
#3212=AXIS2_PLACEMENT_3D('',#4538,#3587,#3588);
#3213=AXIS2_PLACEMENT_3D('',#4541,#3589,#3590);
#3214=AXIS2_PLACEMENT_3D('',#4542,#3591,#3592);
#3215=AXIS2_PLACEMENT_3D('',#4545,#3594,#3595);
#3216=AXIS2_PLACEMENT_3D('',#4888,#3604,#3605);
#3217=AXIS2_PLACEMENT_3D('',#4894,#3609,#3610);
#3218=AXIS2_PLACEMENT_3D('',#4898,#3612,#3613);
#3219=AXIS2_PLACEMENT_3D('',#4899,#3614,#3615);
#3220=AXIS2_PLACEMENT_3D('',#4900,#3616,#3617);
#3221=AXIS2_PLACEMENT_3D('',#4904,#3619,#3620);
#3222=AXIS2_PLACEMENT_3D('',#4907,#3622,#3623);
#3223=AXIS2_PLACEMENT_3D('',#4908,#3624,#3625);
#3224=AXIS2_PLACEMENT_3D('',#4912,#3627,#3628);
#3225=AXIS2_PLACEMENT_3D('',#4913,#3629,#3630);
#3226=AXIS2_PLACEMENT_3D('',#4914,#3631,#3632);
#3227=AXIS2_PLACEMENT_3D('',#5260,#3643,#3644);
#3228=AXIS2_PLACEMENT_3D('',#5266,#3648,#3649);
#3229=AXIS2_PLACEMENT_3D('',#5270,#3651,#3652);
#3230=AXIS2_PLACEMENT_3D('',#5271,#3653,#3654);
#3231=AXIS2_PLACEMENT_3D('',#5272,#3655,#3656);
#3232=AXIS2_PLACEMENT_3D('',#5276,#3658,#3659);
#3233=AXIS2_PLACEMENT_3D('',#5279,#3661,#3662);
#3234=AXIS2_PLACEMENT_3D('',#5280,#3663,#3664);
#3235=AXIS2_PLACEMENT_3D('',#5284,#3666,#3667);
#3236=AXIS2_PLACEMENT_3D('',#5285,#3668,#3669);
#3237=AXIS2_PLACEMENT_3D('',#5286,#3670,#3671);
#3238=AXIS2_PLACEMENT_3D('',#5290,#3674,#3675);
#3239=AXIS2_PLACEMENT_3D('',#5293,#3676,#3677);
#3240=AXIS2_PLACEMENT_3D('',#5294,#3678,#3679);
#3241=AXIS2_PLACEMENT_3D('',#5298,#3681,#3682);
#3242=AXIS2_PLACEMENT_3D('',#5299,#3683,#3684);
#3243=AXIS2_PLACEMENT_3D('',#5300,#3685,#3686);
#3244=AXIS2_PLACEMENT_3D('',#5302,#3687,#3688);
#3245=AXIS2_PLACEMENT_3D('',#5342,#3690,#3691);
#3246=AXIS2_PLACEMENT_3D('',#5344,#3692,#3693);
#3247=AXIS2_PLACEMENT_3D('',#5345,#3694,#3695);
#3248=AXIS2_PLACEMENT_3D('',#5347,#3696,#3697);
#3249=AXIS2_PLACEMENT_3D('',#5349,#3699,#3700);
#3250=AXIS2_PLACEMENT_3D('',#5354,#3702,#3703);
#3251=AXIS2_PLACEMENT_3D('',#5356,#3704,#3705);
#3252=AXIS2_PLACEMENT_3D('',#5358,#3706,#3707);
#3253=AXIS2_PLACEMENT_3D('',#5362,#3710,#3711);
#3254=AXIS2_PLACEMENT_3D('',#5368,#3715,#3716);
#3255=AXIS2_PLACEMENT_3D('',#5371,#3717,#3718);
#3256=AXIS2_PLACEMENT_3D('',#5372,#3719,#3720);
#3257=AXIS2_PLACEMENT_3D('',#5377,#3723,#3724);
#3258=AXIS2_PLACEMENT_3D('',#5378,#3725,#3726);
#3259=AXIS2_PLACEMENT_3D('',#5383,#3728,#3729);
#3260=AXIS2_PLACEMENT_3D('',#5385,#3730,#3731);
#3261=AXIS2_PLACEMENT_3D('',#5387,#3732,#3733);
#3262=AXIS2_PLACEMENT_3D('',#5391,#3736,#3737);
#3263=AXIS2_PLACEMENT_3D('',#5394,#3738,#3739);
#3264=AXIS2_PLACEMENT_3D('',#5396,#3740,#3741);
#3265=AXIS2_PLACEMENT_3D('',#5398,#3742,#3743);
#3266=AXIS2_PLACEMENT_3D('',#5404,#3747,#3748);
#3267=AXIS2_PLACEMENT_3D('',#5407,#3749,#3750);
#3268=AXIS2_PLACEMENT_3D('',#5409,#3751,#3752);
#3269=AXIS2_PLACEMENT_3D('',#5411,#3753,#3754);
#3270=AXIS2_PLACEMENT_3D('',#5417,#3758,#3759);
#3271=AXIS2_PLACEMENT_3D('',#5420,#3760,#3761);
#3272=AXIS2_PLACEMENT_3D('',#5422,#3762,#3763);
#3273=AXIS2_PLACEMENT_3D('',#5424,#3764,#3765);
#3274=AXIS2_PLACEMENT_3D('',#5430,#3769,#3770);
#3275=AXIS2_PLACEMENT_3D('',#5433,#3771,#3772);
#3276=AXIS2_PLACEMENT_3D('',#5435,#3773,#3774);
#3277=AXIS2_PLACEMENT_3D('',#5437,#3775,#3776);
#3278=AXIS2_PLACEMENT_3D('',#5443,#3780,#3781);
#3279=AXIS2_PLACEMENT_3D('',#5446,#3782,#3783);
#3280=AXIS2_PLACEMENT_3D('',#5448,#3784,#3785);
#3281=AXIS2_PLACEMENT_3D('',#5450,#3786,#3787);
#3282=AXIS2_PLACEMENT_3D('',#5456,#3791,#3792);
#3283=AXIS2_PLACEMENT_3D('',#5459,#3793,#3794);
#3284=AXIS2_PLACEMENT_3D('',#5461,#3795,#3796);
#3285=AXIS2_PLACEMENT_3D('',#5463,#3797,#3798);
#3286=AXIS2_PLACEMENT_3D('',#5469,#3802,#3803);
#3287=AXIS2_PLACEMENT_3D('',#5472,#3804,#3805);
#3288=AXIS2_PLACEMENT_3D('',#5474,#3806,#3807);
#3289=AXIS2_PLACEMENT_3D('',#5476,#3808,#3809);
#3290=AXIS2_PLACEMENT_3D('',#5482,#3813,#3814);
#3291=AXIS2_PLACEMENT_3D('',#5485,#3815,#3816);
#3292=AXIS2_PLACEMENT_3D('',#5487,#3817,#3818);
#3293=AXIS2_PLACEMENT_3D('',#5489,#3819,#3820);
#3294=AXIS2_PLACEMENT_3D('',#5495,#3824,#3825);
#3295=AXIS2_PLACEMENT_3D('',#5498,#3826,#3827);
#3296=AXIS2_PLACEMENT_3D('',#5500,#3828,#3829);
#3297=AXIS2_PLACEMENT_3D('',#5502,#3830,#3831);
#3298=AXIS2_PLACEMENT_3D('',#5508,#3835,#3836);
#3299=AXIS2_PLACEMENT_3D('',#5511,#3837,#3838);
#3300=AXIS2_PLACEMENT_3D('',#5513,#3839,#3840);
#3301=AXIS2_PLACEMENT_3D('',#5515,#3841,#3842);
#3302=AXIS2_PLACEMENT_3D('',#5521,#3846,#3847);
#3303=AXIS2_PLACEMENT_3D('',#5524,#3848,#3849);
#3304=AXIS2_PLACEMENT_3D('',#5526,#3850,#3851);
#3305=AXIS2_PLACEMENT_3D('',#5528,#3852,#3853);
#3306=AXIS2_PLACEMENT_3D('',#5530,#3854,#3855);
#3307=AXIS2_PLACEMENT_3D('',#5536,#3859,#3860);
#3308=AXIS2_PLACEMENT_3D('',#5539,#3861,#3862);
#3309=AXIS2_PLACEMENT_3D('',#5541,#3863,#3864);
#3310=AXIS2_PLACEMENT_3D('',#5543,#3865,#3866);
#3311=AXIS2_PLACEMENT_3D('',#5549,#3870,#3871);
#3312=AXIS2_PLACEMENT_3D('',#5550,#3872,#3873);
#3313=AXIS2_PLACEMENT_3D('',#5552,#3875,#3876);
#3314=AXIS2_PLACEMENT_3D('',#5555,#3877,#3878);
#3315=AXIS2_PLACEMENT_3D('',#5557,#3879,#3880);
#3316=AXIS2_PLACEMENT_3D('',#5564,#3884,#3885);
#3317=AXIS2_PLACEMENT_3D('',#5565,#3886,#3887);
#3318=AXIS2_PLACEMENT_3D('',#5568,#3888,#3889);
#3319=AXIS2_PLACEMENT_3D('',#5576,#3893,#3894);
#3320=AXIS2_PLACEMENT_3D('',#5577,#3895,#3896);
#3321=AXIS2_PLACEMENT_3D('',#5578,#3897,#3898);
#3322=AXIS2_PLACEMENT_3D('',#5581,#3899,#3900);
#3323=AXIS2_PLACEMENT_3D('',#5589,#3904,#3905);
#3324=AXIS2_PLACEMENT_3D('',#5590,#3906,#3907);
#3325=AXIS2_PLACEMENT_3D('',#5591,#3908,#3909);
#3326=AXIS2_PLACEMENT_3D('',#5594,#3910,#3911);
#3327=AXIS2_PLACEMENT_3D('',#5602,#3915,#3916);
#3328=AXIS2_PLACEMENT_3D('',#5603,#3917,#3918);
#3329=AXIS2_PLACEMENT_3D('',#5604,#3919,#3920);
#3330=AXIS2_PLACEMENT_3D('',#5607,#3921,#3922);
#3331=AXIS2_PLACEMENT_3D('',#5615,#3926,#3927);
#3332=AXIS2_PLACEMENT_3D('',#5616,#3928,#3929);
#3333=AXIS2_PLACEMENT_3D('',#5617,#3930,#3931);
#3334=AXIS2_PLACEMENT_3D('',#5620,#3932,#3933);
#3335=AXIS2_PLACEMENT_3D('',#5628,#3937,#3938);
#3336=AXIS2_PLACEMENT_3D('',#5629,#3939,#3940);
#3337=AXIS2_PLACEMENT_3D('',#5630,#3941,#3942);
#3338=AXIS2_PLACEMENT_3D('',#5633,#3943,#3944);
#3339=AXIS2_PLACEMENT_3D('',#5641,#3948,#3949);
#3340=AXIS2_PLACEMENT_3D('',#5642,#3950,#3951);
#3341=AXIS2_PLACEMENT_3D('',#5643,#3952,#3953);
#3342=AXIS2_PLACEMENT_3D('',#5646,#3954,#3955);
#3343=AXIS2_PLACEMENT_3D('',#5654,#3959,#3960);
#3344=AXIS2_PLACEMENT_3D('',#5655,#3961,#3962);
#3345=AXIS2_PLACEMENT_3D('',#5656,#3963,#3964);
#3346=AXIS2_PLACEMENT_3D('',#5659,#3965,#3966);
#3347=AXIS2_PLACEMENT_3D('',#5667,#3970,#3971);
#3348=AXIS2_PLACEMENT_3D('',#5668,#3972,#3973);
#3349=AXIS2_PLACEMENT_3D('',#5669,#3974,#3975);
#3350=AXIS2_PLACEMENT_3D('',#5672,#3976,#3977);
#3351=AXIS2_PLACEMENT_3D('',#5680,#3981,#3982);
#3352=AXIS2_PLACEMENT_3D('',#5681,#3983,#3984);
#3353=AXIS2_PLACEMENT_3D('',#5682,#3985,#3986);
#3354=AXIS2_PLACEMENT_3D('',#5685,#3987,#3988);
#3355=AXIS2_PLACEMENT_3D('',#5693,#3992,#3993);
#3356=AXIS2_PLACEMENT_3D('',#5694,#3994,#3995);
#3357=AXIS2_PLACEMENT_3D('',#5695,#3996,#3997);
#3358=AXIS2_PLACEMENT_3D('',#5698,#3998,#3999);
#3359=AXIS2_PLACEMENT_3D('',#5706,#4003,#4004);
#3360=AXIS2_PLACEMENT_3D('',#5708,#4005,#4006);
#3361=AXIS2_PLACEMENT_3D('',#5709,#4007,#4008);
#3362=AXIS2_PLACEMENT_3D('',#5710,#4009,#4010);
#3363=AXIS2_PLACEMENT_3D('',#5713,#4011,#4012);
#3364=AXIS2_PLACEMENT_3D('',#5721,#4016,#4017);
#3365=AXIS2_PLACEMENT_3D('',#5722,#4018,#4019);
#3366=AXIS2_PLACEMENT_3D('',#5723,#4020,#4021);
#3367=AXIS2_PLACEMENT_3D('',#5724,#4022,#4023);
#3368=AXIS2_PLACEMENT_3D('',#5726,#4025,#4026);
#3369=AXIS2_PLACEMENT_3D('',#5727,#4027,#4028);
#3370=AXIS2_PLACEMENT_3D('',#5728,#4029,#4030);
#3371=AXIS2_PLACEMENT_3D('',#5729,#4031,#4032);
#3372=AXIS2_PLACEMENT_3D('',#5733,#4034,#4035);
#3373=AXIS2_PLACEMENT_3D('',#5735,#4037,#4038);
#3374=AXIS2_PLACEMENT_3D('',#5736,#4039,#4040);
#3375=AXIS2_PLACEMENT_3D('',#5738,#4042,#4043);
#3376=AXIS2_PLACEMENT_3D('',#5739,#4044,#4045);
#3377=AXIS2_PLACEMENT_3D('',#5742,#4048,#4049);
#3378=AXIS2_PLACEMENT_3D('',#5744,#4050,#4051);
#3379=AXIS2_PLACEMENT_3D('',#5747,#4053,#4054);
#3380=AXIS2_PLACEMENT_3D('',#5748,#4055,#4056);
#3381=AXIS2_PLACEMENT_3D('',#5752,#4058,#4059);
#3382=AXIS2_PLACEMENT_3D('',#5754,#4061,#4062);
#3383=AXIS2_PLACEMENT_3D('',#5755,#4063,#4064);
#3384=AXIS2_PLACEMENT_3D('',#5757,#4066,#4067);
#3385=AXIS2_PLACEMENT_3D('',#5758,#4068,#4069);
#3386=AXIS2_PLACEMENT_3D('',#5761,#4072,#4073);
#3387=AXIS2_PLACEMENT_3D('',#5763,#4074,#4075);
#3388=AXIS2_PLACEMENT_3D('',#5766,#4077,#4078);
#3389=AXIS2_PLACEMENT_3D('',#5767,#4079,#4080);
#3390=AXIS2_PLACEMENT_3D('',#5771,#4082,#4083);
#3391=AXIS2_PLACEMENT_3D('',#5773,#4085,#4086);
#3392=AXIS2_PLACEMENT_3D('',#5774,#4087,#4088);
#3393=AXIS2_PLACEMENT_3D('',#5776,#4090,#4091);
#3394=AXIS2_PLACEMENT_3D('',#5777,#4092,#4093);
#3395=AXIS2_PLACEMENT_3D('',#5780,#4096,#4097);
#3396=AXIS2_PLACEMENT_3D('',#5782,#4098,#4099);
#3397=AXIS2_PLACEMENT_3D('',#5785,#4101,#4102);
#3398=AXIS2_PLACEMENT_3D('',#5786,#4103,#4104);
#3399=AXIS2_PLACEMENT_3D('',#5790,#4106,#4107);
#3400=AXIS2_PLACEMENT_3D('',#5792,#4109,#4110);
#3401=AXIS2_PLACEMENT_3D('',#5793,#4111,#4112);
#3402=AXIS2_PLACEMENT_3D('',#5795,#4114,#4115);
#3403=AXIS2_PLACEMENT_3D('',#5796,#4116,#4117);
#3404=AXIS2_PLACEMENT_3D('',#5799,#4120,#4121);
#3405=AXIS2_PLACEMENT_3D('',#5801,#4122,#4123);
#3406=AXIS2_PLACEMENT_3D('',#5804,#4125,#4126);
#3407=AXIS2_PLACEMENT_3D('',#5805,#4127,#4128);
#3408=AXIS2_PLACEMENT_3D('',#5809,#4130,#4131);
#3409=AXIS2_PLACEMENT_3D('',#5811,#4133,#4134);
#3410=AXIS2_PLACEMENT_3D('',#5812,#4135,#4136);
#3411=AXIS2_PLACEMENT_3D('',#5814,#4138,#4139);
#3412=AXIS2_PLACEMENT_3D('',#5815,#4140,#4141);
#3413=AXIS2_PLACEMENT_3D('',#5818,#4144,#4145);
#3414=AXIS2_PLACEMENT_3D('',#5820,#4146,#4147);
#3415=AXIS2_PLACEMENT_3D('',#5823,#4149,#4150);
#3416=AXIS2_PLACEMENT_3D('',#5824,#4151,#4152);
#3417=AXIS2_PLACEMENT_3D('',#5828,#4154,#4155);
#3418=AXIS2_PLACEMENT_3D('',#5830,#4157,#4158);
#3419=AXIS2_PLACEMENT_3D('',#5831,#4159,#4160);
#3420=AXIS2_PLACEMENT_3D('',#5833,#4162,#4163);
#3421=AXIS2_PLACEMENT_3D('',#5834,#4164,#4165);
#3422=AXIS2_PLACEMENT_3D('',#5837,#4168,#4169);
#3423=AXIS2_PLACEMENT_3D('',#5839,#4170,#4171);
#3424=AXIS2_PLACEMENT_3D('',#5842,#4173,#4174);
#3425=AXIS2_PLACEMENT_3D('',#5843,#4175,#4176);
#3426=AXIS2_PLACEMENT_3D('',#5847,#4178,#4179);
#3427=AXIS2_PLACEMENT_3D('',#5849,#4181,#4182);
#3428=AXIS2_PLACEMENT_3D('',#5850,#4183,#4184);
#3429=AXIS2_PLACEMENT_3D('',#5852,#4186,#4187);
#3430=AXIS2_PLACEMENT_3D('',#5853,#4188,#4189);
#3431=AXIS2_PLACEMENT_3D('',#5856,#4192,#4193);
#3432=AXIS2_PLACEMENT_3D('',#5858,#4194,#4195);
#3433=AXIS2_PLACEMENT_3D('',#5861,#4197,#4198);
#3434=AXIS2_PLACEMENT_3D('',#5862,#4199,#4200);
#3435=AXIS2_PLACEMENT_3D('',#5866,#4202,#4203);
#3436=AXIS2_PLACEMENT_3D('',#5868,#4205,#4206);
#3437=AXIS2_PLACEMENT_3D('',#5869,#4207,#4208);
#3438=AXIS2_PLACEMENT_3D('',#5871,#4210,#4211);
#3439=AXIS2_PLACEMENT_3D('',#5872,#4212,#4213);
#3440=AXIS2_PLACEMENT_3D('',#5875,#4216,#4217);
#3441=AXIS2_PLACEMENT_3D('',#5879,#4219,#4220);
#3442=AXIS2_PLACEMENT_3D('',#5881,#4222,#4223);
#3443=AXIS2_PLACEMENT_3D('',#5882,#4224,#4225);
#3444=AXIS2_PLACEMENT_3D('',#5884,#4227,#4228);
#3445=AXIS2_PLACEMENT_3D('',#5885,#4229,#4230);
#3446=AXIS2_PLACEMENT_3D('',#5888,#4233,#4234);
#3447=AXIS2_PLACEMENT_3D('',#5892,#4236,#4237);
#3448=AXIS2_PLACEMENT_3D('',#5894,#4239,#4240);
#3449=AXIS2_PLACEMENT_3D('',#5895,#4241,#4242);
#3450=AXIS2_PLACEMENT_3D('',#5897,#4244,#4245);
#3451=AXIS2_PLACEMENT_3D('',#5898,#4246,#4247);
#3452=AXIS2_PLACEMENT_3D('',#5901,#4250,#4251);
#3453=AXIS2_PLACEMENT_3D('',#5905,#4253,#4254);
#3454=AXIS2_PLACEMENT_3D('',#5907,#4256,#4257);
#3455=AXIS2_PLACEMENT_3D('',#5908,#4258,#4259);
#3456=AXIS2_PLACEMENT_3D('',#5910,#4261,#4262);
#3457=AXIS2_PLACEMENT_3D('',#5911,#4263,#4264);
#3458=AXIS2_PLACEMENT_3D('',#5914,#4267,#4268);
#3459=AXIS2_PLACEMENT_3D('',#5917,#4271,#4272);
#3460=AXIS2_PLACEMENT_3D('',#5918,#4273,#4274);
#3461=AXIS2_PLACEMENT_3D('',#5921,#4277,#4278);
#3462=AXIS2_PLACEMENT_3D('',#5923,#4279,#4280);
#3463=AXIS2_PLACEMENT_3D('',#5926,#4282,#4283);
#3464=AXIS2_PLACEMENT_3D('',#5927,#4284,#4285);
#3465=AXIS2_PLACEMENT_3D('',#5930,#4288,#4289);
#3466=AXIS2_PLACEMENT_3D('',#5931,#4290,#4291);
#3467=AXIS2_PLACEMENT_3D('',#5934,#4293,#4294);
#3468=AXIS2_PLACEMENT_3D('',#5937,#4296,#4297);
#3469=AXIS2_PLACEMENT_3D('',#5938,#4298,#4299);
#3470=AXIS2_PLACEMENT_3D('',#5942,#4301,#4302);
#3471=AXIS2_PLACEMENT_3D('',#5943,#4303,#4304);
#3472=AXIS2_PLACEMENT_3D('',#5944,#4305,#4306);
#3473=AXIS2_PLACEMENT_3D('',#5946,#4308,#4309);
#3474=AXIS2_PLACEMENT_3D('',#5948,#4311,#4312);
#3475=AXIS2_PLACEMENT_3D('',#5950,#4314,#4315);
#3476=AXIS2_PLACEMENT_3D('',#5954,#4317,#4318);
#3477=AXIS2_PLACEMENT_3D('',#5955,#4319,#4320);
#3478=AXIS2_PLACEMENT_3D('',#5956,#4321,#4322);
#3479=AXIS2_PLACEMENT_3D('',#5958,#4323,#4324);
#3480=AXIS2_PLACEMENT_3D('',#5961,#4326,#4327);
#3481=AXIS2_PLACEMENT_3D('',#5962,#4328,#4329);
#3482=AXIS2_PLACEMENT_3D('',#5964,#4330,#4331);
#3483=AXIS2_PLACEMENT_3D('',#5967,#4333,#4334);
#3484=AXIS2_PLACEMENT_3D('',#5968,#4335,#4336);
#3485=AXIS2_PLACEMENT_3D('',#5970,#4337,#4338);
#3486=AXIS2_PLACEMENT_3D('',#5973,#4340,#4341);
#3487=AXIS2_PLACEMENT_3D('',#5974,#4342,#4343);
#3488=AXIS2_PLACEMENT_3D('',#5976,#4344,#4345);
#3489=AXIS2_PLACEMENT_3D('',#5979,#4347,#4348);
#3490=AXIS2_PLACEMENT_3D('',#5980,#4349,#4350);
#3491=AXIS2_PLACEMENT_3D('',#5981,#4351,#4352);
#3492=AXIS2_PLACEMENT_3D('',#5982,#4353,#4354);
#3493=AXIS2_PLACEMENT_3D('',#5983,#4355,#4356);
#3494=AXIS2_PLACEMENT_3D('',#5984,#4357,#4358);
#3495=AXIS2_PLACEMENT_3D('',#5985,#4359,#4360);
#3496=AXIS2_PLACEMENT_3D('',#5986,#4361,#4362);
#3497=AXIS2_PLACEMENT_3D('',#5987,#4363,#4364);
#3498=AXIS2_PLACEMENT_3D('',#5988,#4365,#4366);
#3499=AXIS2_PLACEMENT_3D('',#5989,#4367,#4368);
#3500=AXIS2_PLACEMENT_3D('',#5990,#4369,#4370);
#3501=AXIS2_PLACEMENT_3D('',#5991,#4371,#4372);
#3502=AXIS2_PLACEMENT_3D('',#5992,#4373,#4374);
#3503=AXIS2_PLACEMENT_3D('',#5993,#4375,#4376);
#3504=AXIS2_PLACEMENT_3D('',#5994,#4377,#4378);
#3505=AXIS2_PLACEMENT_3D('',#5995,#4379,#4380);
#3506=AXIS2_PLACEMENT_3D('',#5996,#4381,#4382);
#3507=AXIS2_PLACEMENT_3D('',#5997,#4383,#4384);
#3508=AXIS2_PLACEMENT_3D('',#5998,#4385,#4386);
#3509=AXIS2_PLACEMENT_3D('',#5999,#4387,#4388);
#3510=AXIS2_PLACEMENT_3D('',#6000,#4389,#4390);
#3511=AXIS2_PLACEMENT_3D('',#6001,#4391,#4392);
#3512=AXIS2_PLACEMENT_3D('',#6003,#4393,#4394);
#3513=AXIS2_PLACEMENT_3D('',#6004,#4395,#4396);
#3514=AXIS2_PLACEMENT_3D('',#6005,#4397,#4398);
#3515=AXIS2_PLACEMENT_3D('',#6006,#4399,#4400);
#3516=AXIS2_PLACEMENT_3D('',#6007,#4401,#4402);
#3517=AXIS2_PLACEMENT_3D('',#6008,#4403,#4404);
#3518=AXIS2_PLACEMENT_3D('',#6009,#4405,#4406);
#3519=AXIS2_PLACEMENT_3D('',#6010,#4407,#4408);
#3520=AXIS2_PLACEMENT_3D('',#6011,#4409,#4410);
#3521=AXIS2_PLACEMENT_3D('',#6012,#4411,#4412);
#3522=AXIS2_PLACEMENT_3D('',#6013,#4413,#4414);
#3523=AXIS2_PLACEMENT_3D('',#6014,#4415,#4416);
#3524=AXIS2_PLACEMENT_3D('',#6015,#4417,#4418);
#3525=AXIS2_PLACEMENT_3D('',#6016,#4419,#4420);
#3526=AXIS2_PLACEMENT_3D('',#6017,#4421,#4422);
#3527=AXIS2_PLACEMENT_3D('',#6018,#4423,#4424);
#3528=AXIS2_PLACEMENT_3D('',#6019,#4425,#4426);
#3529=AXIS2_PLACEMENT_3D('',#6020,#4427,#4428);
#3530=AXIS2_PLACEMENT_3D('',#6021,#4429,#4430);
#3531=AXIS2_PLACEMENT_3D('',#6022,#4431,#4432);
#3532=AXIS2_PLACEMENT_3D('',#6023,#4433,#4434);
#3533=AXIS2_PLACEMENT_3D('',#6024,#4435,#4436);
#3534=AXIS2_PLACEMENT_3D('',#6025,#4437,#4438);
#3535=AXIS2_PLACEMENT_3D('',#6026,#4439,#4440);
#3536=AXIS2_PLACEMENT_3D('',#6029,#4441,#4442);
#3537=AXIS2_PLACEMENT_3D('',#6030,#4443,#4444);
#3538=AXIS2_PLACEMENT_3D('',#6032,#4446,#4447);
#3539=AXIS2_PLACEMENT_3D('',#6033,#4448,#4449);
#3540=AXIS2_PLACEMENT_3D('',#6034,#4450,#4451);
#3541=AXIS2_PLACEMENT_3D('',#6037,#4452,#4453);
#3542=AXIS2_PLACEMENT_3D('',#6038,#4454,#4455);
#3543=AXIS2_PLACEMENT_3D('',#6040,#4457,#4458);
#3544=AXIS2_PLACEMENT_3D('',#6042,#4460,#4461);
#3545=AXIS2_PLACEMENT_3D('',#6043,#4462,#4463);
#3546=AXIS2_PLACEMENT_3D('',#6044,#4464,#4465);
#3547=AXIS2_PLACEMENT_3D('',#6047,#4467,#4468);
#3548=AXIS2_PLACEMENT_3D('',#6048,#4469,#4470);
#3549=AXIS2_PLACEMENT_3D('',#6057,#4475,#4476);
#3550=AXIS2_PLACEMENT_3D('',#6063,#4480,#4481);
#3551=AXIS2_PLACEMENT_3D('',#6067,#4484,#4485);
#3552=AXIS2_PLACEMENT_3D('',#6071,#4488,#4489);
#3553=AXIS2_PLACEMENT_3D('',#6073,#4491,#4492);
#3554=AXIS2_PLACEMENT_3D('',#6076,#4493,#4494);
#3555=AXIS2_PLACEMENT_3D('',#6077,#4495,#4496);
#3556=AXIS2_PLACEMENT_3D('',#6079,#4498,#4499);
#3557=AXIS2_PLACEMENT_3D('',#6081,#4500,#4501);
#3558=AXIS2_PLACEMENT_3D('',#6083,#4503,#4504);
#3559=AXIS2_PLACEMENT_3D('',#6084,#4505,#4506);
#3560=AXIS2_PLACEMENT_3D('',#6086,#4507,#4508);
#3561=AXIS2_PLACEMENT_3D('',#6089,#4510,#4511);
#3562=AXIS2_PLACEMENT_3D('',#6090,#4512,#4513);
#3563=AXIS2_PLACEMENT_3D('',#6092,#4514,#4515);
#3564=AXIS2_PLACEMENT_3D('',#6093,#4516,#4517);
#3565=AXIS2_PLACEMENT_3D('',#6096,#4519,#4520);
#3566=AXIS2_PLACEMENT_3D('',#6097,#4521,#4522);
#3567=DIRECTION('axis',(0.,0.,1.));
#3568=DIRECTION('refdir',(1.,0.,0.));
#3569=DIRECTION('center_axis',(-1.48276257236931E-29,-9.98795762237995E-29,
1.));
#3570=DIRECTION('ref_axis',(1.,0.,1.48276257236931E-29));
#3571=DIRECTION('center_axis',(1.48276257236931E-29,9.98795762237995E-29,
-1.));
#3572=DIRECTION('ref_axis',(0.98915941211438,-0.14684569256718,-7.55026851935697E-14));
#3573=DIRECTION('center_axis',(-1.48276257236931E-29,-9.98795762237995E-29,
1.));
#3574=DIRECTION('ref_axis',(0.14684569256718,0.98915941211438,5.0930388491251E-13));
#3575=DIRECTION('center_axis',(-1.12345480573129E-16,-5.14920195895394E-13,
1.));
#3576=DIRECTION('ref_axis',(0.98915941211438,-0.14684569256718,-7.55026851935697E-14));
#3577=DIRECTION('center_axis',(1.12345480573129E-16,5.14920195895394E-13,
-1.));
#3578=DIRECTION('ref_axis',(0.98915941211438,-0.14684569256718,-7.55026851935697E-14));
#3579=DIRECTION('center_axis',(-1.12345480573129E-16,-5.14920195895394E-13,
1.));
#3580=DIRECTION('ref_axis',(0.98915941211438,-0.14684569256718,-7.55026851935697E-14));
#3581=DIRECTION('center_axis',(1.04890008004374E-16,5.14869975485559E-13,
-1.));
#3582=DIRECTION('ref_axis',(0.14684569256718,0.98915941211438,5.0930388491251E-13));
#3583=DIRECTION('',(-1.04890008004374E-16,-5.14869975485559E-13,1.));
#3584=DIRECTION('center_axis',(1.12345480573129E-16,5.14920195895394E-13,
-1.));
#3585=DIRECTION('ref_axis',(0.98915941211438,-0.14684569256718,-7.55026851935697E-14));
#3586=DIRECTION('',(1.12345480573129E-16,5.14920195895394E-13,-1.));
#3587=DIRECTION('center_axis',(0.,0.,1.));
#3588=DIRECTION('ref_axis',(-1.,0.,0.));
#3589=DIRECTION('center_axis',(-1.12345480573129E-16,-5.14920195895394E-13,
1.));
#3590=DIRECTION('ref_axis',(0.98915941211438,-0.14684569256718,-7.55026851935697E-14));
#3591=DIRECTION('center_axis',(-1.12345480573129E-16,-5.14920195895394E-13,
1.));
#3592=DIRECTION('ref_axis',(0.98915941211438,-0.14684569256718,-7.55026851935697E-14));
#3593=DIRECTION('',(0.,0.,-1.));
#3594=DIRECTION('center_axis',(0.,0.,-1.));
#3595=DIRECTION('ref_axis',(-1.,0.,0.));
#3596=DIRECTION('',(-0.154227159477987,0.505652141869988,-0.84884032344231));
#3597=DIRECTION('',(0.74303360907645,0.501979117515857,-0.442626277304936));
#3598=DIRECTION('',(0.132461668757848,-0.503910647705794,0.853538496752556));
#3599=DIRECTION('',(0.905022501752121,0.384797975669757,0.181286483894386));
#3600=DIRECTION('',(-0.905022501752188,-0.384797975669807,0.181286483893944));
#3601=DIRECTION('',(-0.743033609076361,-0.501979117515608,-0.442626277305368));
#3602=DIRECTION('',(-0.132461668757461,0.503910647705494,0.853538496752793));
#3603=DIRECTION('',(0.154227159450466,-0.505652141628684,-0.848840323591055));
#3604=DIRECTION('center_axis',(0.726044725525036,-0.687647479845069,-3.5400200718519E-13));
#3605=DIRECTION('ref_axis',(0.687647479845069,0.726044725525036,3.73932346382757E-13));
#3606=DIRECTION('',(1.12345480573129E-16,5.14920195895394E-13,-1.));
#3607=DIRECTION('',(0.687647479845069,0.726044725525036,3.73932346382757E-13));
#3608=DIRECTION('',(1.12345480573043E-16,5.14920195895394E-13,-1.));
#3609=DIRECTION('center_axis',(-1.12345480573129E-16,-5.14920195895394E-13,
1.));
#3610=DIRECTION('ref_axis',(0.98915941211438,-0.14684569256718,-7.55026851935696E-14));
#3611=DIRECTION('',(-1.12345480573129E-16,-5.14920195895394E-13,1.));
#3612=DIRECTION('center_axis',(-1.12345480573129E-16,-5.14920195895394E-13,
1.));
#3613=DIRECTION('ref_axis',(0.98915941211438,-0.14684569256718,-7.55026851935697E-14));
#3614=DIRECTION('center_axis',(1.12345480573129E-16,5.14920195895394E-13,
-1.));
#3615=DIRECTION('ref_axis',(-0.98915941211438,0.14684569256718,7.55026851935696E-14));
#3616=DIRECTION('center_axis',(-1.12345480573129E-16,-5.14920195895394E-13,
1.));
#3617=DIRECTION('ref_axis',(0.98915941211438,-0.14684569256718,-7.55026851935697E-14));
#3618=DIRECTION('',(-1.12345480573129E-16,-5.14920195895394E-13,1.));
#3619=DIRECTION('center_axis',(-1.12345480573129E-16,-5.14920195895394E-13,
1.));
#3620=DIRECTION('ref_axis',(0.98915941211438,-0.14684569256718,-7.55026851935697E-14));
#3621=DIRECTION('',(1.12345480573129E-16,5.14920195895394E-13,-1.));
#3622=DIRECTION('center_axis',(-1.12345480573129E-16,-5.14920195895394E-13,
1.));
#3623=DIRECTION('ref_axis',(0.98915941211438,-0.14684569256718,-7.55026851935697E-14));
#3624=DIRECTION('center_axis',(-1.12345480573129E-16,-5.14920195895394E-13,
1.));
#3625=DIRECTION('ref_axis',(0.98915941211438,-0.14684569256718,-7.55026851935696E-14));
#3626=DIRECTION('',(1.12345480573129E-16,5.14920195895394E-13,-1.));
#3627=DIRECTION('center_axis',(-1.12345480573129E-16,-5.14920195895394E-13,
1.));
#3628=DIRECTION('ref_axis',(-0.989159412114381,0.146845692567174,7.55026851935667E-14));
#3629=DIRECTION('center_axis',(-1.12345480573129E-16,-5.14920195895394E-13,
1.));
#3630=DIRECTION('ref_axis',(0.98915941211438,-0.14684569256718,-7.55026851935697E-14));
#3631=DIRECTION('center_axis',(0.726044725525036,-0.687647479845069,-3.5400200718519E-13));
#3632=DIRECTION('ref_axis',(0.687647479845069,0.726044725525036,3.73932346382757E-13));
#3633=DIRECTION('',(1.12345480573043E-16,5.14920195895394E-13,-1.));
#3634=DIRECTION('',(-0.687647479845069,-0.726044725525036,-3.73932346382757E-13));
#3635=DIRECTION('',(0.426873454366576,0.311847975992252,0.848840322926923));
#3636=DIRECTION('',(-0.292966527020197,0.847497842288858,0.442626277305645));
#3637=DIRECTION('',(-0.408419922302371,-0.323520017352318,-0.853538496752713));
#3638=DIRECTION('',(-0.492865205469391,0.851010634478199,-0.18128648389394));
#3639=DIRECTION('',(0.492865205469269,-0.851010634478081,-0.181286483894827));
#3640=DIRECTION('',(0.292966527020378,-0.847497842289192,0.442626277304886));
#3641=DIRECTION('',(0.408419922302328,0.323520017352533,-0.853538496752652));
#3642=DIRECTION('',(-0.426873454366601,-0.311847975992507,0.848840322926816));
#3643=DIRECTION('center_axis',(-0.99346108440585,-0.114171247567643,-5.89006920261103E-14));
#3644=DIRECTION('ref_axis',(0.114171247567643,-0.99346108440585,-5.11540349573035E-13));
#3645=DIRECTION('',(-1.12345480573129E-16,-5.14920195895394E-13,1.));
#3646=DIRECTION('',(-0.114171247567642,0.99346108440585,5.11540349573035E-13));
#3647=DIRECTION('',(1.12345480573117E-16,5.14920195895394E-13,-1.));
#3648=DIRECTION('center_axis',(-1.12345480573129E-16,-5.14920195895394E-13,
1.));
#3649=DIRECTION('ref_axis',(0.98915941211438,-0.14684569256718,-7.55026851935697E-14));
#3650=DIRECTION('',(1.12345480573129E-16,5.14920195895394E-13,-1.));
#3651=DIRECTION('center_axis',(-1.12345480573129E-16,-5.14920195895394E-13,
1.));
#3652=DIRECTION('ref_axis',(0.98915941211438,-0.14684569256718,-7.55026851935697E-14));
#3653=DIRECTION('center_axis',(-1.12345480573129E-16,-5.14920195895394E-13,
1.));
#3654=DIRECTION('ref_axis',(0.98915941211438,-0.14684569256718,-7.55026851935696E-14));
#3655=DIRECTION('center_axis',(-1.12345480573129E-16,-5.14920195895394E-13,
1.));
#3656=DIRECTION('ref_axis',(0.98915941211438,-0.14684569256718,-7.55026851935697E-14));
#3657=DIRECTION('',(1.12345480573129E-16,5.14920195895394E-13,-1.));
#3658=DIRECTION('center_axis',(-1.12345480573129E-16,-5.14920195895394E-13,
1.));
#3659=DIRECTION('ref_axis',(0.98915941211438,-0.14684569256718,-7.55026851935697E-14));
#3660=DIRECTION('',(-1.12345480573129E-16,-5.14920195895394E-13,1.));
#3661=DIRECTION('center_axis',(-1.12345480573129E-16,-5.14920195895394E-13,
1.));
#3662=DIRECTION('ref_axis',(0.98915941211438,-0.14684569256718,-7.55026851935697E-14));
#3663=DIRECTION('center_axis',(-1.12345480573129E-16,-5.14920195895394E-13,
1.));
#3664=DIRECTION('ref_axis',(0.98915941211438,-0.14684569256718,-7.55026851935697E-14));
#3665=DIRECTION('',(-1.12345480573129E-16,-5.14920195895394E-13,1.));
#3666=DIRECTION('center_axis',(1.12345480573129E-16,5.14920195895394E-13,
-1.));
#3667=DIRECTION('ref_axis',(0.98915941211438,-0.146845692567177,-7.55026851935682E-14));
#3668=DIRECTION('center_axis',(-1.12345480573129E-16,-5.14920195895394E-13,
1.));
#3669=DIRECTION('ref_axis',(0.98915941211438,-0.14684569256718,-7.55026851935697E-14));
#3670=DIRECTION('center_axis',(-0.99346108440585,-0.114171247567643,-5.89006920261103E-14));
#3671=DIRECTION('ref_axis',(0.114171247567643,-0.99346108440585,-5.11540349573035E-13));
#3672=DIRECTION('',(1.12345480573117E-16,5.14920195895394E-13,-1.));
#3673=DIRECTION('',(-0.114171247567534,0.993461084405863,5.11540349573042E-13));
#3674=DIRECTION('center_axis',(1.12345480573129E-16,5.14920195895394E-13,
-1.));
#3675=DIRECTION('ref_axis',(0.98915941211438,-0.14684569256718,-7.55026851935697E-14));
#3676=DIRECTION('center_axis',(-1.12345480573129E-16,-5.14920195895394E-13,
1.));
#3677=DIRECTION('ref_axis',(0.98915941211438,-0.14684569256718,-7.55026851935697E-14));
#3678=DIRECTION('center_axis',(-1.12345480573129E-16,-5.14920195895394E-13,
1.));
#3679=DIRECTION('ref_axis',(0.98915941211438,-0.14684569256718,-7.55026851935697E-14));
#3680=DIRECTION('',(0.220897266424019,-0.0327933108429823,0.974745606017463));
#3681=DIRECTION('center_axis',(0.,0.,1.));
#3682=DIRECTION('ref_axis',(1.,0.,0.));
#3683=DIRECTION('center_axis',(0.,0.,1.));
#3684=DIRECTION('ref_axis',(1.,0.,0.));
#3685=DIRECTION('center_axis',(-0.316380505872333,-0.948632371102719,0.));
#3686=DIRECTION('ref_axis',(-2.41088440313169E-31,8.04059454745224E-32,
-1.));
#3687=DIRECTION('center_axis',(0.316380505872545,0.948632371102648,0.));
#3688=DIRECTION('ref_axis',(-2.41088440313169E-31,8.04059454745224E-32,
-1.));
#3689=DIRECTION('',(-0.316380505872333,-0.948632371102719,0.));
#3690=DIRECTION('center_axis',(1.19800953141885E-16,5.14970416305228E-13,
-1.));
#3691=DIRECTION('ref_axis',(0.14684569256718,0.98915941211438,5.09405426502711E-13));
#3692=DIRECTION('center_axis',(-1.19800953141885E-16,-5.14970416305228E-13,
1.));
#3693=DIRECTION('ref_axis',(0.14684569256718,0.98915941211438,5.09405426502711E-13));
#3694=DIRECTION('center_axis',(-1.12345480573129E-16,-5.14920195895394E-13,
1.));
#3695=DIRECTION('ref_axis',(0.98915941211438,-0.14684569256718,-7.55026851935697E-14));
#3696=DIRECTION('center_axis',(-1.12345480573129E-16,-5.14920195895394E-13,
1.));
#3697=DIRECTION('ref_axis',(0.98915941211438,-0.14684569256718,-7.55026851935697E-14));
#3698=DIRECTION('',(0.220897266424019,-0.0327933108419784,-0.974745606017497));
#3699=DIRECTION('center_axis',(-1.12345480573129E-16,-5.14920195895394E-13,
1.));
#3700=DIRECTION('ref_axis',(0.98915941211438,-0.14684569256718,-7.55026851935697E-14));
#3701=DIRECTION('',(0.332888237288487,0.942966288620629,4.85639622540878E-13));
#3702=DIRECTION('center_axis',(1.19800953141885E-16,5.14970416305228E-13,
-1.));
#3703=DIRECTION('ref_axis',(-0.146845692567181,-0.98915941211438,-5.09405426502711E-13));
#3704=DIRECTION('center_axis',(-1.12345480573129E-16,-5.14920195895394E-13,
1.));
#3705=DIRECTION('ref_axis',(0.98915941211438,-0.14684569256718,-7.55026851935697E-14));
#3706=DIRECTION('center_axis',(-1.12345480573129E-16,-5.14920195895394E-13,
1.));
#3707=DIRECTION('ref_axis',(0.98915941211438,-0.14684569256718,-7.55026851935696E-14));
#3708=DIRECTION('',(0.508377651106525,-0.861134231032196,-4.43397749322174E-13));
#3709=DIRECTION('',(0.995302338486755,0.0968155721090187,4.99763936426253E-14));
#3710=DIRECTION('center_axis',(0.942966288620629,-0.332888237288487,-1.71304938355001E-13));
#3711=DIRECTION('ref_axis',(0.332888237288487,0.942966288620629,4.85589784548282E-13));
#3712=DIRECTION('',(0.332888237288487,0.942966288620629,4.85589784548282E-13));
#3713=DIRECTION('',(-1.12345480573129E-16,-5.14920195895394E-13,1.));
#3714=DIRECTION('',(-1.12345480573129E-16,-5.14920195895394E-13,1.));
#3715=DIRECTION('center_axis',(1.12345480573129E-16,5.14920195895394E-13,
-1.));
#3716=DIRECTION('ref_axis',(0.98915941211438,-0.14684569256718,-7.55026851935697E-14));
#3717=DIRECTION('center_axis',(-1.12345480573129E-16,-5.14920195895394E-13,
1.));
#3718=DIRECTION('ref_axis',(0.98915941211438,-0.14684569256718,-7.55026851935697E-14));
#3719=DIRECTION('center_axis',(1.12345480573129E-16,5.14920195895394E-13,
-1.));
#3720=DIRECTION('ref_axis',(0.98915941211438,-0.14684569256718,-7.55026851935697E-14));
#3721=DIRECTION('',(0.995302338486755,0.0968155721090187,4.99641110756334E-14));
#3722=DIRECTION('',(0.508377651106525,-0.861134231032196,-4.43358293003802E-13));
#3723=DIRECTION('center_axis',(1.12345480573129E-16,5.14920195895394E-13,
-1.));
#3724=DIRECTION('ref_axis',(-0.98915941211438,0.14684569256718,7.55026851935696E-14));
#3725=DIRECTION('center_axis',(1.12345480573129E-16,5.14920195895394E-13,
-1.));
#3726=DIRECTION('ref_axis',(0.98915941211438,-0.14684569256718,-7.55026851935697E-14));
#3727=DIRECTION('',(0.29977640188882,0.954009490975112,4.91272432502904E-13));
#3728=DIRECTION('center_axis',(-1.12345480573129E-16,-5.14920195895394E-13,
1.));
#3729=DIRECTION('ref_axis',(0.98915941211438,-0.14684569256718,-7.55026851935696E-14));
#3730=DIRECTION('center_axis',(-1.12345480573129E-16,-5.14920195895394E-13,
1.));
#3731=DIRECTION('ref_axis',(0.98915941211438,-0.14684569256718,-7.55026851935697E-14));
#3732=DIRECTION('center_axis',(-1.12345480573129E-16,-5.14920195895394E-13,
1.));
#3733=DIRECTION('ref_axis',(-0.989159412114381,0.146845692567174,7.55026851935667E-14));
#3734=DIRECTION('',(-0.923506226054741,-0.383583433477164,-1.97618608459067E-13));
#3735=DIRECTION('',(-0.737935248700492,0.674871520161684,3.47422071675729E-13));
#3736=DIRECTION('center_axis',(1.12345480573129E-16,5.14920195895394E-13,
-1.));
#3737=DIRECTION('ref_axis',(0.98915941211438,-0.14684569256718,-7.55026851935697E-14));
#3738=DIRECTION('center_axis',(1.12345480573129E-16,5.14920195895394E-13,
-1.));
#3739=DIRECTION('ref_axis',(-0.98915941211438,0.14684569256718,7.55026851935696E-14));
#3740=DIRECTION('center_axis',(-1.12345480573129E-16,-5.14920195895394E-13,
1.));
#3741=DIRECTION('ref_axis',(0.98915941211438,-0.14684569256718,-7.55026851935697E-14));
#3742=DIRECTION('center_axis',(1.12345480573129E-16,5.14920195895394E-13,
-1.));
#3743=DIRECTION('ref_axis',(0.98915941211438,-0.14684569256718,-7.55026851935697E-14));
#3744=DIRECTION('',(-0.0794304056896527,0.996840413833617,5.13284337520552E-13));
#3745=DIRECTION('',(0.869875489508546,0.493271358130864,2.54093110938239E-13));
#3746=DIRECTION('',(0.814680940303077,-0.579909445954189,-2.98515559790568E-13));
#3747=DIRECTION('center_axis',(1.12345480573129E-16,5.14920195895394E-13,
-1.));
#3748=DIRECTION('ref_axis',(0.98915941211438,-0.14684569256718,-7.55026851935697E-14));
#3749=DIRECTION('center_axis',(1.12345480573129E-16,5.14920195895394E-13,
-1.));
#3750=DIRECTION('ref_axis',(-0.98915941211438,0.14684569256718,7.55026851935696E-14));
#3751=DIRECTION('center_axis',(-1.12345480573129E-16,-5.14920195895394E-13,
1.));
#3752=DIRECTION('ref_axis',(0.98915941211438,-0.14684569256718,-7.55026851935697E-14));
#3753=DIRECTION('center_axis',(1.12345480573129E-16,5.14920195895394E-13,
-1.));
#3754=DIRECTION('ref_axis',(0.98915941211438,-0.14684569256718,-7.55026851935697E-14));
#3755=DIRECTION('',(-0.478014809921471,0.878351775483912,4.52227365493701E-13));
#3756=DIRECTION('',(0.594039265823578,0.804436045102272,4.14287103556176E-13));
#3757=DIRECTION('',(0.980118493777233,-0.198413049358776,-1.02056774360821E-13));
#3758=DIRECTION('center_axis',(1.12345480573129E-16,5.14920195895394E-13,
-1.));
#3759=DIRECTION('ref_axis',(0.98915941211438,-0.14684569256718,-7.55026851935697E-14));
#3760=DIRECTION('center_axis',(1.12345480573129E-16,5.14920195895394E-13,
-1.));
#3761=DIRECTION('ref_axis',(-0.98915941211438,0.14684569256718,7.55026851935696E-14));
#3762=DIRECTION('center_axis',(-1.12345480573129E-16,-5.14920195895394E-13,
1.));
#3763=DIRECTION('ref_axis',(0.98915941211438,-0.14684569256718,-7.55026851935697E-14));
#3764=DIRECTION('center_axis',(1.12345480573129E-16,5.14920195895394E-13,
-1.));
#3765=DIRECTION('ref_axis',(0.98915941211438,-0.14684569256718,-7.55026851935697E-14));
#3766=DIRECTION('',(-0.793946110889646,0.607988135577666,3.1297617361635E-13));
#3767=DIRECTION('',(0.215488256400403,0.976506431803454,5.0284709228907E-13));
#3768=DIRECTION('',(0.97608465558032,0.217390765996736,1.120485545126E-13));
#3769=DIRECTION('center_axis',(1.12345480573129E-16,5.14920195895394E-13,
-1.));
#3770=DIRECTION('ref_axis',(0.98915941211438,-0.14684569256718,-7.55026851935697E-14));
#3771=DIRECTION('center_axis',(1.12345480573129E-16,5.14920195895394E-13,
-1.));
#3772=DIRECTION('ref_axis',(-0.98915941211438,0.14684569256718,7.55026851935696E-14));
#3773=DIRECTION('center_axis',(-1.12345480573129E-16,-5.14920195895394E-13,
1.));
#3774=DIRECTION('ref_axis',(0.98915941211438,-0.14684569256718,-7.55026851935697E-14));
#3775=DIRECTION('center_axis',(1.12345480573129E-16,5.14920195895394E-13,
-1.));
#3776=DIRECTION('ref_axis',(0.98915941211438,-0.14684569256718,-7.55026851935697E-14));
#3777=DIRECTION('',(-0.972596916511019,0.232497823631229,1.19608558021456E-13));
#3778=DIRECTION('',(-0.200322630203753,0.979729985163387,5.04460250542763E-13));
#3779=DIRECTION('',(0.803276912982854,0.595605742978303,3.06779670381632E-13));
#3780=DIRECTION('center_axis',(1.12345480573129E-16,5.14920195895394E-13,
-1.));
#3781=DIRECTION('ref_axis',(0.98915941211438,-0.14684569256718,-7.55026851935697E-14));
#3782=DIRECTION('center_axis',(1.12345480573129E-16,5.14920195895394E-13,
-1.));
#3783=DIRECTION('ref_axis',(-0.98915941211438,0.14684569256718,7.55026851935696E-14));
#3784=DIRECTION('center_axis',(-1.12345480573129E-16,-5.14920195895394E-13,
1.));
#3785=DIRECTION('ref_axis',(0.98915941211438,-0.14684569256718,-7.55026851935697E-14));
#3786=DIRECTION('center_axis',(1.12345480573129E-16,5.14920195895394E-13,
-1.));
#3787=DIRECTION('ref_axis',(0.98915941211438,-0.14684569256718,-7.55026851935697E-14));
#3788=DIRECTION('',(-0.983076879502036,-0.183193474197469,-9.44404638649863E-14));
#3789=DIRECTION('',(-0.581495914171718,0.813549323521075,4.18847648600108E-13));
#3790=DIRECTION('',(0.491575294588993,0.870835076090614,4.48465794235867E-13));
#3791=DIRECTION('center_axis',(1.12345480573129E-16,5.14920195895394E-13,
-1.));
#3792=DIRECTION('ref_axis',(0.98915941211438,-0.14684569256718,-7.55026851935697E-14));
#3793=DIRECTION('center_axis',(1.12345480573129E-16,5.14920195895394E-13,
-1.));
#3794=DIRECTION('ref_axis',(-0.98915941211438,0.14684569256718,7.55026851935696E-14));
#3795=DIRECTION('center_axis',(-1.12345480573129E-16,-5.14920195895394E-13,
1.));
#3796=DIRECTION('ref_axis',(0.98915941211438,-0.14684569256718,-7.55026851935697E-14));
#3797=DIRECTION('center_axis',(1.12345480573129E-16,5.14920195895394E-13,
-1.));
#3798=DIRECTION('ref_axis',(0.98915941211438,-0.14684569256718,-7.55026851935696E-14));
#3799=DIRECTION('',(-0.823573919054076,-0.567208956076956,-2.92159871584491E-13));
#3800=DIRECTION('',(-0.862123271854855,0.50669859297839,2.60812483103063E-13));
#3801=DIRECTION('',(0.0948758419393424,0.995489113258553,5.12608108082883E-13));
#3802=DIRECTION('center_axis',(1.12345480573129E-16,5.14920195895394E-13,
-1.));
#3803=DIRECTION('ref_axis',(0.98915941211438,-0.14684569256718,-7.55026851935697E-14));
#3804=DIRECTION('center_axis',(1.12345480573129E-16,5.14920195895394E-13,
-1.));
#3805=DIRECTION('ref_axis',(-0.98915941211438,0.14684569256718,7.55026851935696E-14));
#3806=DIRECTION('center_axis',(-1.12345480573129E-16,-5.14920195895394E-13,
1.));
#3807=DIRECTION('ref_axis',(0.98915941211438,-0.14684569256718,-7.55026851935697E-14));
#3808=DIRECTION('center_axis',(1.12345480573129E-16,5.14920195895394E-13,
-1.));
#3809=DIRECTION('ref_axis',(0.98915941211438,-0.14684569256718,-7.55026851935697E-14));
#3810=DIRECTION('',(-0.521667546067496,-0.853148856519141,-4.39362183317929E-13));
#3811=DIRECTION('',(-0.993681683690241,0.112235072497535,5.76804698704733E-14));
#3812=DIRECTION('',(-0.318228505701586,0.94801403900941,4.88115823143904E-13));
#3813=DIRECTION('center_axis',(1.12345480573129E-16,5.14920195895394E-13,
-1.));
#3814=DIRECTION('ref_axis',(0.98915941211438,-0.14684569256718,-7.55026851935697E-14));
#3815=DIRECTION('center_axis',(1.12345480573129E-16,5.14920195895394E-13,
-1.));
#3816=DIRECTION('ref_axis',(-0.98915941211438,0.14684569256718,7.55026851935697E-14));
#3817=DIRECTION('center_axis',(-1.12345480573129E-16,-5.14920195895394E-13,
1.));
#3818=DIRECTION('ref_axis',(0.98915941211438,-0.14684569256718,-7.55026851935697E-14));
#3819=DIRECTION('center_axis',(1.12345480573129E-16,5.14920195895394E-13,
-1.));
#3820=DIRECTION('ref_axis',(0.98915941211438,-0.14684569256718,-7.55026851935696E-14));
#3821=DIRECTION('',(-0.129560115164969,-0.991571569055124,-5.10594782075568E-13));
#3822=DIRECTION('',(-0.953423505100888,-0.301634911641767,-1.55425020613339E-13));
#3823=DIRECTION('',(-0.676308253691493,0.736618724978372,3.79223877990302E-13));
#3824=DIRECTION('center_axis',(1.12345480573129E-16,5.14920195895394E-13,
-1.));
#3825=DIRECTION('ref_axis',(0.98915941211438,-0.14684569256718,-7.55026851935697E-14));
#3826=DIRECTION('center_axis',(1.12345480573129E-16,5.14920195895394E-13,
-1.));
#3827=DIRECTION('ref_axis',(-0.98915941211438,0.14684569256718,7.55026851935696E-14));
#3828=DIRECTION('center_axis',(-1.12345480573129E-16,-5.14920195895394E-13,
1.));
#3829=DIRECTION('ref_axis',(0.98915941211438,-0.14684569256718,-7.55026851935697E-14));
#3830=DIRECTION('center_axis',(1.12345480573129E-16,5.14920195895394E-13,
-1.));
#3831=DIRECTION('ref_axis',(0.98915941211438,-0.14684569256718,-7.55026851935696E-14));
#3832=DIRECTION('',(0.284949436666277,-0.958542549156568,-4.93540904404369E-13));
#3833=DIRECTION('',(-0.748309740898965,-0.663349479291063,-3.41656113041121E-13));
#3834=DIRECTION('',(-0.917448160550544,0.397855341427539,2.04760679191399E-13));
#3835=DIRECTION('center_axis',(1.12345480573129E-16,5.14920195895394E-13,
-1.));
#3836=DIRECTION('ref_axis',(0.98915941211438,-0.14684569256718,-7.55026851935697E-14));
#3837=DIRECTION('center_axis',(1.12345480573129E-16,5.14920195895394E-13,
-1.));
#3838=DIRECTION('ref_axis',(-0.98915941211438,0.14684569256718,7.55026851935696E-14));
#3839=DIRECTION('center_axis',(-1.12345480573129E-16,-5.14920195895394E-13,
1.));
#3840=DIRECTION('ref_axis',(0.98915941211438,-0.14684569256718,-7.55026851935697E-14));
#3841=DIRECTION('center_axis',(1.12345480573129E-16,5.14920195895394E-13,
-1.));
#3842=DIRECTION('ref_axis',(0.98915941211438,-0.14684569256718,-7.55026851935697E-14));
#3843=DIRECTION('',(0.650188642213559,-0.759772814423159,-3.91149320683295E-13));
#3844=DIRECTION('',(-0.413806424315033,-0.910364895630102,-4.68811759675746E-13));
#3845=DIRECTION('',(-0.999952945695523,-0.00970084505842321,-5.10750123206883E-15));
#3846=DIRECTION('center_axis',(1.12345480573129E-16,5.14920195895394E-13,
-1.));
#3847=DIRECTION('ref_axis',(0.98915941211438,-0.14684569256718,-7.55026851935697E-14));
#3848=DIRECTION('center_axis',(1.12345480573129E-16,5.14920195895394E-13,
-1.));
#3849=DIRECTION('ref_axis',(-0.98915941211438,0.14684569256718,7.55026851935696E-14));
#3850=DIRECTION('center_axis',(-1.12345480573129E-16,-5.14920195895394E-13,
1.));
#3851=DIRECTION('ref_axis',(0.98915941211438,-0.14684569256718,-7.55026851935697E-14));
#3852=DIRECTION('center_axis',(-1.12345480573129E-16,-5.14920195895394E-13,
1.));
#3853=DIRECTION('ref_axis',(0.98915941211438,-0.14684569256718,-7.55026851935697E-14));
#3854=DIRECTION('center_axis',(1.12345480573129E-16,5.14920195895394E-13,
-1.));
#3855=DIRECTION('ref_axis',(0.98915941211438,-0.14684569256718,-7.55026851935696E-14));
#3856=DIRECTION('',(0.903004324743736,-0.429631457756657,-2.21124465936058E-13));
#3857=DIRECTION('',(-0.00775221765368537,-0.999969951109257,-5.14905594041304E-13));
#3858=DIRECTION('',(-0.909556782242421,-0.415579667304372,-2.14092548292319E-13));
#3859=DIRECTION('center_axis',(1.12345480573129E-16,5.14920195895394E-13,
-1.));
#3860=DIRECTION('ref_axis',(0.98915941211438,-0.14684569256718,-7.55026851935697E-14));
#3861=DIRECTION('center_axis',(1.12345480573129E-16,5.14920195895394E-13,
-1.));
#3862=DIRECTION('ref_axis',(-0.98915941211438,0.14684569256718,7.55026851935696E-14));
#3863=DIRECTION('center_axis',(-1.12345480573129E-16,-5.14920195895394E-13,
1.));
#3864=DIRECTION('ref_axis',(0.98915941211438,-0.14684569256718,-7.55026851935697E-14));
#3865=DIRECTION('center_axis',(1.12345480573129E-16,5.14920195895394E-13,
-1.));
#3866=DIRECTION('ref_axis',(0.98915941211438,-0.14684569256718,-7.55026851935697E-14));
#3867=DIRECTION('',(0.999682355988969,-0.0252029189647649,-1.28651821757684E-14));
#3868=DIRECTION('',(0.399642417866671,-0.916671117599808,-4.7196757342665E-13));
#3869=DIRECTION('',(-0.661889988075645,-0.749600989650642,-3.86059048783087E-13));
#3870=DIRECTION('center_axis',(1.12345480573129E-16,5.14920195895394E-13,
-1.));
#3871=DIRECTION('ref_axis',(0.98915941211438,-0.14684569256718,-7.55026851935697E-14));
#3872=DIRECTION('center_axis',(-1.12345480573129E-16,-5.14920195895394E-13,
1.));
#3873=DIRECTION('ref_axis',(0.98915941211438,-0.14684569256718,-7.55026851935697E-14));
#3874=DIRECTION('',(-0.948632371102849,0.316380505871944,1.62804137501446E-13));
#3875=DIRECTION('center_axis',(-1.12345480573129E-16,-5.14920195895394E-13,
1.));
#3876=DIRECTION('ref_axis',(0.98915941211438,-0.14684569256718,-7.55026851935697E-14));
#3877=DIRECTION('center_axis',(-1.12345480573129E-16,-5.14920195895394E-13,
1.));
#3878=DIRECTION('ref_axis',(0.98915941211438,-0.14684569256718,-7.55026851935697E-14));
#3879=DIRECTION('center_axis',(1.12345480573129E-16,5.14920195895394E-13,
-1.));
#3880=DIRECTION('ref_axis',(0.98915941211438,-0.14684569256718,-7.55026851935696E-14));
#3881=DIRECTION('',(-0.299776401888821,-0.954009490975112,-4.91272432502904E-13));
#3882=DIRECTION('',(-0.7379352487005,0.674871520161676,3.47422071675725E-13));
#3883=DIRECTION('',(0.923506226054788,0.383583433477051,1.97618608459009E-13));
#3884=DIRECTION('center_axis',(1.12345480573129E-16,5.14920195895394E-13,
-1.));
#3885=DIRECTION('ref_axis',(-0.98915941211438,0.14684569256718,7.55026851935696E-14));
#3886=DIRECTION('center_axis',(-1.12345480573129E-16,-5.14920195895394E-13,
1.));
#3887=DIRECTION('ref_axis',(0.98915941211438,-0.14684569256718,-7.55026851935697E-14));
#3888=DIRECTION('center_axis',(-1.12345480573129E-16,-5.14920195895394E-13,
1.));
#3889=DIRECTION('ref_axis',(0.98915941211438,-0.14684569256718,-7.55026851935696E-14));
#3890=DIRECTION('',(0.814680940303077,-0.579909445954189,-2.98538609249208E-13));
#3891=DIRECTION('',(0.869875489508546,0.493271358130864,2.54124368560854E-13));
#3892=DIRECTION('',(-0.0794304056896527,0.996840413833617,5.13333807063464E-13));
#3893=DIRECTION('center_axis',(1.19800953141885E-16,5.14970416305228E-13,
-1.));
#3894=DIRECTION('ref_axis',(-0.14684569256718,-0.98915941211438,-5.09405426502711E-13));
#3895=DIRECTION('center_axis',(-1.12345480573129E-16,-5.14920195895394E-13,
1.));
#3896=DIRECTION('ref_axis',(0.98915941211438,-0.14684569256718,-7.55026851935697E-14));
#3897=DIRECTION('center_axis',(-1.12345480573129E-16,-5.14920195895394E-13,
1.));
#3898=DIRECTION('ref_axis',(0.98915941211438,-0.14684569256718,-7.55026851935697E-14));
#3899=DIRECTION('center_axis',(-1.12345480573129E-16,-5.14920195895394E-13,
1.));
#3900=DIRECTION('ref_axis',(0.98915941211438,-0.14684569256718,-7.55026851935696E-14));
#3901=DIRECTION('',(0.980118493777233,-0.198413049358776,-1.02059431498932E-13));
#3902=DIRECTION('',(0.594039265823578,0.804436045102272,4.14331931507498E-13));
#3903=DIRECTION('',(-0.478014809921471,0.878351775483912,4.52267912853542E-13));
#3904=DIRECTION('center_axis',(1.19800953141885E-16,5.14970416305228E-13,
-1.));
#3905=DIRECTION('ref_axis',(-0.14684569256718,-0.98915941211438,-5.09405426502711E-13));
#3906=DIRECTION('center_axis',(-1.12345480573129E-16,-5.14920195895394E-13,
1.));
#3907=DIRECTION('ref_axis',(0.98915941211438,-0.14684569256718,-7.55026851935697E-14));
#3908=DIRECTION('center_axis',(-1.12345480573129E-16,-5.14920195895394E-13,
1.));
#3909=DIRECTION('ref_axis',(0.98915941211438,-0.14684569256718,-7.55026851935697E-14));
#3910=DIRECTION('center_axis',(-1.12345480573129E-16,-5.14920195895394E-13,
1.));
#3911=DIRECTION('ref_axis',(0.98915941211438,-0.14684569256718,-7.55026851935696E-14));
#3912=DIRECTION('',(0.97608465558032,0.217390765996736,1.12066749138337E-13));
#3913=DIRECTION('',(0.215488256400403,0.976506431803454,5.02897739409065E-13));
#3914=DIRECTION('',(-0.793946110889646,0.607988135577666,3.13000787786242E-13));
#3915=DIRECTION('center_axis',(1.19800953141885E-16,5.14970416305228E-13,
-1.));
#3916=DIRECTION('ref_axis',(-0.14684569256718,-0.98915941211438,-5.09405426502711E-13));
#3917=DIRECTION('center_axis',(-1.12345480573129E-16,-5.14920195895394E-13,
1.));
#3918=DIRECTION('ref_axis',(0.98915941211438,-0.14684569256718,-7.55026851935697E-14));
#3919=DIRECTION('center_axis',(-1.12345480573129E-16,-5.14920195895394E-13,
1.));
#3920=DIRECTION('ref_axis',(0.98915941211438,-0.14684569256718,-7.55026851935697E-14));
#3921=DIRECTION('center_axis',(-1.12345480573129E-16,-5.14920195895394E-13,
1.));
#3922=DIRECTION('ref_axis',(0.98915941211438,-0.14684569256718,-7.55026851935696E-14));
#3923=DIRECTION('',(0.803276912982854,0.595605742978303,3.06815570755133E-13));
#3924=DIRECTION('',(-0.200322630203753,0.979729985163387,5.0450795948427E-13));
#3925=DIRECTION('',(-0.972596916511019,0.232497823631229,1.19612982987812E-13));
#3926=DIRECTION('center_axis',(1.19800953141885E-16,5.14970416305228E-13,
-1.));
#3927=DIRECTION('ref_axis',(-0.14684569256718,-0.98915941211438,-5.09405426502711E-13));
#3928=DIRECTION('center_axis',(-1.12345480573129E-16,-5.14920195895394E-13,
1.));
#3929=DIRECTION('ref_axis',(0.98915941211438,-0.14684569256718,-7.55026851935697E-14));
#3930=DIRECTION('center_axis',(-1.12345480573129E-16,-5.14920195895394E-13,
1.));
#3931=DIRECTION('ref_axis',(0.98915941211438,-0.14684569256718,-7.55026851935697E-14));
#3932=DIRECTION('center_axis',(-1.12345480573129E-16,-5.14920195895394E-13,
1.));
#3933=DIRECTION('ref_axis',(0.98915941211438,-0.14684569256718,-7.55026851935696E-14));
#3934=DIRECTION('',(0.491575294588993,0.870835076090614,4.48513192856411E-13));
#3935=DIRECTION('',(-0.581495914171718,0.813549323521075,4.18884170053719E-13));
#3936=DIRECTION('',(-0.983076879502036,-0.183193474197469,-9.44569932190476E-14));
#3937=DIRECTION('center_axis',(1.19800953141885E-16,5.14970416305228E-13,
-1.));
#3938=DIRECTION('ref_axis',(-0.146845692567183,-0.989159412114379,-5.09405426502711E-13));
#3939=DIRECTION('center_axis',(-1.12345480573129E-16,-5.14920195895394E-13,
1.));
#3940=DIRECTION('ref_axis',(0.98915941211438,-0.14684569256718,-7.55026851935697E-14));
#3941=DIRECTION('center_axis',(-1.12345480573129E-16,-5.14920195895394E-13,
1.));
#3942=DIRECTION('ref_axis',(0.98915941211438,-0.14684569256718,-7.55026851935697E-14));
#3943=DIRECTION('center_axis',(-1.12345480573129E-16,-5.14920195895394E-13,
1.));
#3944=DIRECTION('ref_axis',(0.98915941211438,-0.14684569256718,-7.55026851935696E-14));
#3945=DIRECTION('',(0.0948758419393424,0.995489113258553,5.12658809298374E-13));
#3946=DIRECTION('',(-0.862123271854855,0.50669859297839,2.60831502177661E-13));
#3947=DIRECTION('',(-0.823573919054076,-0.567208956076956,-2.92194497183489E-13));
#3948=DIRECTION('center_axis',(1.19800953141885E-16,5.14970416305228E-13,
-1.));
#3949=DIRECTION('ref_axis',(-0.14684569256718,-0.98915941211438,-5.09405426502711E-13));
#3950=DIRECTION('center_axis',(-1.12345480573129E-16,-5.14920195895394E-13,
1.));
#3951=DIRECTION('ref_axis',(0.98915941211438,-0.14684569256718,-7.55026851935697E-14));
#3952=DIRECTION('center_axis',(-1.12345480573129E-16,-5.14920195895394E-13,
1.));
#3953=DIRECTION('ref_axis',(0.98915941211438,-0.14684569256718,-7.55026851935697E-14));
#3954=DIRECTION('center_axis',(-1.12345480573129E-16,-5.14920195895394E-13,
1.));
#3955=DIRECTION('ref_axis',(0.98915941211438,-0.14684569256718,-7.55026851935696E-14));
#3956=DIRECTION('',(-0.318228505701585,0.948014039009411,4.88161060253577E-13));
#3957=DIRECTION('',(-0.993681683690241,0.112235072497535,5.76786979952772E-14));
#3958=DIRECTION('',(-0.521667546067496,-0.853148856519141,-4.39408918081233E-13));
#3959=DIRECTION('center_axis',(1.19800953141885E-16,5.14970416305228E-13,
-1.));
#3960=DIRECTION('ref_axis',(-0.14684569256718,-0.98915941211438,-5.09405426502711E-13));
#3961=DIRECTION('center_axis',(-1.12345480573129E-16,-5.14920195895394E-13,
1.));
#3962=DIRECTION('ref_axis',(0.98915941211438,-0.14684569256718,-7.55026851935697E-14));
#3963=DIRECTION('center_axis',(-1.12345480573129E-16,-5.14920195895394E-13,
1.));
#3964=DIRECTION('ref_axis',(0.98915941211438,-0.14684569256718,-7.55026851935697E-14));
#3965=DIRECTION('center_axis',(-1.12345480573129E-16,-5.14920195895394E-13,
1.));
#3966=DIRECTION('ref_axis',(0.98915941211438,-0.14684569256718,-7.55026851935697E-14));
#3967=DIRECTION('',(-0.676308253691493,0.736618724978372,3.79255829086929E-13));
#3968=DIRECTION('',(-0.953423505100888,-0.301634911641767,-1.5544727706501E-13));
#3969=DIRECTION('',(-0.129560115164969,-0.991571569055124,-5.10645545138031E-13));
#3970=DIRECTION('center_axis',(1.19800953141885E-16,5.14970416305228E-13,
-1.));
#3971=DIRECTION('ref_axis',(-0.146845692567181,-0.98915941211438,-5.09405426502711E-13));
#3972=DIRECTION('center_axis',(-1.12345480573129E-16,-5.14920195895394E-13,
1.));
#3973=DIRECTION('ref_axis',(0.98915941211438,-0.14684569256718,-7.55026851935697E-14));
#3974=DIRECTION('center_axis',(-1.12345480573129E-16,-5.14920195895394E-13,
1.));
#3975=DIRECTION('ref_axis',(0.98915941211438,-0.14684569256718,-7.55026851935697E-14));
#3976=DIRECTION('center_axis',(-1.12345480573129E-16,-5.14920195895394E-13,
1.));
#3977=DIRECTION('ref_axis',(0.98915941211438,-0.14684569256718,-7.55026851935696E-14));
#3978=DIRECTION('',(-0.917448160550544,0.397855341427539,2.04773819640106E-13));
#3979=DIRECTION('',(-0.748309740898965,-0.663349479291063,-3.4169500572658E-13));
#3980=DIRECTION('',(0.284949436666277,-0.958542549156568,-4.93586918371323E-13));
#3981=DIRECTION('center_axis',(1.19800953141885E-16,5.14970416305228E-13,
-1.));
#3982=DIRECTION('ref_axis',(-0.14684569256718,-0.98915941211438,-5.09405426502711E-13));
#3983=DIRECTION('center_axis',(-1.12345480573129E-16,-5.14920195895394E-13,
1.));
#3984=DIRECTION('ref_axis',(0.98915941211438,-0.14684569256718,-7.55026851935697E-14));
#3985=DIRECTION('center_axis',(-1.12345480573129E-16,-5.14920195895394E-13,
1.));
#3986=DIRECTION('ref_axis',(0.98915941211438,-0.14684569256718,-7.55026851935697E-14));
#3987=DIRECTION('center_axis',(-1.12345480573129E-16,-5.14920195895394E-13,
1.));
#3988=DIRECTION('ref_axis',(0.98915941211438,-0.14684569256718,-7.55026851935696E-14));
#3989=DIRECTION('',(-0.999952945695523,-0.00970084505842321,-5.11544353424009E-15));
#3990=DIRECTION('',(-0.413806424315033,-0.910364895630102,-4.68860563696348E-13));
#3991=DIRECTION('',(0.650188642213559,-0.759772814423159,-3.9118262932183E-13));
#3992=DIRECTION('center_axis',(1.19800953141885E-16,5.14970416305228E-13,
-1.));
#3993=DIRECTION('ref_axis',(-0.14684569256718,-0.98915941211438,-5.09405426502711E-13));
#3994=DIRECTION('center_axis',(-1.12345480573129E-16,-5.14920195895394E-13,
1.));
#3995=DIRECTION('ref_axis',(0.98915941211438,-0.14684569256718,-7.55026851935697E-14));
#3996=DIRECTION('center_axis',(-1.12345480573129E-16,-5.14920195895394E-13,
1.));
#3997=DIRECTION('ref_axis',(0.98915941211438,-0.14684569256718,-7.55026851935697E-14));
#3998=DIRECTION('center_axis',(-1.12345480573129E-16,-5.14920195895394E-13,
1.));
#3999=DIRECTION('ref_axis',(0.98915941211438,-0.14684569256718,-7.55026851935696E-14));
#4000=DIRECTION('',(-0.909556782242421,-0.415579667304372,-2.1412020004917E-13));
#4001=DIRECTION('',(-0.0077522176536854,-0.999969951109257,-5.14955870738517E-13));
#4002=DIRECTION('',(0.903004324743736,-0.429631457756657,-2.21139309879972E-13));
#4003=DIRECTION('center_axis',(1.19800953141885E-16,5.14970416305228E-13,
-1.));
#4004=DIRECTION('ref_axis',(-0.146845692567177,-0.98915941211438,-5.09405426502711E-13));
#4005=DIRECTION('center_axis',(-1.12345480573129E-16,-5.14920195895394E-13,
1.));
#4006=DIRECTION('ref_axis',(0.98915941211438,-0.14684569256718,-7.55026851935697E-14));
#4007=DIRECTION('center_axis',(-1.12345480573129E-16,-5.14920195895394E-13,
1.));
#4008=DIRECTION('ref_axis',(0.98915941211438,-0.14684569256718,-7.55026851935697E-14));
#4009=DIRECTION('center_axis',(-1.12345480573129E-16,-5.14920195895394E-13,
1.));
#4010=DIRECTION('ref_axis',(0.98915941211438,-0.14684569256718,-7.55026851935697E-14));
#4011=DIRECTION('center_axis',(-1.12345480573129E-16,-5.14920195895394E-13,
1.));
#4012=DIRECTION('ref_axis',(0.98915941211438,-0.14684569256718,-7.55026851935696E-14));
#4013=DIRECTION('',(-0.661889988075645,-0.749600989650642,-3.86101628754649E-13));
#4014=DIRECTION('',(0.399642417866671,-0.916671117599808,-4.72010629502776E-13));
#4015=DIRECTION('',(0.999682355988969,-0.0252029189647649,-1.28589947723053E-14));
#4016=DIRECTION('center_axis',(1.19800953141885E-16,5.14970416305228E-13,
-1.));
#4017=DIRECTION('ref_axis',(-0.14684569256718,-0.98915941211438,-5.09405426502711E-13));
#4018=DIRECTION('center_axis',(-1.12345480573129E-16,-5.14920195895394E-13,
1.));
#4019=DIRECTION('ref_axis',(0.98915941211438,-0.14684569256718,-7.55026851935697E-14));
#4020=DIRECTION('center_axis',(-1.12345480573129E-16,-5.14920195895394E-13,
1.));
#4021=DIRECTION('ref_axis',(0.98915941211438,-0.14684569256718,-7.55026851935697E-14));
#4022=DIRECTION('center_axis',(-1.12345480573129E-16,-5.14920195895394E-13,
1.));
#4023=DIRECTION('ref_axis',(0.98915941211438,-0.14684569256718,-7.55026851935697E-14));
#4024=DIRECTION('',(0.948632371102719,-0.316380505872333,-1.62804137501647E-13));
#4025=DIRECTION('center_axis',(-1.12345480573129E-16,-5.14920195895394E-13,
1.));
#4026=DIRECTION('ref_axis',(0.98915941211438,-0.14684569256718,-7.55026851935697E-14));
#4027=DIRECTION('center_axis',(-1.12345480573129E-16,-5.14920195895394E-13,
1.));
#4028=DIRECTION('ref_axis',(0.98915941211438,-0.14684569256718,-7.55026851935697E-14));
#4029=DIRECTION('center_axis',(-1.12345480573129E-16,-5.14920195895394E-13,
1.));
#4030=DIRECTION('ref_axis',(0.98915941211438,-0.14684569256718,-7.55026851935697E-14));
#4031=DIRECTION('center_axis',(-1.12345480573129E-16,-5.14920195895394E-13,
1.));
#4032=DIRECTION('ref_axis',(0.98915941211438,-0.14684569256718,-7.55026851935696E-14));
#4033=DIRECTION('',(-1.12345480573129E-16,-5.14920195895394E-13,1.));
#4034=DIRECTION('center_axis',(-1.12345480573129E-16,-5.14920195895394E-13,
1.));
#4035=DIRECTION('ref_axis',(0.98915941211438,-0.14684569256718,-7.55026851935697E-14));
#4036=DIRECTION('',(-1.12345480573129E-16,-5.14920195895394E-13,1.));
#4037=DIRECTION('center_axis',(-1.12345480573129E-16,-5.14920195895394E-13,
1.));
#4038=DIRECTION('ref_axis',(0.98915941211438,-0.14684569256718,-7.55026851935697E-14));
#4039=DIRECTION('center_axis',(-0.861134231032197,-0.508377651106525,-2.61870664235635E-13));
#4040=DIRECTION('ref_axis',(0.508377651106525,-0.861134231032197,-4.43358293003802E-13));
#4041=DIRECTION('',(-1.12345480573129E-16,-5.14920195895394E-13,1.));
#4042=DIRECTION('center_axis',(0.0968155721090187,-0.995302338486755,-5.12490398316768E-13));
#4043=DIRECTION('ref_axis',(0.995302338486755,0.0968155721090188,4.99641110756334E-14));
#4044=DIRECTION('center_axis',(0.996840413833617,0.0794304056896528,4.10123105731135E-14));
#4045=DIRECTION('ref_axis',(-0.0794304056896528,0.996840413833617,5.13284337520552E-13));
#4046=DIRECTION('',(-1.12345480573129E-16,-5.14920195895394E-13,1.));
#4047=DIRECTION('',(-1.12345480573129E-16,-5.14920195895394E-13,1.));
#4048=DIRECTION('center_axis',(-1.12345480573129E-16,-5.14920195895394E-13,
1.));
#4049=DIRECTION('ref_axis',(-0.846813398144009,0.531890090830611,2.73785814107147E-13));
#4050=DIRECTION('center_axis',(-1.12345480573129E-16,-5.14920195895394E-13,
1.));
#4051=DIRECTION('ref_axis',(0.98915941211438,-0.14684569256718,-7.55026851935697E-14));
#4052=DIRECTION('',(-1.12345480573129E-16,-5.14920195895394E-13,1.));
#4053=DIRECTION('center_axis',(-1.12345480573129E-16,-5.14920195895394E-13,
1.));
#4054=DIRECTION('ref_axis',(0.98915941211438,-0.14684569256718,-7.55026851935697E-14));
#4055=DIRECTION('center_axis',(-1.12345480573129E-16,-5.14920195895394E-13,
1.));
#4056=DIRECTION('ref_axis',(0.98915941211438,-0.14684569256718,-7.55026851935696E-14));
#4057=DIRECTION('',(-1.12345480573129E-16,-5.14920195895394E-13,1.));
#4058=DIRECTION('center_axis',(-1.12345480573129E-16,-5.14920195895394E-13,
1.));
#4059=DIRECTION('ref_axis',(0.98915941211438,-0.14684569256718,-7.55026851935697E-14));
#4060=DIRECTION('',(-1.12345480573129E-16,-5.14920195895394E-13,1.));
#4061=DIRECTION('center_axis',(-1.12345480573129E-16,-5.14920195895394E-13,
1.));
#4062=DIRECTION('ref_axis',(0.98915941211438,-0.14684569256718,-7.55026851935697E-14));
#4063=DIRECTION('center_axis',(-0.579909445954189,-0.814680940303077,-4.19560819578499E-13));
#4064=DIRECTION('ref_axis',(0.814680940303077,-0.579909445954189,-2.98515559790568E-13));
#4065=DIRECTION('',(-1.12345480573129E-16,-5.14920195895394E-13,1.));
#4066=DIRECTION('center_axis',(0.493271358130863,-0.869875489508547,-4.4786104065456E-13));
#4067=DIRECTION('ref_axis',(0.869875489508547,0.493271358130863,2.54093110938239E-13));
#4068=DIRECTION('center_axis',(0.878351775483912,0.478014809921471,2.46238158417992E-13));
#4069=DIRECTION('ref_axis',(-0.478014809921471,0.878351775483912,4.52227365493701E-13));
#4070=DIRECTION('',(-1.12345480573129E-16,-5.14920195895394E-13,1.));
#4071=DIRECTION('',(-1.12345480573129E-16,-5.14920195895394E-13,1.));
#4072=DIRECTION('center_axis',(-1.12345480573129E-16,-5.14920195895394E-13,
1.));
#4073=DIRECTION('ref_axis',(-0.989941723375089,0.141475737570644,7.27374990256691E-14));
#4074=DIRECTION('center_axis',(-1.12345480573129E-16,-5.14920195895394E-13,
1.));
#4075=DIRECTION('ref_axis',(0.98915941211438,-0.14684569256718,-7.55026851935697E-14));
#4076=DIRECTION('',(-1.12345480573129E-16,-5.14920195895394E-13,1.));
#4077=DIRECTION('center_axis',(-1.12345480573129E-16,-5.14920195895394E-13,
1.));
#4078=DIRECTION('ref_axis',(0.98915941211438,-0.14684569256718,-7.55026851935697E-14));
#4079=DIRECTION('center_axis',(-1.12345480573129E-16,-5.14920195895394E-13,
1.));
#4080=DIRECTION('ref_axis',(0.98915941211438,-0.14684569256718,-7.55026851935696E-14));
#4081=DIRECTION('',(-1.12345480573129E-16,-5.14920195895394E-13,1.));
#4082=DIRECTION('center_axis',(-1.12345480573129E-16,-5.14920195895394E-13,
1.));
#4083=DIRECTION('ref_axis',(0.98915941211438,-0.14684569256718,-7.55026851935697E-14));
#4084=DIRECTION('',(-1.12345480573129E-16,-5.14920195895394E-13,1.));
#4085=DIRECTION('center_axis',(-1.12345480573129E-16,-5.14920195895394E-13,
1.));
#4086=DIRECTION('ref_axis',(0.98915941211438,-0.14684569256718,-7.55026851935697E-14));
#4087=DIRECTION('center_axis',(-0.198413049358776,-0.980118493777233,-5.04705097625853E-13));
#4088=DIRECTION('ref_axis',(0.980118493777233,-0.198413049358776,-1.02056774360821E-13));
#4089=DIRECTION('',(-1.12345480573129E-16,-5.14920195895394E-13,1.));
#4090=DIRECTION('center_axis',(0.804436045102272,-0.594039265823578,-3.05792440373355E-13));
#4091=DIRECTION('ref_axis',(0.594039265823578,0.804436045102272,4.14287103556176E-13));
#4092=DIRECTION('center_axis',(0.607988135577666,0.793946110889646,4.08887191668957E-13));
#4093=DIRECTION('ref_axis',(-0.793946110889646,0.607988135577666,3.1297617361635E-13));
#4094=DIRECTION('',(-1.12345480573129E-16,-5.14920195895394E-13,1.));
#4095=DIRECTION('',(-1.12345480573129E-16,-5.14920195895394E-13,1.));
#4096=DIRECTION('center_axis',(-1.12345480573129E-16,-5.14920195895394E-13,
1.));
#4097=DIRECTION('ref_axis',(-0.961900131296386,-0.273401055981861,-1.40887790436701E-13));
#4098=DIRECTION('center_axis',(-1.12345480573129E-16,-5.14920195895394E-13,
1.));
#4099=DIRECTION('ref_axis',(0.98915941211438,-0.14684569256718,-7.55026851935697E-14));
#4100=DIRECTION('',(-1.12345480573129E-16,-5.14920195895394E-13,1.));
#4101=DIRECTION('center_axis',(-1.12345480573129E-16,-5.14920195895394E-13,
1.));
#4102=DIRECTION('ref_axis',(0.98915941211438,-0.14684569256718,-7.55026851935697E-14));
#4103=DIRECTION('center_axis',(-1.12345480573129E-16,-5.14920195895394E-13,
1.));
#4104=DIRECTION('ref_axis',(-0.757506903317884,0.652827152794482,3.36068782925676E-13));
#4105=DIRECTION('',(-1.12345480573129E-16,-5.14920195895394E-13,1.));
#4106=DIRECTION('center_axis',(-1.12345480573129E-16,-5.14920195895394E-13,
1.));
#4107=DIRECTION('ref_axis',(0.98915941211438,-0.14684569256718,-7.55026851935697E-14));
#4108=DIRECTION('',(-1.12345480573129E-16,-5.14920195895394E-13,1.));
#4109=DIRECTION('center_axis',(-1.12345480573129E-16,-5.14920195895394E-13,
1.));
#4110=DIRECTION('ref_axis',(0.98915941211438,-0.14684569256718,-7.55026851935697E-14));
#4111=DIRECTION('center_axis',(0.217390765996736,-0.97608465558032,-5.02581279191828E-13));
#4112=DIRECTION('ref_axis',(0.97608465558032,0.217390765996736,1.120485545126E-13));
#4113=DIRECTION('',(-1.12345480573129E-16,-5.14920195895394E-13,1.));
#4114=DIRECTION('center_axis',(0.976506431803454,-0.215488256400403,-1.10849549114489E-13));
#4115=DIRECTION('ref_axis',(0.215488256400403,0.976506431803454,5.0284709228907E-13));
#4116=DIRECTION('center_axis',(0.232497823631229,0.972596916511019,5.00835914856838E-13));
#4117=DIRECTION('ref_axis',(-0.972596916511019,0.232497823631229,1.19608558021456E-13));
#4118=DIRECTION('',(-1.12345480573129E-16,-5.14920195895394E-13,1.));
#4119=DIRECTION('',(-1.12345480573129E-16,-5.14920195895394E-13,1.));
#4120=DIRECTION('center_axis',(-1.12345480573129E-16,-5.14920195895394E-13,
1.));
#4121=DIRECTION('ref_axis',(0.98915941211438,-0.14684569256718,-7.55026851935697E-14));
#4122=DIRECTION('center_axis',(-1.12345480573129E-16,-5.14920195895394E-13,
1.));
#4123=DIRECTION('ref_axis',(0.98915941211438,-0.14684569256718,-7.55026851935697E-14));
#4124=DIRECTION('',(-1.12345480573129E-16,-5.14920195895394E-13,1.));
#4125=DIRECTION('center_axis',(-1.12345480573129E-16,-5.14920195895394E-13,
1.));
#4126=DIRECTION('ref_axis',(0.98915941211438,-0.14684569256718,-7.55026851935697E-14));
#4127=DIRECTION('center_axis',(-1.12345480573129E-16,-5.14920195895394E-13,
1.));
#4128=DIRECTION('ref_axis',(-0.957545715295328,0.288281465098885,1.48334372548173E-13));
#4129=DIRECTION('',(-1.12345480573129E-16,-5.14920195895394E-13,1.));
#4130=DIRECTION('center_axis',(-1.12345480573129E-16,-5.14920195895394E-13,
1.));
#4131=DIRECTION('ref_axis',(0.98915941211438,-0.14684569256718,-7.55026851935697E-14));
#4132=DIRECTION('',(-1.12345480573129E-16,-5.14920195895394E-13,1.));
#4133=DIRECTION('center_axis',(-1.12345480573129E-16,-5.14920195895394E-13,
1.));
#4134=DIRECTION('ref_axis',(0.98915941211438,-0.14684569256718,-7.55026851935697E-14));
#4135=DIRECTION('center_axis',(0.595605742978303,-0.803276912982854,-4.13556591777951E-13));
#4136=DIRECTION('ref_axis',(0.803276912982854,0.595605742978303,3.06779670381632E-13));
#4137=DIRECTION('',(-1.12345480573129E-16,-5.14920195895394E-13,1.));
#4138=DIRECTION('center_axis',(0.979729985163387,0.200322630203753,1.03260236222812E-13));
#4139=DIRECTION('ref_axis',(-0.200322630203753,0.979729985163387,5.04460250542763E-13));
#4140=DIRECTION('center_axis',(-0.183193474197469,0.983076879502036,5.06185558414525E-13));
#4141=DIRECTION('ref_axis',(-0.983076879502036,-0.183193474197469,-9.44404638649863E-14));
#4142=DIRECTION('',(-1.12345480573129E-16,-5.14920195895394E-13,1.));
#4143=DIRECTION('',(-1.12345480573129E-16,-5.14920195895394E-13,1.));
#4144=DIRECTION('center_axis',(-1.12345480573129E-16,-5.14920195895394E-13,
1.));
#4145=DIRECTION('ref_axis',(0.98915941211438,-0.14684569256718,-7.55026851935697E-14));
#4146=DIRECTION('center_axis',(-1.12345480573129E-16,-5.14920195895394E-13,
1.));
#4147=DIRECTION('ref_axis',(0.98915941211438,-0.14684569256718,-7.55026851935697E-14));
#4148=DIRECTION('',(-1.12345480573129E-16,-5.14920195895394E-13,1.));
#4149=DIRECTION('center_axis',(-1.12345480573129E-16,-5.14920195895394E-13,
1.));
#4150=DIRECTION('ref_axis',(0.98915941211438,-0.14684569256718,-7.55026851935697E-14));
#4151=DIRECTION('center_axis',(-1.12345480573129E-16,-5.14920195895394E-13,
1.));
#4152=DIRECTION('ref_axis',(-0.992016174068476,-0.126110706867191,-6.50483984183726E-14));
#4153=DIRECTION('',(-1.12345480573129E-16,-5.14920195895394E-13,1.));
#4154=DIRECTION('center_axis',(-1.12345480573129E-16,-5.14920195895394E-13,
1.));
#4155=DIRECTION('ref_axis',(0.98915941211438,-0.14684569256718,-7.55026851935697E-14));
#4156=DIRECTION('',(-1.12345480573129E-16,-5.14920195895394E-13,1.));
#4157=DIRECTION('center_axis',(-1.12345480573129E-16,-5.14920195895394E-13,
1.));
#4158=DIRECTION('ref_axis',(0.98915941211438,-0.14684569256718,-7.55026851935697E-14));
#4159=DIRECTION('center_axis',(0.870835076090614,-0.491575294588993,-2.53024212601977E-13));
#4160=DIRECTION('ref_axis',(0.491575294588993,0.870835076090614,4.48465794235867E-13));
#4161=DIRECTION('',(-1.12345480573129E-16,-5.14920195895394E-13,1.));
#4162=DIRECTION('center_axis',(0.813549323521075,0.581495914171718,2.99515388627393E-13));
#4163=DIRECTION('ref_axis',(-0.581495914171718,0.813549323521075,4.18847648600108E-13));
#4164=DIRECTION('center_axis',(-0.567208956076955,0.823573919054077,4.24011120370906E-13));
#4165=DIRECTION('ref_axis',(-0.823573919054077,-0.567208956076955,-2.92159871584491E-13));
#4166=DIRECTION('',(-1.12345480573129E-16,-5.14920195895394E-13,1.));
#4167=DIRECTION('',(-1.12345480573129E-16,-5.14920195895394E-13,1.));
#4168=DIRECTION('center_axis',(-1.12345480573129E-16,-5.14920195895394E-13,
1.));
#4169=DIRECTION('ref_axis',(0.98915941211438,-0.14684569256718,-7.55026851935696E-14));
#4170=DIRECTION('center_axis',(-1.12345480573129E-16,-5.14920195895394E-13,
1.));
#4171=DIRECTION('ref_axis',(0.98915941211438,-0.14684569256718,-7.55026851935697E-14));
#4172=DIRECTION('',(-1.12345480573129E-16,-5.14920195895394E-13,1.));
#4173=DIRECTION('center_axis',(-1.12345480573129E-16,-5.14920195895394E-13,
1.));
#4174=DIRECTION('ref_axis',(0.98915941211438,-0.14684569256718,-7.55026851935697E-14));
#4175=DIRECTION('center_axis',(-1.12345480573129E-16,-5.14920195895394E-13,
1.));
#4176=DIRECTION('ref_axis',(0.98915941211438,-0.14684569256718,-7.55026851935696E-14));
#4177=DIRECTION('',(-1.12345480573129E-16,-5.14920195895394E-13,1.));
#4178=DIRECTION('center_axis',(-1.12345480573129E-16,-5.14920195895394E-13,
1.));
#4179=DIRECTION('ref_axis',(0.98915941211438,-0.14684569256718,-7.55026851935697E-14));
#4180=DIRECTION('',(-1.12345480573129E-16,-5.14920195895394E-13,1.));
#4181=DIRECTION('center_axis',(-1.12345480573129E-16,-5.14920195895394E-13,
1.));
#4182=DIRECTION('ref_axis',(0.98915941211438,-0.14684569256718,-7.55026851935697E-14));
#4183=DIRECTION('center_axis',(0.995489113258553,-0.0948758419393424,-4.87416484143123E-14));
#4184=DIRECTION('ref_axis',(0.0948758419393424,0.995489113258553,5.12608108082883E-13));
#4185=DIRECTION('',(-1.12345480573129E-16,-5.14920195895394E-13,1.));
#4186=DIRECTION('center_axis',(0.50669859297839,0.862123271854855,4.43981609326414E-13));
#4187=DIRECTION('ref_axis',(-0.862123271854855,0.50669859297839,2.60812483103063E-13));
#4188=DIRECTION('center_axis',(-0.853148856519141,0.521667546067496,2.68521307595058E-13));
#4189=DIRECTION('ref_axis',(-0.521667546067496,-0.853148856519141,-4.39362183317929E-13));
#4190=DIRECTION('',(-1.12345480573129E-16,-5.14920195895394E-13,1.));
#4191=DIRECTION('',(-1.12345480573129E-16,-5.14920195895394E-13,1.));
#4192=DIRECTION('center_axis',(-1.12345480573129E-16,-5.14920195895394E-13,
1.));
#4193=DIRECTION('ref_axis',(0.98915941211438,-0.14684569256718,-7.55026851935697E-14));
#4194=DIRECTION('center_axis',(-1.12345480573129E-16,-5.14920195895394E-13,
1.));
#4195=DIRECTION('ref_axis',(0.98915941211438,-0.14684569256718,-7.55026851935697E-14));
#4196=DIRECTION('',(-1.12345480573129E-16,-5.14920195895394E-13,1.));
#4197=DIRECTION('center_axis',(-1.12345480573129E-16,-5.14920195895394E-13,
1.));
#4198=DIRECTION('ref_axis',(0.98915941211438,-0.14684569256718,-7.55026851935697E-14));
#4199=DIRECTION('center_axis',(-1.12345480573129E-16,-5.14920195895394E-13,
1.));
#4200=DIRECTION('ref_axis',(0.98915941211438,-0.14684569256718,-7.55026851935696E-14));
#4201=DIRECTION('',(-1.12345480573129E-16,-5.14920195895394E-13,1.));
#4202=DIRECTION('center_axis',(-1.12345480573129E-16,-5.14920195895394E-13,
1.));
#4203=DIRECTION('ref_axis',(0.98915941211438,-0.14684569256718,-7.55026851935697E-14));
#4204=DIRECTION('',(-1.12345480573129E-16,-5.14920195895394E-13,1.));
#4205=DIRECTION('center_axis',(-1.12345480573129E-16,-5.14920195895394E-13,
1.));
#4206=DIRECTION('ref_axis',(0.98915941211438,-0.14684569256718,-7.55026851935697E-14));
#4207=DIRECTION('center_axis',(0.948014039009411,0.318228505701586,1.63968789588161E-13));
#4208=DIRECTION('ref_axis',(-0.318228505701586,0.948014039009411,4.88115823143904E-13));
#4209=DIRECTION('',(-1.12345480573129E-16,-5.14920195895394E-13,1.));
#4210=DIRECTION('center_axis',(0.112235072497535,0.993681683690242,5.11679376326601E-13));
#4211=DIRECTION('ref_axis',(-0.993681683690242,0.112235072497535,5.76804698704733E-14));
#4212=DIRECTION('center_axis',(-0.991571569055124,0.129560115164969,6.66017212965276E-14));
#4213=DIRECTION('ref_axis',(-0.129560115164969,-0.991571569055124,-5.10594782075569E-13));
#4214=DIRECTION('',(-1.12345480573129E-16,-5.14920195895394E-13,1.));
#4215=DIRECTION('',(-1.12345480573129E-16,-5.14920195895394E-13,1.));
#4216=DIRECTION('center_axis',(-1.12345480573129E-16,-5.14920195895394E-13,
1.));
#4217=DIRECTION('ref_axis',(0.98915941211438,-0.14684569256718,-7.55026851935697E-14));
#4218=DIRECTION('',(-1.12345480573129E-16,-5.14920195895394E-13,1.));
#4219=DIRECTION('center_axis',(-1.12345480573129E-16,-5.14920195895394E-13,
1.));
#4220=DIRECTION('ref_axis',(0.98915941211438,-0.14684569256718,-7.55026851935697E-14));
#4221=DIRECTION('',(-1.12345480573129E-16,-5.14920195895394E-13,1.));
#4222=DIRECTION('center_axis',(-1.12345480573129E-16,-5.14920195895394E-13,
1.));
#4223=DIRECTION('ref_axis',(0.98915941211438,-0.14684569256718,-7.55026851935697E-14));
#4224=DIRECTION('center_axis',(0.736618724978372,0.676308253691493,3.48327534261152E-13));
#4225=DIRECTION('ref_axis',(-0.676308253691494,0.736618724978372,3.79223877990302E-13));
#4226=DIRECTION('',(-1.12345480573129E-16,-5.14920195895394E-13,1.));
#4227=DIRECTION('center_axis',(-0.301634911641767,0.953423505100888,4.90903130698716E-13));
#4228=DIRECTION('ref_axis',(-0.953423505100888,-0.301634911641767,-1.55425020613339E-13));
#4229=DIRECTION('center_axis',(-0.958542549156568,-0.284949436666277,-1.46833907671816E-13));
#4230=DIRECTION('ref_axis',(0.284949436666277,-0.958542549156568,-4.93540904404369E-13));
#4231=DIRECTION('',(-1.12345480573129E-16,-5.14920195895394E-13,1.));
#4232=DIRECTION('',(-1.12345480573129E-16,-5.14920195895394E-13,1.));
#4233=DIRECTION('center_axis',(-1.12345480573129E-16,-5.14920195895394E-13,
1.));
#4234=DIRECTION('ref_axis',(0.98915941211438,-0.14684569256718,-7.55026851935696E-14));
#4235=DIRECTION('',(-1.12345480573129E-16,-5.14920195895394E-13,1.));
#4236=DIRECTION('center_axis',(-1.12345480573129E-16,-5.14920195895394E-13,
1.));
#4237=DIRECTION('ref_axis',(0.98915941211438,-0.14684569256718,-7.55026851935697E-14));
#4238=DIRECTION('',(-1.12345480573129E-16,-5.14920195895394E-13,1.));
#4239=DIRECTION('center_axis',(-1.12345480573129E-16,-5.14920195895394E-13,
1.));
#4240=DIRECTION('ref_axis',(0.98915941211438,-0.14684569256718,-7.55026851935697E-14));
#4241=DIRECTION('center_axis',(0.397855341427539,0.917448160550544,4.72457283804086E-13));
#4242=DIRECTION('ref_axis',(-0.917448160550544,0.397855341427539,2.04760679191399E-13));
#4243=DIRECTION('',(-1.12345480573129E-16,-5.14920195895394E-13,1.));
#4244=DIRECTION('center_axis',(-0.663349479291063,0.748309740898965,3.85245274058087E-13));
#4245=DIRECTION('ref_axis',(-0.748309740898965,-0.663349479291063,-3.41656113041121E-13));
#4246=DIRECTION('center_axis',(-0.759772814423159,-0.650188642213559,-3.34880620059529E-13));
#4247=DIRECTION('ref_axis',(0.650188642213559,-0.759772814423159,-3.91149320683295E-13));
#4248=DIRECTION('',(-1.12345480573129E-16,-5.14920195895394E-13,1.));
#4249=DIRECTION('',(-1.12345480573129E-16,-5.14920195895394E-13,1.));
#4250=DIRECTION('center_axis',(-1.12345480573129E-16,-5.14920195895394E-13,
1.));
#4251=DIRECTION('ref_axis',(0.98915941211438,-0.14684569256718,-7.55026851935696E-14));
#4252=DIRECTION('',(-1.12345480573129E-16,-5.14920195895394E-13,1.));
#4253=DIRECTION('center_axis',(-1.12345480573129E-16,-5.14920195895394E-13,
1.));
#4254=DIRECTION('ref_axis',(0.98915941211438,-0.14684569256718,-7.55026851935697E-14));
#4255=DIRECTION('',(-1.12345480573129E-16,-5.14920195895394E-13,1.));
#4256=DIRECTION('center_axis',(-1.12345480573129E-16,-5.14920195895394E-13,
1.));
#4257=DIRECTION('ref_axis',(0.98915941211438,-0.14684569256718,-7.55026851935697E-14));
#4258=DIRECTION('center_axis',(-0.00970084505842317,0.999952945695523,5.14894876837614E-13));
#4259=DIRECTION('ref_axis',(-0.999952945695523,-0.00970084505842317,-5.10750123206881E-15));
#4260=DIRECTION('',(-1.12345480573129E-16,-5.14920195895394E-13,1.));
#4261=DIRECTION('center_axis',(-0.910364895630102,0.413806424315033,2.12975009689373E-13));
#4262=DIRECTION('ref_axis',(-0.413806424315033,-0.910364895630102,-4.68811759675746E-13));
#4263=DIRECTION('center_axis',(-0.429631457756657,-0.903004324743736,-4.65023430944023E-13));
#4264=DIRECTION('ref_axis',(0.903004324743736,-0.429631457756657,-2.21124465936058E-13));
#4265=DIRECTION('',(-1.12345480573129E-16,-5.14920195895394E-13,1.));
#4266=DIRECTION('',(-1.12345480573129E-16,-5.14920195895394E-13,1.));
#4267=DIRECTION('center_axis',(-0.415579667304372,0.909556782242422,4.68302467992812E-13));
#4268=DIRECTION('ref_axis',(-0.909556782242422,-0.415579667304372,-2.14092548292319E-13));
#4269=DIRECTION('',(-1.12345480573129E-16,-5.14920195895394E-13,1.));
#4270=DIRECTION('',(-1.12345480573129E-16,-5.14920195895394E-13,1.));
#4271=DIRECTION('center_axis',(-0.999969951109257,0.00775221765368539,3.87943132814334E-15));
#4272=DIRECTION('ref_axis',(-0.00775221765368538,-0.999969951109257,-5.14905594041304E-13));
#4273=DIRECTION('center_axis',(-0.0252029189647649,-0.999682355988969,-5.14759466013052E-13));
#4274=DIRECTION('ref_axis',(0.999682355988969,-0.0252029189647649,-1.28651821757684E-14));
#4275=DIRECTION('',(-1.12345480573129E-16,-5.14920195895394E-13,1.));
#4276=DIRECTION('',(-1.12345480573129E-16,-5.14920195895394E-13,1.));
#4277=DIRECTION('center_axis',(-1.12345480573129E-16,-5.14920195895394E-13,
1.));
#4278=DIRECTION('ref_axis',(0.98915941211438,-0.14684569256718,-7.55026851935697E-14));
#4279=DIRECTION('center_axis',(-1.12345480573129E-16,-5.14920195895394E-13,
1.));
#4280=DIRECTION('ref_axis',(0.98915941211438,-0.14684569256718,-7.55026851935697E-14));
#4281=DIRECTION('',(-1.12345480573129E-16,-5.14920195895394E-13,1.));
#4282=DIRECTION('center_axis',(-1.12345480573129E-16,-5.14920195895394E-13,
1.));
#4283=DIRECTION('ref_axis',(0.98915941211438,-0.14684569256718,-7.55026851935697E-14));
#4284=DIRECTION('center_axis',(-0.749600989650642,0.661889988075645,3.40736308037691E-13));
#4285=DIRECTION('ref_axis',(-0.661889988075645,-0.749600989650642,-3.86059048783087E-13));
#4286=DIRECTION('',(-1.12345480573129E-16,-5.14920195895394E-13,1.));
#4287=DIRECTION('',(-1.12345480573129E-16,-5.14920195895394E-13,1.));
#4288=DIRECTION('center_axis',(-0.916671117599808,-0.399642417866671,-2.05886935953249E-13));
#4289=DIRECTION('ref_axis',(0.399642417866671,-0.916671117599808,-4.7196757342665E-13));
#4290=DIRECTION('center_axis',(-1.12345480573129E-16,-5.14920195895394E-13,
1.));
#4291=DIRECTION('ref_axis',(0.98915941211438,-0.14684569256718,-7.55026851935696E-14));
#4292=DIRECTION('',(1.12345480573129E-16,5.14920195895394E-13,-1.));
#4293=DIRECTION('center_axis',(-1.12345480573129E-16,-5.14920195895394E-13,
1.));
#4294=DIRECTION('ref_axis',(0.98915941211438,-0.14684569256718,-7.55026851935697E-14));
#4295=DIRECTION('',(-1.12345480573129E-16,-5.14920195895394E-13,1.));
#4296=DIRECTION('center_axis',(-1.12345480573129E-16,-5.14920195895394E-13,
1.));
#4297=DIRECTION('ref_axis',(0.98915941211438,-0.14684569256718,-7.55026851935697E-14));
#4298=DIRECTION('center_axis',(-1.12345480573129E-16,-5.14920195895394E-13,
1.));
#4299=DIRECTION('ref_axis',(0.98915941211438,-0.14684569256718,-7.55026851935697E-14));
#4300=DIRECTION('',(-1.12345480573129E-16,-5.14920195895394E-13,1.));
#4301=DIRECTION('center_axis',(-1.12345480573129E-16,-5.14920195895394E-13,
1.));
#4302=DIRECTION('ref_axis',(0.98915941211438,-0.14684569256718,-7.55026851935697E-14));
#4303=DIRECTION('center_axis',(-1.12345480573129E-16,-5.14920195895394E-13,
1.));
#4304=DIRECTION('ref_axis',(0.98915941211438,-0.14684569256718,-7.55026851935697E-14));
#4305=DIRECTION('center_axis',(0.383583433477051,-0.923506226054788,-4.75488912965573E-13));
#4306=DIRECTION('ref_axis',(0.923506226054788,0.383583433477051,1.97618608459009E-13));
#4307=DIRECTION('',(1.12345480573129E-16,5.14920195895394E-13,-1.));
#4308=DIRECTION('center_axis',(-0.674871520161704,-0.737935248700474,-3.80053581584222E-13));
#4309=DIRECTION('ref_axis',(0.737935248700474,-0.674871520161704,-3.4742207167574E-13));
#4310=DIRECTION('',(1.12345480573129E-16,5.14920195895394E-13,-1.));
#4311=DIRECTION('center_axis',(-0.954009490975112,0.299776401888821,1.54253744930673E-13));
#4312=DIRECTION('ref_axis',(-0.299776401888821,-0.954009490975112,-4.91272432502904E-13));
#4313=DIRECTION('',(-1.12345480573129E-16,-5.14920195895394E-13,1.));
#4314=DIRECTION('center_axis',(-1.12345480573129E-16,-5.14920195895394E-13,
1.));
#4315=DIRECTION('ref_axis',(0.98915941211438,-0.14684569256718,-7.55026851935697E-14));
#4316=DIRECTION('',(-1.12345480573129E-16,-5.14920195895394E-13,1.));
#4317=DIRECTION('center_axis',(-1.12345480573129E-16,-5.14920195895394E-13,
1.));
#4318=DIRECTION('ref_axis',(0.98915941211438,-0.14684569256718,-7.55026851935697E-14));
#4319=DIRECTION('center_axis',(-1.12345480573129E-16,-5.14920195895394E-13,
1.));
#4320=DIRECTION('ref_axis',(0.98915941211438,-0.14684569256718,-7.55026851935697E-14));
#4321=DIRECTION('center_axis',(-1.12345480573129E-16,-5.14920195895394E-13,
1.));
#4322=DIRECTION('ref_axis',(0.98915941211438,-0.14684569256718,-7.55026851935697E-14));
#4323=DIRECTION('center_axis',(-1.12345480573129E-16,-5.14920195895394E-13,
1.));
#4324=DIRECTION('ref_axis',(0.98915941211438,-0.14684569256718,-7.55026851935697E-14));
#4325=DIRECTION('',(-1.12345480573129E-16,-5.14920195895394E-13,1.));
#4326=DIRECTION('center_axis',(-1.12345480573129E-16,-5.14920195895394E-13,
1.));
#4327=DIRECTION('ref_axis',(0.98915941211438,-0.14684569256718,-7.55026851935697E-14));
#4328=DIRECTION('center_axis',(-1.12345480573129E-16,-5.14920195895394E-13,
1.));
#4329=DIRECTION('ref_axis',(0.98915941211438,-0.14684569256718,-7.55026851935697E-14));
#4330=DIRECTION('center_axis',(-1.12345480573129E-16,-5.14920195895394E-13,
1.));
#4331=DIRECTION('ref_axis',(0.98915941211438,-0.14684569256718,-7.55026851935697E-14));
#4332=DIRECTION('',(-1.12345480573129E-16,-5.14920195895394E-13,1.));
#4333=DIRECTION('center_axis',(-1.12345480573129E-16,-5.14920195895394E-13,
1.));
#4334=DIRECTION('ref_axis',(0.98915941211438,-0.14684569256718,-7.55026851935697E-14));
#4335=DIRECTION('center_axis',(-1.12345480573129E-16,-5.14920195895394E-13,
1.));
#4336=DIRECTION('ref_axis',(0.98915941211438,-0.14684569256718,-7.55026851935697E-14));
#4337=DIRECTION('center_axis',(-1.12345480573129E-16,-5.14920195895394E-13,
1.));
#4338=DIRECTION('ref_axis',(0.98915941211438,-0.14684569256718,-7.55026851935697E-14));
#4339=DIRECTION('',(-1.12345480573129E-16,-5.14920195895394E-13,1.));
#4340=DIRECTION('center_axis',(-1.12345480573129E-16,-5.14920195895394E-13,
1.));
#4341=DIRECTION('ref_axis',(0.98915941211438,-0.14684569256718,-7.55026851935697E-14));
#4342=DIRECTION('center_axis',(-1.12345480573129E-16,-5.14920195895394E-13,
1.));
#4343=DIRECTION('ref_axis',(0.98915941211438,-0.14684569256718,-7.55026851935697E-14));
#4344=DIRECTION('center_axis',(-1.12345480573129E-16,-5.14920195895394E-13,
1.));
#4345=DIRECTION('ref_axis',(0.98915941211438,-0.14684569256718,-7.55026851935697E-14));
#4346=DIRECTION('',(-1.12345480573129E-16,-5.14920195895394E-13,1.));
#4347=DIRECTION('center_axis',(-1.12345480573129E-16,-5.14920195895394E-13,
1.));
#4348=DIRECTION('ref_axis',(0.98915941211438,-0.14684569256718,-7.55026851935697E-14));
#4349=DIRECTION('center_axis',(-1.12345480573129E-16,-5.14920195895394E-13,
1.));
#4350=DIRECTION('ref_axis',(0.98915941211438,-0.14684569256718,-7.55026851935697E-14));
#4351=DIRECTION('center_axis',(-1.12345480573129E-16,-5.14920195895394E-13,
1.));
#4352=DIRECTION('ref_axis',(0.98915941211438,-0.14684569256718,-7.55026851935697E-14));
#4353=DIRECTION('center_axis',(-1.12345480573129E-16,-5.14920195895394E-13,
1.));
#4354=DIRECTION('ref_axis',(0.98915941211438,-0.14684569256718,-7.55026851935697E-14));
#4355=DIRECTION('center_axis',(-1.12345480573129E-16,-5.14920195895394E-13,
1.));
#4356=DIRECTION('ref_axis',(0.98915941211438,-0.14684569256718,-7.55026851935697E-14));
#4357=DIRECTION('center_axis',(-1.12345480573129E-16,-5.14920195895394E-13,
1.));
#4358=DIRECTION('ref_axis',(0.98915941211438,-0.14684569256718,-7.55026851935697E-14));
#4359=DIRECTION('center_axis',(-1.12345480573129E-16,-5.14920195895394E-13,
1.));
#4360=DIRECTION('ref_axis',(0.98915941211438,-0.14684569256718,-7.55026851935697E-14));
#4361=DIRECTION('center_axis',(-1.12345480573129E-16,-5.14920195895394E-13,
1.));
#4362=DIRECTION('ref_axis',(0.98915941211438,-0.14684569256718,-7.55026851935697E-14));
#4363=DIRECTION('center_axis',(-1.12345480573129E-16,-5.14920195895394E-13,
1.));
#4364=DIRECTION('ref_axis',(0.98915941211438,-0.14684569256718,-7.55026851935697E-14));
#4365=DIRECTION('center_axis',(-1.12345480573129E-16,-5.14920195895394E-13,
1.));
#4366=DIRECTION('ref_axis',(0.98915941211438,-0.14684569256718,-7.55026851935697E-14));
#4367=DIRECTION('center_axis',(-1.12345480573129E-16,-5.14920195895394E-13,
1.));
#4368=DIRECTION('ref_axis',(0.98915941211438,-0.14684569256718,-7.55026851935697E-14));
#4369=DIRECTION('center_axis',(-1.12345480573129E-16,-5.14920195895394E-13,
1.));
#4370=DIRECTION('ref_axis',(0.98915941211438,-0.14684569256718,-7.55026851935697E-14));
#4371=DIRECTION('center_axis',(-1.12345480573129E-16,-5.14920195895394E-13,
1.));
#4372=DIRECTION('ref_axis',(0.98915941211438,-0.14684569256718,-7.55026851935697E-14));
#4373=DIRECTION('center_axis',(-1.12345480573129E-16,-5.14920195895394E-13,
1.));
#4374=DIRECTION('ref_axis',(0.98915941211438,-0.14684569256718,-7.55026851935697E-14));
#4375=DIRECTION('center_axis',(-1.12345480573129E-16,-5.14920195895394E-13,
1.));
#4376=DIRECTION('ref_axis',(0.98915941211438,-0.14684569256718,-7.55026851935697E-14));
#4377=DIRECTION('center_axis',(-1.12345480573129E-16,-5.14920195895394E-13,
1.));
#4378=DIRECTION('ref_axis',(0.98915941211438,-0.14684569256718,-7.55026851935697E-14));
#4379=DIRECTION('center_axis',(-1.12345480573129E-16,-5.14920195895394E-13,
1.));
#4380=DIRECTION('ref_axis',(0.98915941211438,-0.14684569256718,-7.55026851935697E-14));
#4381=DIRECTION('center_axis',(-1.12345480573129E-16,-5.14920195895394E-13,
1.));
#4382=DIRECTION('ref_axis',(0.98915941211438,-0.14684569256718,-7.55026851935697E-14));
#4383=DIRECTION('center_axis',(-1.12345480573129E-16,-5.14920195895394E-13,
1.));
#4384=DIRECTION('ref_axis',(0.98915941211438,-0.14684569256718,-7.55026851935697E-14));
#4385=DIRECTION('center_axis',(-1.12345480573129E-16,-5.14920195895394E-13,
1.));
#4386=DIRECTION('ref_axis',(0.98915941211438,-0.14684569256718,-7.55026851935697E-14));
#4387=DIRECTION('center_axis',(-1.12345480573129E-16,-5.14920195895394E-13,
1.));
#4388=DIRECTION('ref_axis',(0.98915941211438,-0.14684569256718,-7.55026851935697E-14));
#4389=DIRECTION('center_axis',(-1.12345480573129E-16,-5.14920195895394E-13,
1.));
#4390=DIRECTION('ref_axis',(0.98915941211438,-0.14684569256718,-7.55026851935697E-14));
#4391=DIRECTION('center_axis',(-0.316380505872333,-0.948632371102719,-4.885055102809E-13));
#4392=DIRECTION('ref_axis',(0.948632371102719,-0.316380505872333,-1.62804137501647E-13));
#4393=DIRECTION('center_axis',(-0.316380505872333,-0.948632371102719,-4.885055102809E-13));
#4394=DIRECTION('ref_axis',(-2.41088440313169E-31,8.04059454745224E-32,
-1.));
#4395=DIRECTION('center_axis',(-0.316380505872333,-0.948632371102719,-4.885055102809E-13));
#4396=DIRECTION('ref_axis',(-2.41088440313169E-31,8.04059454745224E-32,
-1.));
#4397=DIRECTION('center_axis',(-1.12345480573129E-16,-5.14920195895394E-13,
1.));
#4398=DIRECTION('ref_axis',(0.98915941211438,-0.14684569256718,-7.55026851935696E-14));
#4399=DIRECTION('center_axis',(-1.12345480573129E-16,-5.14920195895394E-13,
1.));
#4400=DIRECTION('ref_axis',(0.98915941211438,-0.14684569256718,-7.55026851935697E-14));
#4401=DIRECTION('center_axis',(-1.12345480573129E-16,-5.14920195895394E-13,
1.));
#4402=DIRECTION('ref_axis',(0.98915941211438,-0.14684569256718,-7.55026851935697E-14));
#4403=DIRECTION('center_axis',(-1.12345480573129E-16,-5.14920195895394E-13,
1.));
#4404=DIRECTION('ref_axis',(0.98915941211438,-0.14684569256718,-7.55026851935696E-14));
#4405=DIRECTION('center_axis',(-1.12345480573129E-16,-5.14920195895394E-13,
1.));
#4406=DIRECTION('ref_axis',(0.98915941211438,-0.14684569256718,-7.55026851935697E-14));
#4407=DIRECTION('center_axis',(-1.12345480573129E-16,-5.14920195895394E-13,
1.));
#4408=DIRECTION('ref_axis',(0.98915941211438,-0.14684569256718,-7.55026851935697E-14));
#4409=DIRECTION('center_axis',(-1.12345480573129E-16,-5.14920195895394E-13,
1.));
#4410=DIRECTION('ref_axis',(0.98915941211438,-0.14684569256718,-7.55026851935696E-14));
#4411=DIRECTION('center_axis',(-1.12345480573129E-16,-5.14920195895394E-13,
1.));
#4412=DIRECTION('ref_axis',(0.98915941211438,-0.14684569256718,-7.55026851935697E-14));
#4413=DIRECTION('center_axis',(-1.12345480573129E-16,-5.14920195895394E-13,
1.));
#4414=DIRECTION('ref_axis',(0.98915941211438,-0.14684569256718,-7.55026851935697E-14));
#4415=DIRECTION('center_axis',(-1.12345480573129E-16,-5.14920195895394E-13,
1.));
#4416=DIRECTION('ref_axis',(0.98915941211438,-0.14684569256718,-7.55026851935696E-14));
#4417=DIRECTION('center_axis',(-1.12345480573129E-16,-5.14920195895394E-13,
1.));
#4418=DIRECTION('ref_axis',(0.98915941211438,-0.14684569256718,-7.55026851935697E-14));
#4419=DIRECTION('center_axis',(-1.12345480573129E-16,-5.14920195895394E-13,
1.));
#4420=DIRECTION('ref_axis',(0.98915941211438,-0.14684569256718,-7.55026851935697E-14));
#4421=DIRECTION('center_axis',(-1.12345480573129E-16,-5.14920195895394E-13,
1.));
#4422=DIRECTION('ref_axis',(0.98915941211438,-0.14684569256718,-7.55026851935697E-14));
#4423=DIRECTION('center_axis',(-1.12345480573129E-16,-5.14920195895394E-13,
1.));
#4424=DIRECTION('ref_axis',(0.98915941211438,-0.14684569256718,-7.55026851935697E-14));
#4425=DIRECTION('center_axis',(-1.12345480573129E-16,-5.14920195895394E-13,
1.));
#4426=DIRECTION('ref_axis',(0.98915941211438,-0.14684569256718,-7.55026851935697E-14));
#4427=DIRECTION('center_axis',(-1.12345480573129E-16,-5.14920195895394E-13,
1.));
#4428=DIRECTION('ref_axis',(0.98915941211438,-0.14684569256718,-7.55026851935696E-14));
#4429=DIRECTION('center_axis',(-1.12345480573129E-16,-5.14920195895394E-13,
1.));
#4430=DIRECTION('ref_axis',(0.98915941211438,-0.14684569256718,-7.55026851935697E-14));
#4431=DIRECTION('center_axis',(-1.12345480573129E-16,-5.14920195895394E-13,
1.));
#4432=DIRECTION('ref_axis',(0.98915941211438,-0.14684569256718,-7.55026851935697E-14));
#4433=DIRECTION('center_axis',(-1.12345480573129E-16,-5.14920195895394E-13,
1.));
#4434=DIRECTION('ref_axis',(0.98915941211438,-0.14684569256718,-7.55026851935696E-14));
#4435=DIRECTION('center_axis',(-1.12345480573129E-16,-5.14920195895394E-13,
1.));
#4436=DIRECTION('ref_axis',(0.98915941211438,-0.14684569256718,-7.55026851935697E-14));
#4437=DIRECTION('center_axis',(-1.12345480573129E-16,-5.14920195895394E-13,
1.));
#4438=DIRECTION('ref_axis',(0.98915941211438,-0.14684569256718,-7.55026851935697E-14));
#4439=DIRECTION('center_axis',(1.12345480573129E-16,5.14920195895394E-13,
-1.));
#4440=DIRECTION('ref_axis',(-0.98915941211438,0.14684569256718,7.55026851935697E-14));
#4441=DIRECTION('center_axis',(-1.12345480573129E-16,-5.14920195895394E-13,
1.));
#4442=DIRECTION('ref_axis',(0.98915941211438,-0.14684569256718,-7.55026851935696E-14));
#4443=DIRECTION('center_axis',(-1.12345480573129E-16,-5.14920195895394E-13,
1.));
#4444=DIRECTION('ref_axis',(0.98915941211438,-0.14684569256718,-7.55026851935696E-14));
#4445=DIRECTION('',(-0.964178790609325,0.143137193592338,0.223318166635965));
#4446=DIRECTION('center_axis',(-1.12345480573129E-16,-5.14920195895394E-13,
1.));
#4447=DIRECTION('ref_axis',(0.98915941211438,-0.14684569256718,-7.51835241237387E-14));
#4448=DIRECTION('center_axis',(-0.14684569256718,-0.98915941211438,-5.0935465570761E-13));
#4449=DIRECTION('ref_axis',(-0.98915941211438,0.14684569256718,7.5456517214474E-14));
#4450=DIRECTION('center_axis',(1.19800953141885E-16,5.14970416305228E-13,
-1.));
#4451=DIRECTION('ref_axis',(0.14684569256718,0.98915941211438,5.09405426502711E-13));
#4452=DIRECTION('center_axis',(1.19800953141885E-16,5.14970416305228E-13,
-1.));
#4453=DIRECTION('ref_axis',(0.14684569256718,0.98915941211438,5.09405426502711E-13));
#4454=DIRECTION('center_axis',(1.19800953141885E-16,5.14970416305228E-13,
-1.));
#4455=DIRECTION('ref_axis',(0.14684569256718,0.98915941211438,5.09405426502711E-13));
#4456=DIRECTION('',(-0.103835585002289,-0.699441327980217,-0.707106781186904));
#4457=DIRECTION('center_axis',(-1.12345480573129E-16,-5.14920195895394E-13,
1.));
#4458=DIRECTION('ref_axis',(-0.98915941211438,0.14684569256718,7.55026851935697E-14));
#4459=DIRECTION('',(-0.964178790609325,0.143137193592567,-0.223318166635817));
#4460=DIRECTION('center_axis',(-0.316380505872333,-0.948632371102719,-4.885055102809E-13));
#4461=DIRECTION('ref_axis',(0.948632371102719,-0.316380505872333,-1.62804137501647E-13));
#4462=DIRECTION('center_axis',(-0.316380505872333,-0.948632371102719,-4.885055102809E-13));
#4463=DIRECTION('ref_axis',(-2.41088440313169E-31,8.04059454745224E-32,
-1.));
#4464=DIRECTION('center_axis',(-0.316380505872333,-0.948632371102719,0.));
#4465=DIRECTION('ref_axis',(-2.41088440313169E-31,8.04059454745224E-32,
-1.));
#4466=DIRECTION('',(-0.316380505872333,-0.948632371102719,0.));
#4467=DIRECTION('center_axis',(-0.316380505872546,-0.948632371102648,0.));
#4468=DIRECTION('ref_axis',(-2.41088440313169E-31,8.04059454745224E-32,
-1.));
#4469=DIRECTION('center_axis',(2.33471279432609E-18,7.00038116153639E-18,
-1.));
#4470=DIRECTION('ref_axis',(-0.948632371102719,0.316380505872334,-6.81575822110954E-28));
#4471=DIRECTION('',(0.316380505872545,0.948632371102648,7.37944579500676E-18));
#4472=DIRECTION('',(0.948632371102719,-0.316380505872334,6.81575822110954E-28));
#4473=DIRECTION('',(0.316380505872545,0.948632371102648,7.37944579500676E-18));
#4474=DIRECTION('',(-0.948632371102719,0.316380505872334,0.));
#4475=DIRECTION('center_axis',(-0.316380505872545,-0.948632371102648,0.));
#4476=DIRECTION('ref_axis',(0.948632371102648,-0.316380505872545,7.06819371078026E-28));
#4477=DIRECTION('',(-7.03997264234298E-14,-2.11085886021657E-13,-1.));
#4478=DIRECTION('',(-0.948632371102648,0.316380505872545,1.75339851039315E-29));
#4479=DIRECTION('',(0.,0.,1.));
#4480=DIRECTION('center_axis',(-0.948632371102648,0.316380505872545,0.));
#4481=DIRECTION('ref_axis',(-0.316380505872545,-0.948632371102648,-7.37944579500676E-18));
#4482=DIRECTION('',(0.,0.,1.));
#4483=DIRECTION('',(0.316380505872545,0.948632371102648,9.94401709452614E-29));
#4484=DIRECTION('center_axis',(0.948632371102648,-0.316380505872545,0.));
#4485=DIRECTION('ref_axis',(0.316380505872545,0.948632371102648,7.37944579500676E-18));
#4486=DIRECTION('',(-0.316380505872545,-0.948632371102648,-9.94401709452614E-29));
#4487=DIRECTION('',(0.,0.,1.));
#4488=DIRECTION('center_axis',(0.316380505872545,0.948632371102648,0.));
#4489=DIRECTION('ref_axis',(-0.948632371102648,0.316380505872545,0.));
#4490=DIRECTION('',(0.948632371102648,-0.316380505872545,-1.75339851039315E-29));
#4491=DIRECTION('center_axis',(0.,0.,1.));
#4492=DIRECTION('ref_axis',(1.,0.,0.));
#4493=DIRECTION('center_axis',(-1.24849470279749E-29,1.85345321546164E-30,
-1.));
#4494=DIRECTION('ref_axis',(1.,0.,-1.24849470279749E-29));
#4495=DIRECTION('center_axis',(-1.24849470279749E-29,1.85345321546164E-30,
-1.));
#4496=DIRECTION('ref_axis',(1.,0.,-1.24849470279749E-29));
#4497=DIRECTION('',(0.,0.,-1.));
#4498=DIRECTION('center_axis',(0.,0.,1.));
#4499=DIRECTION('ref_axis',(1.,0.,0.));
#4500=DIRECTION('center_axis',(-1.48276257236931E-29,-9.98795762237995E-29,
1.));
#4501=DIRECTION('ref_axis',(1.,0.,1.48276257236931E-29));
#4502=DIRECTION('',(0.,0.,-1.));
#4503=DIRECTION('center_axis',(-1.48276257236931E-29,-9.98795762237995E-29,
1.));
#4504=DIRECTION('ref_axis',(1.,0.,1.48276257236931E-29));
#4505=DIRECTION('center_axis',(-1.12345480573129E-16,-5.14920195895394E-13,
1.));
#4506=DIRECTION('ref_axis',(0.98915941211438,-0.14684569256718,-7.55026851935697E-14));
#4507=DIRECTION('center_axis',(0.,0.,-1.));
#4508=DIRECTION('ref_axis',(0.98915941211438,-0.14684569256718,-7.55026851935697E-14));
#4509=DIRECTION('',(-1.12345480573129E-16,-5.14920195895394E-13,1.));
#4510=DIRECTION('center_axis',(-1.12345480573129E-16,-5.14920195895394E-13,
1.));
#4511=DIRECTION('ref_axis',(0.98915941211438,-0.14684569256718,-7.55026851935697E-14));
#4512=DIRECTION('center_axis',(-1.19800953141885E-16,-5.14970416305228E-13,
1.));
#4513=DIRECTION('ref_axis',(-0.14684569256718,-0.98915941211438,-5.09405426502711E-13));
#4514=DIRECTION('center_axis',(1.19800953141885E-16,5.14970416305228E-13,
-1.));
#4515=DIRECTION('ref_axis',(-0.14684569256718,-0.98915941211438,-5.09405426502711E-13));
#4516=DIRECTION('center_axis',(-1.19800953141885E-16,-5.14970416305228E-13,
1.));
#4517=DIRECTION('ref_axis',(-0.14684569256718,-0.98915941211438,-5.09405426502711E-13));
#4518=DIRECTION('',(1.19800953141885E-16,5.14970416305228E-13,-1.));
#4519=DIRECTION('center_axis',(0.,0.,1.));
#4520=DIRECTION('ref_axis',(-0.14684569256718,-0.98915941211438,-5.09405426502711E-13));
#4521=DIRECTION('center_axis',(0.,0.,-1.));
#4522=DIRECTION('ref_axis',(-1.,0.,0.));
#4523=CARTESIAN_POINT('',(0.,0.,0.));
#4524=CARTESIAN_POINT('Origin',(-1.57170458176594,-1.56051111341241,-1.36475480942723));
#4525=CARTESIAN_POINT('',(-1.95649853926811,-1.50338651398682,-1.3647548094272));
#4526=CARTESIAN_POINT('Origin',(-1.57170458176594,-1.5605111134124,-1.36475480942723));
#4527=CARTESIAN_POINT('',(-1.62874532258674,-1.94474019545411,-1.36475480942743));
#4528=CARTESIAN_POINT('Origin',(-1.57170458176594,-1.5605111134124,-1.36475480942723));
#4529=CARTESIAN_POINT('Origin',(-1.49410099488625,-1.12334560321813,-1.39155480942781));
#4530=CARTESIAN_POINT('',(-1.95649853926811,-1.50338651398681,-1.391554809428));
#4531=CARTESIAN_POINT('Origin',(-1.57170458176594,-1.56051111341239,-1.39155480942803));
#4532=CARTESIAN_POINT('',(-1.62874532258674,-1.9447401954541,-1.39155480942823));
#4533=CARTESIAN_POINT('Origin',(-1.57170458176594,-1.56051111341239,-1.39155480942803));
#4534=CARTESIAN_POINT('Origin',(-1.57170458176594,-1.56051111341242,-1.32275480942803));
#4535=CARTESIAN_POINT('',(-1.62874532258674,-1.94474019545413,-1.32275480942823));
#4536=CARTESIAN_POINT('Origin',(-1.57170458176594,-1.56051111341242,-1.32275480942803));
#4537=CARTESIAN_POINT('',(-1.95649853926811,-1.50338651398685,-1.322754809428));
#4538=CARTESIAN_POINT('Origin',(-1.57170458176594,-1.56051111341216,-1.86035480942723));
#4539=CARTESIAN_POINT('',(-2.13129948966046,-1.47743643323377,-1.84267240693977));
#4540=CARTESIAN_POINT('',(-1.00597685270521,-1.56051111341216,-1.8426724069395));
#4541=CARTESIAN_POINT('Origin',(-1.57170458176594,-1.56051111341215,-1.84267240693981));
#4542=CARTESIAN_POINT('Origin',(-1.57170458176594,-1.56051111341215,-1.84267240693981));
#4543=CARTESIAN_POINT('',(-1.00597685270521,-1.56051111341216,-1.86035480942723));
#4544=CARTESIAN_POINT('',(-1.00597685270521,-1.56051111341216,-1.86035480942723));
#4545=CARTESIAN_POINT('Origin',(-1.57170458176594,-1.56051111341216,-1.86035480942723));
#4546=CARTESIAN_POINT('Ctrl Pts',(-1.41716568788343,-1.17774227941769,-1.66780216929227));
#4547=CARTESIAN_POINT('Ctrl Pts',(-1.40712239690479,-1.16713818552412,-1.66549205769659));
#4548=CARTESIAN_POINT('Ctrl Pts',(-1.39755786967731,-1.15703958886058,-1.66233531026573));
#4549=CARTESIAN_POINT('Ctrl Pts',(-1.38878561709216,-1.14777750631525,-1.65841175457825));
#4550=CARTESIAN_POINT('Ctrl Pts',(-1.4154089717188,-1.18038931581406,-1.66328887612579));
#4551=CARTESIAN_POINT('Ctrl Pts',(-1.40559598438184,-1.1698843992527,-1.66076414913622));
#4552=CARTESIAN_POINT('Ctrl Pts',(-1.39631139484239,-1.15989548279622,-1.65742628773577));
#4553=CARTESIAN_POINT('Ctrl Pts',(-1.38787250862113,-1.15077124137751,-1.65338615925336));
#4554=CARTESIAN_POINT('Ctrl Pts',(-1.41365225555418,-1.18303635221043,-1.65877558295931));
#4555=CARTESIAN_POINT('Ctrl Pts',(-1.4040695718589,-1.17263061298128,-1.65603624057584));
#4556=CARTESIAN_POINT('Ctrl Pts',(-1.39506492000748,-1.16275137673186,-1.65251726520581));
#4557=CARTESIAN_POINT('Ctrl Pts',(-1.38695940015009,-1.15376497643976,-1.64836056392847));
#4558=CARTESIAN_POINT('Ctrl Pts',(-1.41189553938955,-1.1856833886068,-1.65426228979283));
#4559=CARTESIAN_POINT('Ctrl Pts',(-1.40254315933595,-1.17537682670986,-1.65130833201546));
#4560=CARTESIAN_POINT('Ctrl Pts',(-1.39381844517257,-1.16560727066751,-1.64760824267586));
#4561=CARTESIAN_POINT('Ctrl Pts',(-1.38604629167905,-1.15675871150202,-1.64333496860358));
#4562=CARTESIAN_POINT('',(-1.38604629167911,-1.15675871150209,-1.64333496860361));
#4563=CARTESIAN_POINT('',(-1.38878561709555,-1.14777750631883,-1.65841175456257));
#4564=CARTESIAN_POINT('',(-1.38604629167911,-1.15675871150209,-1.64333496860361));
#4565=CARTESIAN_POINT('',(-1.41716568788343,-1.17774227941769,-1.66780216929227));
#4566=CARTESIAN_POINT('Ctrl Pts',(-1.38878561709216,-1.14777750631525,-1.65841175457825));
#4567=CARTESIAN_POINT('Ctrl Pts',(-1.39755786967731,-1.15703958886058,-1.66233531026573));
#4568=CARTESIAN_POINT('Ctrl Pts',(-1.40712239690479,-1.16713818552412,-1.66549205769659));
#4569=CARTESIAN_POINT('Ctrl Pts',(-1.41716568788343,-1.17774227941769,-1.66780216929227));
#4570=CARTESIAN_POINT('',(-1.40759584814524,-1.18093397976073,-1.65283651045391));
#4571=CARTESIAN_POINT('Ctrl Pts',(-1.40759596094824,-1.18093410465567,-1.65283654966881));
#4572=CARTESIAN_POINT('Ctrl Pts',(-1.40915105639727,-1.18041542442798,-1.6553803870308));
#4573=CARTESIAN_POINT('Ctrl Pts',(-1.41073269443267,-1.17988787979542,-1.65790765004314));
#4574=CARTESIAN_POINT('Ctrl Pts',(-1.41233799321528,-1.17935245096063,-1.66041656304347));
#4575=CARTESIAN_POINT('Ctrl Pts',(-1.41392375633703,-1.17882353801947,-1.66289494386247));
#4576=CARTESIAN_POINT('Ctrl Pts',(-1.41553379726258,-1.17828653491211,-1.66535727821294));
#4577=CARTESIAN_POINT('Ctrl Pts',(-1.41716568788343,-1.17774227941769,-1.66780216929227));
#4578=CARTESIAN_POINT('Ctrl Pts',(-1.40759584814524,-1.18093397976073,-1.65283651045391));
#4579=CARTESIAN_POINT('Ctrl Pts',(-1.39986308087455,-1.17237229671833,-1.65014828349085));
#4580=CARTESIAN_POINT('Ctrl Pts',(-1.39261453054812,-1.16423661968982,-1.64694630809696));
#4581=CARTESIAN_POINT('Ctrl Pts',(-1.38604629167905,-1.15675871150202,-1.64333496860358));
#4582=CARTESIAN_POINT('Ctrl Pts',(-1.3865362522734,-1.14568809371783,-1.65744560216818));
#4583=CARTESIAN_POINT('Ctrl Pts',(-1.38493942678803,-1.14438475264706,-1.65678205159356));
#4584=CARTESIAN_POINT('Ctrl Pts',(-1.38039628587869,-1.1415664113472,-1.65465971322499));
#4585=CARTESIAN_POINT('Ctrl Pts',(-1.37551699921334,-1.14050037133051,-1.65145505472572));
#4586=CARTESIAN_POINT('Ctrl Pts',(-1.36854081649842,-1.14001894913971,-1.64590292796146));
#4587=CARTESIAN_POINT('Ctrl Pts',(-1.36490388985289,-1.1409571685489,-1.64183063330451));
#4588=CARTESIAN_POINT('Ctrl Pts',(-1.36150101192196,-1.14239174113993,-1.63663619896707));
#4589=CARTESIAN_POINT('Ctrl Pts',(-1.36100448444604,-1.14262386745961,-1.63583133648225));
#4590=CARTESIAN_POINT('Ctrl Pts',(-1.3605311362664,-1.14286320438379,-1.63501615949649));
#4591=CARTESIAN_POINT('Ctrl Pts',(-1.38575224588736,-1.14867061061875,-1.65239372838117));
#4592=CARTESIAN_POINT('Ctrl Pts',(-1.38449970579038,-1.14759362284364,-1.65184591946955));
#4593=CARTESIAN_POINT('Ctrl Pts',(-1.3809560443406,-1.14521606623651,-1.65010011908712));
#4594=CARTESIAN_POINT('Ctrl Pts',(-1.37702426454531,-1.14413583634319,-1.64740726732002));
#4595=CARTESIAN_POINT('Ctrl Pts',(-1.37126529289969,-1.14338459951518,-1.6426581655285));
#4596=CARTESIAN_POINT('Ctrl Pts',(-1.36808936820043,-1.14392080490276,-1.63907758538124));
#4597=CARTESIAN_POINT('Ctrl Pts',(-1.36497815753219,-1.14492268460333,-1.63437690987763));
#4598=CARTESIAN_POINT('Ctrl Pts',(-1.36452084607036,-1.1450865422751,-1.63364613638481));
#4599=CARTESIAN_POINT('Ctrl Pts',(-1.36407975441954,-1.1452605820905,-1.63290224214014));
#4600=CARTESIAN_POINT('Ctrl Pts',(-1.38496823950132,-1.15165312751966,-1.64734185459415));
#4601=CARTESIAN_POINT('Ctrl Pts',(-1.38408292919523,-1.15080899202969,-1.64691621530987));
#4602=CARTESIAN_POINT('Ctrl Pts',(-1.38151509026532,-1.14886826828451,-1.64554153483063));
#4603=CARTESIAN_POINT('Ctrl Pts',(-1.37854534375325,-1.14777282243701,-1.64336402824501));
#4604=CARTESIAN_POINT('Ctrl Pts',(-1.37399913830743,-1.14676304190852,-1.63941302443106));
#4605=CARTESIAN_POINT('Ctrl Pts',(-1.37127209511754,-1.14689468747782,-1.63632217244926));
#4606=CARTESIAN_POINT('Ctrl Pts',(-1.36845651045146,-1.14745191219475,-1.6321182205392));
#4607=CARTESIAN_POINT('Ctrl Pts',(-1.36803614349356,-1.14755105840499,-1.63146033465448));
#4608=CARTESIAN_POINT('Ctrl Pts',(-1.36762837257267,-1.14765795979721,-1.63078832478379));
#4609=CARTESIAN_POINT('Ctrl Pts',(-1.38418423311528,-1.15463564442057,-1.64228998080713));
#4610=CARTESIAN_POINT('Ctrl Pts',(-1.38364320819758,-1.15401786222627,-1.64198008318586));
#4611=CARTESIAN_POINT('Ctrl Pts',(-1.38207484872722,-1.15251792317382,-1.64098194069276));
#4612=CARTESIAN_POINT('Ctrl Pts',(-1.38005260908521,-1.15140828744969,-1.63931624083931));
#4613=CARTESIAN_POINT('Ctrl Pts',(-1.3767236147087,-1.15012869228398,-1.63616826199809));
#4614=CARTESIAN_POINT('Ctrl Pts',(-1.37445757346507,-1.14985832383169,-1.63356912452599));
#4615=CARTESIAN_POINT('Ctrl Pts',(-1.37193365606169,-1.14998285565815,-1.62985893144977));
#4616=CARTESIAN_POINT('Ctrl Pts',(-1.37155250511788,-1.15001373322049,-1.62927513455704));
#4617=CARTESIAN_POINT('Ctrl Pts',(-1.3711769907258,-1.15005533750392,-1.62867440742744));
#4618=CARTESIAN_POINT('',(-1.37117699072592,-1.15005533750391,-1.62867440742763));
#4619=CARTESIAN_POINT('',(-1.36053113626366,-1.14286320438518,-1.63501615949887));
#4620=CARTESIAN_POINT('',(-1.37117699072592,-1.15005533750391,-1.62867440742763));
#4621=CARTESIAN_POINT('',(-1.3865362522734,-1.14568809371783,-1.65744560216818));
#4622=CARTESIAN_POINT('Ctrl Pts',(-1.3605311362664,-1.14286320438379,-1.63501615949649));
#4623=CARTESIAN_POINT('Ctrl Pts',(-1.36100448444604,-1.14262386745961,-1.63583133648225));
#4624=CARTESIAN_POINT('Ctrl Pts',(-1.36150101192196,-1.14239174113993,-1.63663619896707));
#4625=CARTESIAN_POINT('Ctrl Pts',(-1.36490388985289,-1.1409571685489,-1.64183063330451));
#4626=CARTESIAN_POINT('Ctrl Pts',(-1.36854081649842,-1.14001894913971,-1.64590292796146));
#4627=CARTESIAN_POINT('Ctrl Pts',(-1.37551699921334,-1.14050037133051,-1.65145505472572));
#4628=CARTESIAN_POINT('Ctrl Pts',(-1.38039628587869,-1.1415664113472,-1.65465971322499));
#4629=CARTESIAN_POINT('Ctrl Pts',(-1.38493942678803,-1.14438475264706,-1.65678205159356));
#4630=CARTESIAN_POINT('Ctrl Pts',(-1.3865362522734,-1.14568809371783,-1.65744560216818));
#4631=CARTESIAN_POINT('',(-1.38418423311528,-1.15463564442057,-1.64228998080713));
#4632=CARTESIAN_POINT('',(-1.3865362522734,-1.14568809371783,-1.65744560216818));
#4633=CARTESIAN_POINT('Ctrl Pts',(-1.38418423311528,-1.15463564442057,-1.64228998080713));
#4634=CARTESIAN_POINT('Ctrl Pts',(-1.38364320819758,-1.15401786222627,-1.64198008318586));
#4635=CARTESIAN_POINT('Ctrl Pts',(-1.38207484872722,-1.15251792317382,-1.64098194069276));
#4636=CARTESIAN_POINT('Ctrl Pts',(-1.38005260908521,-1.15140828744969,-1.63931624083931));
#4637=CARTESIAN_POINT('Ctrl Pts',(-1.3767236147087,-1.15012869228398,-1.63616826199809));
#4638=CARTESIAN_POINT('Ctrl Pts',(-1.37445757346507,-1.14985832383169,-1.63356912452599));
#4639=CARTESIAN_POINT('Ctrl Pts',(-1.37193365606169,-1.14998285565815,-1.62985893144977));
#4640=CARTESIAN_POINT('Ctrl Pts',(-1.37155250511788,-1.15001373322049,-1.62927513455704));
#4641=CARTESIAN_POINT('Ctrl Pts',(-1.3711769907258,-1.15005533750392,-1.62867440742744));
#4642=CARTESIAN_POINT('Ctrl Pts',(-1.38878561709223,-1.14777750631532,-1.65841175457828));
#4643=CARTESIAN_POINT('Ctrl Pts',(-1.38807804506271,-1.14703042448572,-1.65809527962201));
#4644=CARTESIAN_POINT('Ctrl Pts',(-1.38732756075762,-1.14633396570359,-1.65777442532651));
#4645=CARTESIAN_POINT('Ctrl Pts',(-1.3865362522734,-1.14568809371784,-1.65744560216817));
#4646=CARTESIAN_POINT('Ctrl Pts',(-1.38787250862119,-1.15077124137758,-1.65338615925339));
#4647=CARTESIAN_POINT('Ctrl Pts',(-1.38719182600431,-1.15003527784619,-1.65306028150712));
#4648=CARTESIAN_POINT('Ctrl Pts',(-1.38648459072884,-1.14933505438498,-1.65273025606257));
#4649=CARTESIAN_POINT('Ctrl Pts',(-1.38575224588736,-1.14867061061875,-1.65239372838116));
#4650=CARTESIAN_POINT('Ctrl Pts',(-1.38695940015015,-1.15376497643983,-1.6483605639285));
#4651=CARTESIAN_POINT('Ctrl Pts',(-1.38630560694591,-1.15304013120666,-1.64802528339223));
#4652=CARTESIAN_POINT('Ctrl Pts',(-1.38564162070006,-1.15233614306637,-1.64768608679863));
#4653=CARTESIAN_POINT('Ctrl Pts',(-1.38496823950132,-1.15165312751966,-1.64734185459414));
#4654=CARTESIAN_POINT('Ctrl Pts',(-1.38604629167911,-1.15675871150209,-1.64333496860361));
#4655=CARTESIAN_POINT('Ctrl Pts',(-1.38541938788751,-1.15604498456712,-1.64299028527734));
#4656=CARTESIAN_POINT('Ctrl Pts',(-1.38479865067128,-1.15533723174777,-1.64264191753469));
#4657=CARTESIAN_POINT('Ctrl Pts',(-1.38418423311528,-1.15463564442058,-1.64228998080713));
#4658=CARTESIAN_POINT('Ctrl Pts',(-1.3865362522734,-1.14568809371784,-1.65744560216817));
#4659=CARTESIAN_POINT('Ctrl Pts',(-1.38732756075762,-1.14633396570359,-1.65777442532651));
#4660=CARTESIAN_POINT('Ctrl Pts',(-1.38807804506271,-1.14703042448572,-1.65809527962201));
#4661=CARTESIAN_POINT('Ctrl Pts',(-1.38878561709223,-1.14777750631532,-1.65841175457828));
#4662=CARTESIAN_POINT('Ctrl Pts',(-1.38604629167911,-1.15675871150209,-1.64333496860361));
#4663=CARTESIAN_POINT('Ctrl Pts',(-1.38541938788751,-1.15604498456712,-1.64299028527734));
#4664=CARTESIAN_POINT('Ctrl Pts',(-1.38479865067128,-1.15533723174777,-1.64264191753469));
#4665=CARTESIAN_POINT('Ctrl Pts',(-1.38418423311528,-1.15463564442058,-1.64228998080713));
#4666=CARTESIAN_POINT('Ctrl Pts',(-1.35199587559273,-1.14728952100489,-1.6135934968676));
#4667=CARTESIAN_POINT('Ctrl Pts',(-1.34830604890125,-1.1492513910119,-1.59897822973215));
#4668=CARTESIAN_POINT('Ctrl Pts',(-1.34830604890125,-1.1492513910119,-1.58413138912202));
#4669=CARTESIAN_POINT('Ctrl Pts',(-1.35199587559273,-1.14728952100491,-1.56951612198656));
#4670=CARTESIAN_POINT('Ctrl Pts',(-1.35592953980759,-1.14896203856541,-1.61280553838816));
#4671=CARTESIAN_POINT('Ctrl Pts',(-1.3523379519037,-1.15083816432521,-1.59872512415902));
#4672=CARTESIAN_POINT('Ctrl Pts',(-1.3523379519037,-1.15083816432522,-1.58438449469515));
#4673=CARTESIAN_POINT('Ctrl Pts',(-1.35592953980759,-1.14896203856543,-1.57030408046599));
#4674=CARTESIAN_POINT('Ctrl Pts',(-1.35986320402245,-1.15063455612593,-1.61201757990873));
#4675=CARTESIAN_POINT('Ctrl Pts',(-1.35636985490615,-1.15242493763852,-1.59847201858588));
#4676=CARTESIAN_POINT('Ctrl Pts',(-1.35636985490615,-1.15242493763853,-1.58463760026828));
#4677=CARTESIAN_POINT('Ctrl Pts',(-1.35986320402246,-1.15063455612595,-1.57109203894543));
#4678=CARTESIAN_POINT('Ctrl Pts',(-1.36379686823732,-1.15230707368644,-1.6112296214293));
#4679=CARTESIAN_POINT('Ctrl Pts',(-1.3604017579086,-1.15401171095183,-1.59821891301275));
#4680=CARTESIAN_POINT('Ctrl Pts',(-1.3604017579086,-1.15401171095184,-1.58489070584142));
#4681=CARTESIAN_POINT('Ctrl Pts',(-1.36379686823732,-1.15230707368646,-1.57187999742486));
#4682=CARTESIAN_POINT('',(-1.36379686823732,-1.15230707368646,-1.57187999742486));
#4683=CARTESIAN_POINT('',(-1.35199587559273,-1.14728952100491,-1.56951612198656));
#4684=CARTESIAN_POINT('',(-1.36379686823732,-1.15230707368646,-1.57187999742486));
#4685=CARTESIAN_POINT('',(-1.35199587559273,-1.14728952100489,-1.6135934968676));
#4686=CARTESIAN_POINT('Ctrl Pts',(-1.35199587559273,-1.14728952100491,-1.56951612198656));
#4687=CARTESIAN_POINT('Ctrl Pts',(-1.34830604890125,-1.1492513910119,-1.58413138912202));
#4688=CARTESIAN_POINT('Ctrl Pts',(-1.34830604890125,-1.1492513910119,-1.59897822973215));
#4689=CARTESIAN_POINT('Ctrl Pts',(-1.35199587559273,-1.14728952100489,-1.6135934968676));
#4690=CARTESIAN_POINT('',(-1.36379686823732,-1.15230707368644,-1.6112296214293));
#4691=CARTESIAN_POINT('',(-1.35199587559273,-1.14728952100489,-1.6135934968676));
#4692=CARTESIAN_POINT('Ctrl Pts',(-1.36379686823732,-1.15230707368644,-1.6112296214293));
#4693=CARTESIAN_POINT('Ctrl Pts',(-1.3604017579086,-1.15401171095183,-1.59821891301275));
#4694=CARTESIAN_POINT('Ctrl Pts',(-1.3604017579086,-1.15401171095184,-1.58489070584142));
#4695=CARTESIAN_POINT('Ctrl Pts',(-1.36379686823732,-1.15230707368646,-1.57187999742486));
#4696=CARTESIAN_POINT('Ctrl Pts',(-1.36053113626656,-1.14286320438371,-1.63501615949676));
#4697=CARTESIAN_POINT('Ctrl Pts',(-1.35838005229432,-1.14395084735799,-1.63131166833321));
#4698=CARTESIAN_POINT('Ctrl Pts',(-1.35659143156074,-1.14487511735071,-1.62741964073088));
#4699=CARTESIAN_POINT('Ctrl Pts',(-1.3538621726483,-1.14630036073701,-1.62019293014582));
#4700=CARTESIAN_POINT('Ctrl Pts',(-1.35283851747861,-1.1468414907908,-1.61693117023043));
#4701=CARTESIAN_POINT('Ctrl Pts',(-1.35199587559273,-1.14728952100489,-1.61359349686759));
#4702=CARTESIAN_POINT('Ctrl Pts',(-1.36407975441968,-1.14526058209044,-1.63290224214039));
#4703=CARTESIAN_POINT('Ctrl Pts',(-1.36207401650371,-1.14604968326901,-1.62952263864327));
#4704=CARTESIAN_POINT('Ctrl Pts',(-1.3603554767023,-1.1468025933079,-1.62590134035573));
#4705=CARTESIAN_POINT('Ctrl Pts',(-1.35773208733244,-1.14803822861017,-1.61909446829999));
#4706=CARTESIAN_POINT('Ctrl Pts',(-1.35674242151651,-1.14853718238394,-1.61599544791522));
#4707=CARTESIAN_POINT('Ctrl Pts',(-1.35592953980759,-1.14896203856541,-1.61280553838816));
#4708=CARTESIAN_POINT('Ctrl Pts',(-1.3676283725728,-1.14765795979718,-1.63078832478401));
#4709=CARTESIAN_POINT('Ctrl Pts',(-1.36577653851266,-1.14814556814286,-1.62773349210908));
#4710=CARTESIAN_POINT('Ctrl Pts',(-1.36412122309994,-1.14872948817061,-1.62438314433125));
#4711=CARTESIAN_POINT('Ctrl Pts',(-1.36160199582834,-1.14977607979665,-1.6179959574856));
#4712=CARTESIAN_POINT('Ctrl Pts',(-1.36064832067269,-1.15023212820511,-1.61506001339376));
#4713=CARTESIAN_POINT('Ctrl Pts',(-1.35986320402245,-1.15063455612593,-1.61201757990873));
#4714=CARTESIAN_POINT('Ctrl Pts',(-1.37117699072592,-1.15005533750391,-1.62867440742763));
#4715=CARTESIAN_POINT('Ctrl Pts',(-1.36947050272205,-1.15024440405388,-1.62594446241915));
#4716=CARTESIAN_POINT('Ctrl Pts',(-1.36788526824151,-1.15065696412781,-1.6228648439561));
#4717=CARTESIAN_POINT('Ctrl Pts',(-1.36547191051249,-1.15151394766981,-1.61689749563977));
#4718=CARTESIAN_POINT('Ctrl Pts',(-1.3645522247106,-1.15192781979825,-1.61412429107855));
#4719=CARTESIAN_POINT('Ctrl Pts',(-1.36379686823732,-1.15230707368644,-1.6112296214293));
#4720=CARTESIAN_POINT('Ctrl Pts',(-1.35199587559273,-1.14728952100489,-1.61359349686759));
#4721=CARTESIAN_POINT('Ctrl Pts',(-1.35283851747861,-1.1468414907908,-1.61693117023043));
#4722=CARTESIAN_POINT('Ctrl Pts',(-1.3538621726483,-1.14630036073701,-1.62019293014582));
#4723=CARTESIAN_POINT('Ctrl Pts',(-1.35659143156074,-1.14487511735071,-1.62741964073088));
#4724=CARTESIAN_POINT('Ctrl Pts',(-1.35838005229432,-1.14395084735799,-1.63131166833321));
#4725=CARTESIAN_POINT('Ctrl Pts',(-1.36053113626656,-1.14286320438371,-1.63501615949676));
#4726=CARTESIAN_POINT('Ctrl Pts',(-1.37117699072592,-1.15005533750391,-1.62867440742763));
#4727=CARTESIAN_POINT('Ctrl Pts',(-1.36947050272205,-1.15024440405388,-1.62594446241915));
#4728=CARTESIAN_POINT('Ctrl Pts',(-1.36788526824151,-1.15065696412781,-1.6228648439561));
#4729=CARTESIAN_POINT('Ctrl Pts',(-1.36547191051249,-1.15151394766981,-1.61689749563977));
#4730=CARTESIAN_POINT('Ctrl Pts',(-1.3645522247106,-1.15192781979825,-1.61412429107855));
#4731=CARTESIAN_POINT('Ctrl Pts',(-1.36379686823732,-1.15230707368644,-1.6112296214293));
#4732=CARTESIAN_POINT('Ctrl Pts',(-1.3605311362664,-1.14286320438384,-1.54809345935767));
#4733=CARTESIAN_POINT('Ctrl Pts',(-1.36100448444604,-1.14262386745965,-1.54727828237191));
#4734=CARTESIAN_POINT('Ctrl Pts',(-1.36150006047252,-1.14239259707101,-1.5464741679079));
#4735=CARTESIAN_POINT('Ctrl Pts',(-1.3642129359075,-1.14124953151626,-1.54234450443335));
#4736=CARTESIAN_POINT('Ctrl Pts',(-1.36871026723949,-1.13995546005639,-1.53690687355277));
#4737=CARTESIAN_POINT('Ctrl Pts',(-1.3758157326257,-1.14040005383586,-1.53137399271656));
#4738=CARTESIAN_POINT('Ctrl Pts',(-1.38195754107992,-1.14254015119246,-1.52772807808327));
#4739=CARTESIAN_POINT('Ctrl Pts',(-1.38484081834193,-1.14430426768562,-1.52636854336704));
#4740=CARTESIAN_POINT('Ctrl Pts',(-1.38653625227339,-1.1456880937179,-1.52566401668597));
#4741=CARTESIAN_POINT('Ctrl Pts',(-1.36407975441953,-1.14526058209054,-1.55020737671402));
#4742=CARTESIAN_POINT('Ctrl Pts',(-1.36451974798276,-1.14508713888364,-1.54946408836441));
#4743=CARTESIAN_POINT('Ctrl Pts',(-1.36497875148993,-1.14492273435419,-1.54873259769524));
#4744=CARTESIAN_POINT('Ctrl Pts',(-1.36745110942893,-1.14412732281681,-1.54499978961575));
#4745=CARTESIAN_POINT('Ctrl Pts',(-1.37142792533667,-1.14334178959669,-1.5401773458641));
#4746=CARTESIAN_POINT('Ctrl Pts',(-1.37728351786181,-1.1440764276143,-1.53545942699489));
#4747=CARTESIAN_POINT('Ctrl Pts',(-1.38216853732135,-1.14603835058193,-1.53241866603739));
#4748=CARTESIAN_POINT('Ctrl Pts',(-1.38443269592122,-1.14752727746043,-1.53129346041359));
#4749=CARTESIAN_POINT('Ctrl Pts',(-1.38575224588735,-1.14867061061881,-1.53071589047299));
#4750=CARTESIAN_POINT('Ctrl Pts',(-1.36762837257267,-1.14765795979725,-1.55232129407037));
#4751=CARTESIAN_POINT('Ctrl Pts',(-1.36803724158115,-1.14755046179654,-1.55164867830463));
#4752=CARTESIAN_POINT('Ctrl Pts',(-1.36845468202112,-1.14745262135551,-1.5509925006599));
#4753=CARTESIAN_POINT('Ctrl Pts',(-1.37070142676168,-1.14700796648891,-1.54764897212367));
#4754=CARTESIAN_POINT('Ctrl Pts',(-1.37415358553216,-1.14672974600479,-1.54344423713021));
#4755=CARTESIAN_POINT('Ctrl Pts',(-1.37874311209309,-1.14775926388361,-1.53955083017525));
#4756=CARTESIAN_POINT('Ctrl Pts',(-1.38239760975817,-1.14953585271683,-1.53709998545797));
#4757=CARTESIAN_POINT('Ctrl Pts',(-1.38401792081433,-1.15075670267074,-1.53622375566781));
#4758=CARTESIAN_POINT('Ctrl Pts',(-1.38496823950132,-1.15165312751972,-1.53576776426));
#4759=CARTESIAN_POINT('Ctrl Pts',(-1.3711769907258,-1.15005533750396,-1.55443521142673));
#4760=CARTESIAN_POINT('Ctrl Pts',(-1.37155250511787,-1.15001373322053,-1.55383448429712));
#4761=CARTESIAN_POINT('Ctrl Pts',(-1.37193337303853,-1.14998275863869,-1.55325093044725));
#4762=CARTESIAN_POINT('Ctrl Pts',(-1.37393960028311,-1.14988575778946,-1.55030425730607));
#4763=CARTESIAN_POINT('Ctrl Pts',(-1.37687124362935,-1.15011607554508,-1.54671470944155));
#4764=CARTESIAN_POINT('Ctrl Pts',(-1.3802108973292,-1.15143563766205,-1.54363626445357));
#4765=CARTESIAN_POINT('Ctrl Pts',(-1.3826086059996,-1.1530340521063,-1.54179057341209));
#4766=CARTESIAN_POINT('Ctrl Pts',(-1.38360979839361,-1.15397971244555,-1.54114867271436));
#4767=CARTESIAN_POINT('Ctrl Pts',(-1.38418423311529,-1.15463564442063,-1.54081963804702));
#4768=CARTESIAN_POINT('',(-1.36053113626366,-1.14286320438522,-1.54809345935529));
#4769=CARTESIAN_POINT('',(-1.37117699072592,-1.15005533750395,-1.55443521142653));
#4770=CARTESIAN_POINT('',(-1.36053113626366,-1.14286320438522,-1.54809345935529));
#4771=CARTESIAN_POINT('',(-1.38418423311529,-1.15463564442063,-1.54081963804702));
#4772=CARTESIAN_POINT('Ctrl Pts',(-1.3711769907258,-1.15005533750396,-1.55443521142673));
#4773=CARTESIAN_POINT('Ctrl Pts',(-1.37155250511787,-1.15001373322053,-1.55383448429712));
#4774=CARTESIAN_POINT('Ctrl Pts',(-1.37193337303853,-1.14998275863869,-1.55325093044725));
#4775=CARTESIAN_POINT('Ctrl Pts',(-1.37393960028311,-1.14988575778946,-1.55030425730607));
#4776=CARTESIAN_POINT('Ctrl Pts',(-1.37687124362935,-1.15011607554508,-1.54671470944155));
#4777=CARTESIAN_POINT('Ctrl Pts',(-1.3802108973292,-1.15143563766205,-1.54363626445357));
#4778=CARTESIAN_POINT('Ctrl Pts',(-1.3826086059996,-1.1530340521063,-1.54179057341209));
#4779=CARTESIAN_POINT('Ctrl Pts',(-1.38360979839361,-1.15397971244555,-1.54114867271436));
#4780=CARTESIAN_POINT('Ctrl Pts',(-1.38418423311529,-1.15463564442063,-1.54081963804702));
#4781=CARTESIAN_POINT('',(-1.38653625227339,-1.1456880937179,-1.52566401668597));
#4782=CARTESIAN_POINT('',(-1.38418423311529,-1.15463564442063,-1.54081963804702));
#4783=CARTESIAN_POINT('Ctrl Pts',(-1.38653625227339,-1.1456880937179,-1.52566401668597));
#4784=CARTESIAN_POINT('Ctrl Pts',(-1.38484081834193,-1.14430426768562,-1.52636854336704));
#4785=CARTESIAN_POINT('Ctrl Pts',(-1.38195754107992,-1.14254015119246,-1.52772807808327));
#4786=CARTESIAN_POINT('Ctrl Pts',(-1.3758157326257,-1.14040005383586,-1.53137399271656));
#4787=CARTESIAN_POINT('Ctrl Pts',(-1.36871026723949,-1.13995546005639,-1.53690687355277));
#4788=CARTESIAN_POINT('Ctrl Pts',(-1.3642129359075,-1.14124953151626,-1.54234450443335));
#4789=CARTESIAN_POINT('Ctrl Pts',(-1.36150006047252,-1.14239259707101,-1.5464741679079));
#4790=CARTESIAN_POINT('Ctrl Pts',(-1.36100448444604,-1.14262386745965,-1.54727828237191));
#4791=CARTESIAN_POINT('Ctrl Pts',(-1.3605311362664,-1.14286320438384,-1.54809345935767));
#4792=CARTESIAN_POINT('Ctrl Pts',(-1.35199587559273,-1.14728952100491,-1.56951612198656));
#4793=CARTESIAN_POINT('Ctrl Pts',(-1.35283851747861,-1.14684149079082,-1.56617844862373));
#4794=CARTESIAN_POINT('Ctrl Pts',(-1.35386217265472,-1.14630036073398,-1.56291668870672));
#4795=CARTESIAN_POINT('Ctrl Pts',(-1.35659143157607,-1.14487511734343,-1.55568997812099));
#4796=CARTESIAN_POINT('Ctrl Pts',(-1.35838005229432,-1.14395084735803,-1.55179795052095));
#4797=CARTESIAN_POINT('Ctrl Pts',(-1.36053113626656,-1.14286320438376,-1.5480934593574));
#4798=CARTESIAN_POINT('Ctrl Pts',(-1.35592953980759,-1.14896203856543,-1.57030408046599));
#4799=CARTESIAN_POINT('Ctrl Pts',(-1.35674242151651,-1.14853718238397,-1.56711417093894));
#4800=CARTESIAN_POINT('Ctrl Pts',(-1.35773208733887,-1.14803822860715,-1.56401515055255));
#4801=CARTESIAN_POINT('Ctrl Pts',(-1.36035547671763,-1.14680259330063,-1.55720827849614));
#4802=CARTESIAN_POINT('Ctrl Pts',(-1.36207401650371,-1.14604968326905,-1.55358698021089));
#4803=CARTESIAN_POINT('Ctrl Pts',(-1.36407975441968,-1.14526058209049,-1.55020737671378));
#4804=CARTESIAN_POINT('Ctrl Pts',(-1.35986320402246,-1.15063455612595,-1.57109203894543));
#4805=CARTESIAN_POINT('Ctrl Pts',(-1.36064832067269,-1.15023212820513,-1.5680496054604));
#4806=CARTESIAN_POINT('Ctrl Pts',(-1.36160199582702,-1.1497760797964,-1.56511366136724));
#4807=CARTESIAN_POINT('Ctrl Pts',(-1.36412122309758,-1.14872948816949,-1.5587264745208));
#4808=CARTESIAN_POINT('Ctrl Pts',(-1.36577653851266,-1.1481455681429,-1.55537612674508));
#4809=CARTESIAN_POINT('Ctrl Pts',(-1.3676283725728,-1.14765795979722,-1.55232129407015));
#4810=CARTESIAN_POINT('Ctrl Pts',(-1.36379686823732,-1.15230707368646,-1.57187999742486));
#4811=CARTESIAN_POINT('Ctrl Pts',(-1.3645522247106,-1.15192781979828,-1.56898532777561));
#4812=CARTESIAN_POINT('Ctrl Pts',(-1.36547191051116,-1.15151394766957,-1.56621212321307));
#4813=CARTESIAN_POINT('Ctrl Pts',(-1.36788526823914,-1.15065696412668,-1.56024477489595));
#4814=CARTESIAN_POINT('Ctrl Pts',(-1.36947050272204,-1.15024440405392,-1.55716515643502));
#4815=CARTESIAN_POINT('Ctrl Pts',(-1.37117699072592,-1.15005533750395,-1.55443521142653));
#4816=CARTESIAN_POINT('Ctrl Pts',(-1.36053113626656,-1.14286320438376,-1.5480934593574));
#4817=CARTESIAN_POINT('Ctrl Pts',(-1.35838005229432,-1.14395084735803,-1.55179795052095));
#4818=CARTESIAN_POINT('Ctrl Pts',(-1.35659143157607,-1.14487511734343,-1.55568997812099));
#4819=CARTESIAN_POINT('Ctrl Pts',(-1.35386217265472,-1.14630036073398,-1.56291668870672));
#4820=CARTESIAN_POINT('Ctrl Pts',(-1.35283851747861,-1.14684149079082,-1.56617844862373));
#4821=CARTESIAN_POINT('Ctrl Pts',(-1.35199587559273,-1.14728952100491,-1.56951612198656));
#4822=CARTESIAN_POINT('Ctrl Pts',(-1.36379686823732,-1.15230707368646,-1.57187999742486));
#4823=CARTESIAN_POINT('Ctrl Pts',(-1.3645522247106,-1.15192781979828,-1.56898532777561));
#4824=CARTESIAN_POINT('Ctrl Pts',(-1.36547191051116,-1.15151394766957,-1.56621212321307));
#4825=CARTESIAN_POINT('Ctrl Pts',(-1.36788526823914,-1.15065696412668,-1.56024477489595));
#4826=CARTESIAN_POINT('Ctrl Pts',(-1.36947050272204,-1.15024440405392,-1.55716515643502));
#4827=CARTESIAN_POINT('Ctrl Pts',(-1.37117699072592,-1.15005533750395,-1.55443521142653));
#4828=CARTESIAN_POINT('Ctrl Pts',(-1.38878561712792,-1.14777750635307,-1.52469786425988));
#4829=CARTESIAN_POINT('Ctrl Pts',(-1.39755786970328,-1.15703958888808,-1.52077430857982));
#4830=CARTESIAN_POINT('Ctrl Pts',(-1.40712239691843,-1.1671381855386,-1.51761756115439));
#4831=CARTESIAN_POINT('Ctrl Pts',(-1.41716568788343,-1.17774227941777,-1.51530744956186));
#4832=CARTESIAN_POINT('Ctrl Pts',(-1.38787250865553,-1.15077124141476,-1.5297234595843));
#4833=CARTESIAN_POINT('Ctrl Pts',(-1.39631139486762,-1.15989548282342,-1.52568333110928));
#4834=CARTESIAN_POINT('Ctrl Pts',(-1.40559598439518,-1.16988439926704,-1.52234546971449));
#4835=CARTESIAN_POINT('Ctrl Pts',(-1.41540897171881,-1.18038931581413,-1.51982074272834));
#4836=CARTESIAN_POINT('Ctrl Pts',(-1.38695940018314,-1.15376497647646,-1.53474905490872));
#4837=CARTESIAN_POINT('Ctrl Pts',(-1.39506492003195,-1.16275137675877,-1.53059235363875));
#4838=CARTESIAN_POINT('Ctrl Pts',(-1.40406957187192,-1.17263061299548,-1.52707337827458));
#4839=CARTESIAN_POINT('Ctrl Pts',(-1.41365225555418,-1.1830363522105,-1.52433403589483));
#4840=CARTESIAN_POINT('Ctrl Pts',(-1.38604629171075,-1.15675871153815,-1.53977465023315));
#4841=CARTESIAN_POINT('Ctrl Pts',(-1.39381844519628,-1.16560727069411,-1.53550137616821));
#4842=CARTESIAN_POINT('Ctrl Pts',(-1.40254315934867,-1.17537682672393,-1.53180128683467));
#4843=CARTESIAN_POINT('Ctrl Pts',(-1.41189553938956,-1.18568338860687,-1.52884732906132));
#4844=CARTESIAN_POINT('',(-1.38878561712841,-1.14777750635359,-1.52469786426216));
#4845=CARTESIAN_POINT('',(-1.38604629171075,-1.15675871153816,-1.53977465023314));
#4846=CARTESIAN_POINT('',(-1.38878561712841,-1.14777750635359,-1.52469786426216));
#4847=CARTESIAN_POINT('',(-1.40759584814524,-1.18093397976079,-1.53027310840024));
#4848=CARTESIAN_POINT('Ctrl Pts',(-1.38604629171075,-1.15675871153815,-1.53977465023315));
#4849=CARTESIAN_POINT('Ctrl Pts',(-1.39261453057143,-1.16423661971603,-1.53616331074688));
#4850=CARTESIAN_POINT('Ctrl Pts',(-1.39986308088699,-1.17237229673215,-1.53296133535897));
#4851=CARTESIAN_POINT('Ctrl Pts',(-1.40759584814524,-1.18093397976079,-1.53027310840024));
#4852=CARTESIAN_POINT('',(-1.41716568788343,-1.17774227941777,-1.51530744956186));
#4853=CARTESIAN_POINT('Ctrl Pts',(-1.41716568788343,-1.17774227941777,-1.51530744956186));
#4854=CARTESIAN_POINT('Ctrl Pts',(-1.41553598218352,-1.17828580621431,-1.51774906720261));
#4855=CARTESIAN_POINT('Ctrl Pts',(-1.4139280684952,-1.1788220997711,-1.52020808025609));
#4856=CARTESIAN_POINT('Ctrl Pts',(-1.41234436499362,-1.1793503257278,-1.52268309768246));
#4857=CARTESIAN_POINT('Ctrl Pts',(-1.41073687869529,-1.17988648416084,-1.52519528294759));
#4858=CARTESIAN_POINT('Ctrl Pts',(-1.40915311301326,-1.18041473847269,-1.52772586759475));
#4859=CARTESIAN_POINT('Ctrl Pts',(-1.40759596094824,-1.18093410465573,-1.53027306918534));
#4860=CARTESIAN_POINT('Ctrl Pts',(-1.41716568788343,-1.17774227941777,-1.51530744956186));
#4861=CARTESIAN_POINT('Ctrl Pts',(-1.40712239691843,-1.1671381855386,-1.51761756115439));
#4862=CARTESIAN_POINT('Ctrl Pts',(-1.39755786970328,-1.15703958888808,-1.52077430857982));
#4863=CARTESIAN_POINT('Ctrl Pts',(-1.38878561712792,-1.14777750635307,-1.52469786425988));
#4864=CARTESIAN_POINT('Ctrl Pts',(-1.38653625227339,-1.1456880937179,-1.52566401668596));
#4865=CARTESIAN_POINT('Ctrl Pts',(-1.38732756077092,-1.14633396571452,-1.52533519352209));
#4866=CARTESIAN_POINT('Ctrl Pts',(-1.38807804508795,-1.1470304245092,-1.5250143392213));
#4867=CARTESIAN_POINT('Ctrl Pts',(-1.38878561712793,-1.14777750635308,-1.52469786425987));
#4868=CARTESIAN_POINT('Ctrl Pts',(-1.38575224588735,-1.1486706106188,-1.53071589047298));
#4869=CARTESIAN_POINT('Ctrl Pts',(-1.38648459074116,-1.14933505439622,-1.5303793627859));
#4870=CARTESIAN_POINT('Ctrl Pts',(-1.3871918260281,-1.1500352778698,-1.5300493373359));
#4871=CARTESIAN_POINT('Ctrl Pts',(-1.38787250865554,-1.15077124141477,-1.5297234595843));
#4872=CARTESIAN_POINT('Ctrl Pts',(-1.38496823950132,-1.15165312751971,-1.53576776426));
#4873=CARTESIAN_POINT('Ctrl Pts',(-1.38564162071139,-1.15233614307792,-1.53542353204972));
#4874=CARTESIAN_POINT('Ctrl Pts',(-1.38630560696825,-1.15304013123039,-1.53508433545049));
#4875=CARTESIAN_POINT('Ctrl Pts',(-1.38695940018315,-1.15376497647647,-1.53474905490872));
#4876=CARTESIAN_POINT('Ctrl Pts',(-1.38418423311529,-1.15463564442062,-1.54081963804702));
#4877=CARTESIAN_POINT('Ctrl Pts',(-1.38479865068162,-1.15533723175961,-1.54046770131353));
#4878=CARTESIAN_POINT('Ctrl Pts',(-1.3854193879084,-1.15604498459098,-1.54011933356509));
#4879=CARTESIAN_POINT('Ctrl Pts',(-1.38604629171076,-1.15675871153816,-1.53977465023314));
#4880=CARTESIAN_POINT('Ctrl Pts',(-1.38878561712793,-1.14777750635308,-1.52469786425987));
#4881=CARTESIAN_POINT('Ctrl Pts',(-1.38807804508795,-1.1470304245092,-1.5250143392213));
#4882=CARTESIAN_POINT('Ctrl Pts',(-1.38732756077092,-1.14633396571452,-1.52533519352209));
#4883=CARTESIAN_POINT('Ctrl Pts',(-1.38653625227339,-1.1456880937179,-1.52566401668596));
#4884=CARTESIAN_POINT('Ctrl Pts',(-1.38418423311529,-1.15463564442062,-1.54081963804702));
#4885=CARTESIAN_POINT('Ctrl Pts',(-1.38479865068162,-1.15533723175961,-1.54046770131353));
#4886=CARTESIAN_POINT('Ctrl Pts',(-1.3854193879084,-1.15604498459098,-1.54011933356509));
#4887=CARTESIAN_POINT('Ctrl Pts',(-1.38604629171076,-1.15675871153816,-1.53977465023314));
#4888=CARTESIAN_POINT('Origin',(-1.38878561713398,-1.14777750635933,-1.79155480942782));
#4889=CARTESIAN_POINT('',(-1.38878561713401,-1.14777750635936,-1.79155480942782));
#4890=CARTESIAN_POINT('',(-1.38878561713401,-1.14777750635936,-1.79155480942782));
#4891=CARTESIAN_POINT('',(-1.41716568788342,-1.17774227941762,-1.79155480942784));
#4892=CARTESIAN_POINT('',(-1.38878561713398,-1.14777750635933,-1.79155480942782));
#4893=CARTESIAN_POINT('',(-1.41716568788343,-1.17774227941763,-1.79155480942784));
#4894=CARTESIAN_POINT('Origin',(-1.37136054372141,-1.16428104587563,-1.81342980942783));
#4895=CARTESIAN_POINT('',(-1.36053573559786,-1.14287230072042,-1.79155480942782));
#4896=CARTESIAN_POINT('',(-1.36053113625954,-1.14286320438717,-1.81342980942782));
#4897=CARTESIAN_POINT('',(-1.36117677529481,-1.14254879195127,-1.79155480942782));
#4898=CARTESIAN_POINT('Origin',(-1.57170458176594,-1.56051111341218,-1.79155480942803));
#4899=CARTESIAN_POINT('Origin',(-1.37136054372141,-1.16428104587564,-1.79155480942783));
#4900=CARTESIAN_POINT('Origin',(-1.57170458176594,-1.56051111341217,-1.81342980942803));
#4901=CARTESIAN_POINT('',(-1.36053573559786,-1.14287230072063,-1.39155480942782));
#4902=CARTESIAN_POINT('',(-1.36053113625954,-1.14286320438717,-1.81342980942782));
#4903=CARTESIAN_POINT('',(-1.30956110706333,-1.17283178957711,-1.39155480942783));
#4904=CARTESIAN_POINT('Origin',(-1.57170458176594,-1.56051111341239,-1.39155480942803));
#4905=CARTESIAN_POINT('',(-1.30956110706333,-1.1728317895769,-1.79155480942783));
#4906=CARTESIAN_POINT('',(-1.30955539747808,-1.17282334577279,-1.81342980942783));
#4907=CARTESIAN_POINT('Origin',(-1.57170458176594,-1.56051111341218,-1.79155480942803));
#4908=CARTESIAN_POINT('Origin',(-1.37136054372141,-1.16428104587563,-1.81342980942783));
#4909=CARTESIAN_POINT('',(-1.38878561713401,-1.14777750635957,-1.39155480942782));
#4910=CARTESIAN_POINT('',(-1.38878561713401,-1.14777750635936,-1.79155480942782));
#4911=CARTESIAN_POINT('',(-1.36117677529522,-1.14254879195127,-1.39155480942782));
#4912=CARTESIAN_POINT('Origin',(-1.37136054372141,-1.16428104587585,-1.39155480942783));
#4913=CARTESIAN_POINT('Origin',(-1.57170458176594,-1.56051111341239,-1.39155480942803));
#4914=CARTESIAN_POINT('Origin',(-1.38878561713398,-1.14777750635933,-1.79155480942782));
#4915=CARTESIAN_POINT('',(-1.41716568788342,-1.17774227941783,-1.39155480942784));
#4916=CARTESIAN_POINT('',(-1.41716568788343,-1.17774227941763,-1.79155480942784));
#4917=CARTESIAN_POINT('',(-1.38878561713401,-1.14777750635957,-1.39155480942782));
#4918=CARTESIAN_POINT('Ctrl Pts',(-1.46554593880966,-1.16160687361831,-1.51530744956185));
#4919=CARTESIAN_POINT('Ctrl Pts',(-1.46721344301749,-1.14709708613804,-1.51761756116846));
#4920=CARTESIAN_POINT('Ctrl Pts',(-1.46880145728769,-1.13327898033173,-1.5207743086183));
#4921=CARTESIAN_POINT('Ctrl Pts',(-1.47025792888814,-1.12060549303596,-1.5246978643316));
#4922=CARTESIAN_POINT('Ctrl Pts',(-1.46853987591631,-1.16266950900647,-1.51982074272833));
#4923=CARTESIAN_POINT('Ctrl Pts',(-1.47008271366147,-1.14837728573345,-1.52234546972986));
#4924=CARTESIAN_POINT('Ctrl Pts',(-1.47151266825355,-1.13481493761745,-1.52568333114999));
#4925=CARTESIAN_POINT('Ctrl Pts',(-1.47278525136544,-1.12245180227378,-1.52972345965815));
#4926=CARTESIAN_POINT('Ctrl Pts',(-1.47153381302296,-1.16373214439463,-1.52433403589482));
#4927=CARTESIAN_POINT('Ctrl Pts',(-1.47295198430544,-1.14965748532886,-1.52707337829126));
#4928=CARTESIAN_POINT('Ctrl Pts',(-1.47422387921941,-1.13635089490317,-1.53059235368168));
#4929=CARTESIAN_POINT('Ctrl Pts',(-1.47531257384274,-1.1242981115116,-1.5347490549847));
#4930=CARTESIAN_POINT('Ctrl Pts',(-1.47452775012961,-1.1647947797828,-1.5288473290613));
#4931=CARTESIAN_POINT('Ctrl Pts',(-1.47582125494942,-1.15093768492427,-1.53180128685265));
#4932=CARTESIAN_POINT('Ctrl Pts',(-1.47693509018527,-1.13788685218889,-1.53550137621337));
#4933=CARTESIAN_POINT('Ctrl Pts',(-1.47783989632005,-1.12614442074942,-1.53977465031125));
#4934=CARTESIAN_POINT('',(-1.47783989632002,-1.12614442074978,-1.53977465031112));
#4935=CARTESIAN_POINT('',(-1.4702579288859,-1.12060549305545,-1.52469786439398));
#4936=CARTESIAN_POINT('',(-1.47783989632002,-1.12614442074978,-1.53977465031112));
#4937=CARTESIAN_POINT('',(-1.46554593880966,-1.16160687361831,-1.51530744956185));
#4938=CARTESIAN_POINT('Ctrl Pts',(-1.47025792888814,-1.12060549303596,-1.5246978643316));
#4939=CARTESIAN_POINT('Ctrl Pts',(-1.46880145728769,-1.13327898033173,-1.5207743086183));
#4940=CARTESIAN_POINT('Ctrl Pts',(-1.46721344301749,-1.14709708613804,-1.51761756116846));
#4941=CARTESIAN_POINT('Ctrl Pts',(-1.46554593880966,-1.16160687361831,-1.51530744956185));
#4942=CARTESIAN_POINT('',(-1.47511580346094,-1.15841524934403,-1.53027310814846));
#4943=CARTESIAN_POINT('Ctrl Pts',(-1.47511578830739,-1.15841541587067,-1.53027306918533));
#4944=CARTESIAN_POINT('Ctrl Pts',(-1.47356119495939,-1.15893385492804,-1.52773008934792));
#4945=CARTESIAN_POINT('Ctrl Pts',(-1.47198006984056,-1.15946113053698,-1.52520367301148));
#4946=CARTESIAN_POINT('Ctrl Pts',(-1.47037530338622,-1.15999629775495,-1.5226955941138));
#4947=CARTESIAN_POINT('Ctrl Pts',(-1.46878899036496,-1.16052531101051,-1.52021635596486));
#4948=CARTESIAN_POINT('Ctrl Pts',(-1.46717838635496,-1.16106243238274,-1.51775317502285));
#4949=CARTESIAN_POINT('Ctrl Pts',(-1.46554593880966,-1.16160687361828,-1.51530744956186));
#4950=CARTESIAN_POINT('Ctrl Pts',(-1.47511580346094,-1.15841524934403,-1.53027310814846));
#4951=CARTESIAN_POINT('Ctrl Pts',(-1.47616130784026,-1.14692590482407,-1.53296133517844));
#4952=CARTESIAN_POINT('Ctrl Pts',(-1.47707524556797,-1.13606793771767,-1.53616331068037));
#4953=CARTESIAN_POINT('Ctrl Pts',(-1.47783989632005,-1.12614442074942,-1.53977465031125));
#4954=CARTESIAN_POINT('Ctrl Pts',(-1.47080280028791,-1.11758416863472,-1.52566401668595));
#4955=CARTESIAN_POINT('Ctrl Pts',(-1.47154501745952,-1.11458277725412,-1.52665934254789));
#4956=CARTESIAN_POINT('Ctrl Pts',(-1.47390107347527,-1.10966767077219,-1.52906674136054));
#4957=CARTESIAN_POINT('Ctrl Pts',(-1.47712848599027,-1.10630720185254,-1.53231161099922));
#4958=CARTESIAN_POINT('Ctrl Pts',(-1.48179768297831,-1.10225001117309,-1.53720961154536));
#4959=CARTESIAN_POINT('Ctrl Pts',(-1.48526695197283,-1.10081837581015,-1.54128123964254));
#4960=CARTESIAN_POINT('Ctrl Pts',(-1.4888475161878,-1.09992008295932,-1.54647340795758));
#4961=CARTESIAN_POINT('Ctrl Pts',(-1.48938395552639,-1.09980774264535,-1.54727828237188));
#4962=CARTESIAN_POINT('Ctrl Pts',(-1.48990620639869,-1.09971503510078,-1.54809345935763));
#4963=CARTESIAN_POINT('Ctrl Pts',(-1.4732201322623,-1.11949900001193,-1.53071589047297));
#4964=CARTESIAN_POINT('Ctrl Pts',(-1.47375488691824,-1.11708817065454,-1.53153939442421));
#4965=CARTESIAN_POINT('Ctrl Pts',(-1.47547665550414,-1.11307933964109,-1.53351942024707));
#4966=CARTESIAN_POINT('Ctrl Pts',(-1.47797332245746,-1.11017682100437,-1.53626582349035));
#4967=CARTESIAN_POINT('Ctrl Pts',(-1.48163892895409,-1.10657997719676,-1.54045477345123));
#4968=CARTESIAN_POINT('Ctrl Pts',(-1.4844981165637,-1.10509917037456,-1.54403404807451));
#4969=CARTESIAN_POINT('Ctrl Pts',(-1.48758569158712,-1.10403185097493,-1.54873274322051));
#4970=CARTESIAN_POINT('Ctrl Pts',(-1.48804978365774,-1.10388788146439,-1.54946344668614));
#4971=CARTESIAN_POINT('Ctrl Pts',(-1.48850704178104,-1.10376255891641,-1.55020737671399));
#4972=CARTESIAN_POINT('Ctrl Pts',(-1.4756374642367,-1.12141383138913,-1.53576776425998));
#4973=CARTESIAN_POINT('Ctrl Pts',(-1.47593775715847,-1.11959497835058,-1.53640443260259));
#4974=CARTESIAN_POINT('Ctrl Pts',(-1.47705282409623,-1.11649256296172,-1.53797128960329));
#4975=CARTESIAN_POINT('Ctrl Pts',(-1.47880426975753,-1.1140460336362,-1.54021253176176));
#4976=CARTESIAN_POINT('Ctrl Pts',(-1.48147638727046,-1.11091495066086,-1.54369718543402));
#4977=CARTESIAN_POINT('Ctrl Pts',(-1.48373672658095,-1.10938824121283,-1.54678910317001));
#4978=CARTESIAN_POINT('Ctrl Pts',(-1.48632182798882,-1.10814205382763,-1.55099133086416));
#4979=CARTESIAN_POINT('Ctrl Pts',(-1.48671757218205,-1.10796959770169,-1.55164931998284));
#4980=CARTESIAN_POINT('Ctrl Pts',(-1.48710787716338,-1.10781008273203,-1.55232129407034));
#4981=CARTESIAN_POINT('Ctrl Pts',(-1.47805479621109,-1.12332866276634,-1.540819638047));
#4982=CARTESIAN_POINT('Ctrl Pts',(-1.47814762661719,-1.12210037175101,-1.54128448447891));
#4983=CARTESIAN_POINT('Ctrl Pts',(-1.47862840612511,-1.11990423183062,-1.54242396848982));
#4984=CARTESIAN_POINT('Ctrl Pts',(-1.47964910622472,-1.11791565278803,-1.54416674425289));
#4985=CARTESIAN_POINT('Ctrl Pts',(-1.48131763324624,-1.11524491668452,-1.54694234733989));
#4986=CARTESIAN_POINT('Ctrl Pts',(-1.48296789117182,-1.11366903577724,-1.54954191160199));
#4987=CARTESIAN_POINT('Ctrl Pts',(-1.48506000338814,-1.11225382184324,-1.55325066612709));
#4988=CARTESIAN_POINT('Ctrl Pts',(-1.4853834003134,-1.11204973652074,-1.55383448429709));
#4989=CARTESIAN_POINT('Ctrl Pts',(-1.48570871254573,-1.11185760654766,-1.5544352114267));
#4990=CARTESIAN_POINT('',(-1.48570871254562,-1.11185760654772,-1.5544352114265));
#4991=CARTESIAN_POINT('',(-1.48990620640172,-1.09971503510025,-1.54809345935525));
#4992=CARTESIAN_POINT('',(-1.48570871254562,-1.11185760654772,-1.5544352114265));
#4993=CARTESIAN_POINT('',(-1.47080280028791,-1.11758416863472,-1.52566401668595));
#4994=CARTESIAN_POINT('Ctrl Pts',(-1.48990620639869,-1.09971503510078,-1.54809345935763));
#4995=CARTESIAN_POINT('Ctrl Pts',(-1.48938395552639,-1.09980774264535,-1.54727828237188));
#4996=CARTESIAN_POINT('Ctrl Pts',(-1.4888475161878,-1.09992008295932,-1.54647340795758));
#4997=CARTESIAN_POINT('Ctrl Pts',(-1.48526695197283,-1.10081837581015,-1.54128123964254));
#4998=CARTESIAN_POINT('Ctrl Pts',(-1.48179768297831,-1.10225001117309,-1.53720961154536));
#4999=CARTESIAN_POINT('Ctrl Pts',(-1.47712848599027,-1.10630720185254,-1.53231161099922));
#5000=CARTESIAN_POINT('Ctrl Pts',(-1.47390107347527,-1.10966767077219,-1.52906674136054));
#5001=CARTESIAN_POINT('Ctrl Pts',(-1.47154501745952,-1.11458277725412,-1.52665934254789));
#5002=CARTESIAN_POINT('Ctrl Pts',(-1.47080280028791,-1.11758416863472,-1.52566401668595));
#5003=CARTESIAN_POINT('',(-1.47805479621109,-1.12332866276634,-1.540819638047));
#5004=CARTESIAN_POINT('',(-1.47080280028791,-1.11758416863472,-1.52566401668595));
#5005=CARTESIAN_POINT('Ctrl Pts',(-1.47805479621109,-1.12332866276634,-1.540819638047));
#5006=CARTESIAN_POINT('Ctrl Pts',(-1.47814762661719,-1.12210037175101,-1.54128448447891));
#5007=CARTESIAN_POINT('Ctrl Pts',(-1.47862840612511,-1.11990423183062,-1.54242396848982));
#5008=CARTESIAN_POINT('Ctrl Pts',(-1.47964910622472,-1.11791565278803,-1.54416674425289));
#5009=CARTESIAN_POINT('Ctrl Pts',(-1.48131763324624,-1.11524491668452,-1.54694234733989));
#5010=CARTESIAN_POINT('Ctrl Pts',(-1.48296789117182,-1.11366903577724,-1.54954191160199));
#5011=CARTESIAN_POINT('Ctrl Pts',(-1.48506000338814,-1.11225382184324,-1.55325066612709));
#5012=CARTESIAN_POINT('Ctrl Pts',(-1.4853834003134,-1.11204973652074,-1.55383448429709));
#5013=CARTESIAN_POINT('Ctrl Pts',(-1.48570871254573,-1.11185760654766,-1.5544352114267));
#5014=CARTESIAN_POINT('Ctrl Pts',(-1.4702579288881,-1.12060549303635,-1.52469786433147));
#5015=CARTESIAN_POINT('Ctrl Pts',(-1.47037540824457,-1.11958324653379,-1.52501433926979));
#5016=CARTESIAN_POINT('Ctrl Pts',(-1.47055759598893,-1.11857573026602,-1.52533519354688));
#5017=CARTESIAN_POINT('Ctrl Pts',(-1.47080280028791,-1.11758416863472,-1.52566401668595));
#5018=CARTESIAN_POINT('Ctrl Pts',(-1.4727852513654,-1.12245180227416,-1.52972345965802));
#5019=CARTESIAN_POINT('Ctrl Pts',(-1.47288789822917,-1.12145458883358,-1.53004933738573));
#5020=CARTESIAN_POINT('Ctrl Pts',(-1.47303323533142,-1.1204700221064,-1.53037936281127));
#5021=CARTESIAN_POINT('Ctrl Pts',(-1.4732201322623,-1.11949900001193,-1.53071589047296));
#5022=CARTESIAN_POINT('Ctrl Pts',(-1.47531257384271,-1.12429811151197,-1.53474905498457));
#5023=CARTESIAN_POINT('Ctrl Pts',(-1.47540038821376,-1.12332593113337,-1.53508433550168));
#5024=CARTESIAN_POINT('Ctrl Pts',(-1.47550887467391,-1.12236431394678,-1.53542353207567));
#5025=CARTESIAN_POINT('Ctrl Pts',(-1.4756374642367,-1.12141383138913,-1.53576776425998));
#5026=CARTESIAN_POINT('Ctrl Pts',(-1.47783989632002,-1.12614442074978,-1.53977465031112));
#5027=CARTESIAN_POINT('Ctrl Pts',(-1.47791287819835,-1.12519727343316,-1.54011933361762));
#5028=CARTESIAN_POINT('Ctrl Pts',(-1.4779845140164,-1.12425860578716,-1.54046770134006));
#5029=CARTESIAN_POINT('Ctrl Pts',(-1.47805479621109,-1.12332866276634,-1.540819638047));
#5030=CARTESIAN_POINT('Ctrl Pts',(-1.47080280028791,-1.11758416863472,-1.52566401668595));
#5031=CARTESIAN_POINT('Ctrl Pts',(-1.47055759598893,-1.11857573026602,-1.52533519354688));
#5032=CARTESIAN_POINT('Ctrl Pts',(-1.47037540824457,-1.11958324653379,-1.52501433926979));
#5033=CARTESIAN_POINT('Ctrl Pts',(-1.4702579288881,-1.12060549303635,-1.52469786433147));
#5034=CARTESIAN_POINT('Ctrl Pts',(-1.47783989632002,-1.12614442074978,-1.53977465031112));
#5035=CARTESIAN_POINT('Ctrl Pts',(-1.47791287819835,-1.12519727343316,-1.54011933361762));
#5036=CARTESIAN_POINT('Ctrl Pts',(-1.4779845140164,-1.12425860578716,-1.54046770134006));
#5037=CARTESIAN_POINT('Ctrl Pts',(-1.47805479621109,-1.12332866276634,-1.540819638047));
#5038=CARTESIAN_POINT('Ctrl Pts',(-1.49938969560558,-1.09813187810905,-1.56951612198651));
#5039=CARTESIAN_POINT('Ctrl Pts',(-1.50145408342481,-1.09780901332893,-1.57682375555425));
#5040=CARTESIAN_POINT('Ctrl Pts',(-1.50244536591105,-1.09766431341345,-1.58435944175766));
#5041=CARTESIAN_POINT('Ctrl Pts',(-1.50244536591105,-1.09766431341344,-1.59875017709645));
#5042=CARTESIAN_POINT('Ctrl Pts',(-1.50145408342481,-1.09780901332891,-1.60628586329986));
#5043=CARTESIAN_POINT('Ctrl Pts',(-1.49938969560558,-1.09813187810903,-1.6135934968676));
#5044=CARTESIAN_POINT('Ctrl Pts',(-1.49724746575191,-1.101830780703,-1.57030408046595));
#5045=CARTESIAN_POINT('Ctrl Pts',(-1.49924674352648,-1.10150294554417,-1.57734429786973));
#5046=CARTESIAN_POINT('Ctrl Pts',(-1.50020877991927,-1.10135488485909,-1.58461365784333));
#5047=CARTESIAN_POINT('Ctrl Pts',(-1.50020877991927,-1.10135488485908,-1.59849596101078));
#5048=CARTESIAN_POINT('Ctrl Pts',(-1.49924674352648,-1.10150294554416,-1.60576532098439));
#5049=CARTESIAN_POINT('Ctrl Pts',(-1.4972474657519,-1.10183078070298,-1.61280553838817));
#5050=CARTESIAN_POINT('Ctrl Pts',(-1.49510523589823,-1.10552968329695,-1.57109203894539));
#5051=CARTESIAN_POINT('Ctrl Pts',(-1.49703967274246,-1.10519737351905,-1.57786480931763));
#5052=CARTESIAN_POINT('Ctrl Pts',(-1.49797223919667,-1.10504554075324,-1.58486788617267));
#5053=CARTESIAN_POINT('Ctrl Pts',(-1.49797223919667,-1.10504554075324,-1.59824173268145));
#5054=CARTESIAN_POINT('Ctrl Pts',(-1.49703967274246,-1.10519737351904,-1.6052448095365));
#5055=CARTESIAN_POINT('Ctrl Pts',(-1.49510523589822,-1.10552968329693,-1.61201757990874));
#5056=CARTESIAN_POINT('Ctrl Pts',(-1.49296300604455,-1.1092285858909,-1.57187999742482));
#5057=CARTESIAN_POINT('Ctrl Pts',(-1.49483233284413,-1.1088913057343,-1.57838535163311));
#5058=CARTESIAN_POINT('Ctrl Pts',(-1.49573565320489,-1.10873611219888,-1.58512210225834));
#5059=CARTESIAN_POINT('Ctrl Pts',(-1.49573565320489,-1.10873611219888,-1.59798751659578));
#5060=CARTESIAN_POINT('Ctrl Pts',(-1.49483233284413,-1.10889130573429,-1.60472426722102));
#5061=CARTESIAN_POINT('Ctrl Pts',(-1.49296300604454,-1.10922858589088,-1.6112296214293));
#5062=CARTESIAN_POINT('',(-1.49296300604454,-1.10922858589088,-1.6112296214293));
#5063=CARTESIAN_POINT('',(-1.49938969560559,-1.09813187810903,-1.6135934968676));
#5064=CARTESIAN_POINT('',(-1.49296300604454,-1.10922858589088,-1.6112296214293));
#5065=CARTESIAN_POINT('',(-1.49938969560558,-1.09813187810905,-1.56951612198652));
#5066=CARTESIAN_POINT('Ctrl Pts',(-1.49938969560558,-1.09813187810903,-1.6135934968676));
#5067=CARTESIAN_POINT('Ctrl Pts',(-1.50145408342481,-1.09780901332891,-1.60628586329986));
#5068=CARTESIAN_POINT('Ctrl Pts',(-1.50244536591105,-1.09766431341344,-1.59875017709645));
#5069=CARTESIAN_POINT('Ctrl Pts',(-1.50244536591105,-1.09766431341345,-1.58435944175766));
#5070=CARTESIAN_POINT('Ctrl Pts',(-1.50145408342481,-1.09780901332893,-1.57682375555425));
#5071=CARTESIAN_POINT('Ctrl Pts',(-1.49938969560558,-1.09813187810905,-1.56951612198651));
#5072=CARTESIAN_POINT('',(-1.49296300604455,-1.1092285858909,-1.57187999742482));
#5073=CARTESIAN_POINT('',(-1.49938969560558,-1.09813187810905,-1.56951612198652));
#5074=CARTESIAN_POINT('Ctrl Pts',(-1.49296300604455,-1.1092285858909,-1.57187999742482));
#5075=CARTESIAN_POINT('Ctrl Pts',(-1.49483233284413,-1.1088913057343,-1.57838535163311));
#5076=CARTESIAN_POINT('Ctrl Pts',(-1.49573565320489,-1.10873611219888,-1.58512210225834));
#5077=CARTESIAN_POINT('Ctrl Pts',(-1.49573565320489,-1.10873611219888,-1.59798751659578));
#5078=CARTESIAN_POINT('Ctrl Pts',(-1.49483233284413,-1.10889130573429,-1.60472426722102));
#5079=CARTESIAN_POINT('Ctrl Pts',(-1.49296300604454,-1.10922858589088,-1.6112296214293));
#5080=CARTESIAN_POINT('Ctrl Pts',(-1.48990620639852,-1.09971503510081,-1.54809345935737));
#5081=CARTESIAN_POINT('Ctrl Pts',(-1.49227952381997,-1.09929373483711,-1.55179795052092));
#5082=CARTESIAN_POINT('Ctrl Pts',(-1.49426487490202,-1.09895933905053,-1.55568997813374));
#5083=CARTESIAN_POINT('Ctrl Pts',(-1.49730326770554,-1.09846099999461,-1.56291668871573));
#5084=CARTESIAN_POINT('Ctrl Pts',(-1.49844681140499,-1.09827934269747,-1.56617844862369));
#5085=CARTESIAN_POINT('Ctrl Pts',(-1.49938969560559,-1.09813187810905,-1.56951612198652));
#5086=CARTESIAN_POINT('Ctrl Pts',(-1.48850704178089,-1.10376255891645,-1.55020737671374));
#5087=CARTESIAN_POINT('Ctrl Pts',(-1.4905849084698,-1.10318972798092,-1.55358698021086));
#5088=CARTESIAN_POINT('Ctrl Pts',(-1.49241134823818,-1.10276034395709,-1.55720827850889));
#5089=CARTESIAN_POINT('Ctrl Pts',(-1.49525125217735,-1.10217390407083,-1.56401515056156));
#5090=CARTESIAN_POINT('Ctrl Pts',(-1.49634229433047,-1.1019789162674,-1.5671141709389));
#5091=CARTESIAN_POINT('Ctrl Pts',(-1.49724746575191,-1.101830780703,-1.57030408046595));
#5092=CARTESIAN_POINT('Ctrl Pts',(-1.48710787716326,-1.10781008273209,-1.55232129407012));
#5093=CARTESIAN_POINT('Ctrl Pts',(-1.48888167715134,-1.10708849774932,-1.55537612674505));
#5094=CARTESIAN_POINT('Ctrl Pts',(-1.49055611201016,-1.10656190531833,-1.5587264745326));
#5095=CARTESIAN_POINT('Ctrl Pts',(-1.49319923154622,-1.10588679109749,-1.56511366137459));
#5096=CARTESIAN_POINT('Ctrl Pts',(-1.4942357338916,-1.10567909094872,-1.56804960546036));
#5097=CARTESIAN_POINT('Ctrl Pts',(-1.49510523589823,-1.10552968329695,-1.57109203894539));
#5098=CARTESIAN_POINT('Ctrl Pts',(-1.48570871254562,-1.11185760654772,-1.5544352114265));
#5099=CARTESIAN_POINT('Ctrl Pts',(-1.48718706180118,-1.11098449089313,-1.55716515643499));
#5100=CARTESIAN_POINT('Ctrl Pts',(-1.48870258534632,-1.11036291022489,-1.56024477490775));
#5101=CARTESIAN_POINT('Ctrl Pts',(-1.49114721601804,-1.10959969517371,-1.56621212322043));
#5102=CARTESIAN_POINT('Ctrl Pts',(-1.49213121681708,-1.10937866451865,-1.56898532777558));
#5103=CARTESIAN_POINT('Ctrl Pts',(-1.49296300604455,-1.1092285858909,-1.57187999742482));
#5104=CARTESIAN_POINT('Ctrl Pts',(-1.49938969560559,-1.09813187810905,-1.56951612198652));
#5105=CARTESIAN_POINT('Ctrl Pts',(-1.49844681140499,-1.09827934269747,-1.56617844862369));
#5106=CARTESIAN_POINT('Ctrl Pts',(-1.49730326770554,-1.09846099999461,-1.56291668871573));
#5107=CARTESIAN_POINT('Ctrl Pts',(-1.49426487490202,-1.09895933905053,-1.55568997813374));
#5108=CARTESIAN_POINT('Ctrl Pts',(-1.49227952381997,-1.09929373483711,-1.55179795052092));
#5109=CARTESIAN_POINT('Ctrl Pts',(-1.48990620639852,-1.09971503510081,-1.54809345935737));
#5110=CARTESIAN_POINT('Ctrl Pts',(-1.48570871254562,-1.11185760654772,-1.5544352114265));
#5111=CARTESIAN_POINT('Ctrl Pts',(-1.48718706180118,-1.11098449089313,-1.55716515643499));
#5112=CARTESIAN_POINT('Ctrl Pts',(-1.48870258534632,-1.11036291022489,-1.56024477490775));
#5113=CARTESIAN_POINT('Ctrl Pts',(-1.49114721601804,-1.10959969517371,-1.56621212322043));
#5114=CARTESIAN_POINT('Ctrl Pts',(-1.49213121681708,-1.10937866451865,-1.56898532777558));
#5115=CARTESIAN_POINT('Ctrl Pts',(-1.49296300604455,-1.1092285858909,-1.57187999742482));
#5116=CARTESIAN_POINT('Ctrl Pts',(-1.48990620639869,-1.09971503510074,-1.63501615949648));
#5117=CARTESIAN_POINT('Ctrl Pts',(-1.48938395552639,-1.0998077426453,-1.63583133648223));
#5118=CARTESIAN_POINT('Ctrl Pts',(-1.48884751619307,-1.09992008295668,-1.63663621089267));
#5119=CARTESIAN_POINT('Ctrl Pts',(-1.48526695207138,-1.1008183756768,-1.64182837911101));
#5120=CARTESIAN_POINT('Ctrl Pts',(-1.4817976834393,-1.10225001079322,-1.6459000069193));
#5121=CARTESIAN_POINT('Ctrl Pts',(-1.47712848645227,-1.10630720156388,-1.65079800748445));
#5122=CARTESIAN_POINT('Ctrl Pts',(-1.47390107413551,-1.10966767038562,-1.65404287696507));
#5123=CARTESIAN_POINT('Ctrl Pts',(-1.47154501745952,-1.11458277725406,-1.65645027630624));
#5124=CARTESIAN_POINT('Ctrl Pts',(-1.47080280028791,-1.11758416863466,-1.65744560216817));
#5125=CARTESIAN_POINT('Ctrl Pts',(-1.48850704178104,-1.10376255891637,-1.63290224214013));
#5126=CARTESIAN_POINT('Ctrl Pts',(-1.48804978365774,-1.10388788146435,-1.63364617216798));
#5127=CARTESIAN_POINT('Ctrl Pts',(-1.48758569159239,-1.10403185097228,-1.63437687562974));
#5128=CARTESIAN_POINT('Ctrl Pts',(-1.48449811666224,-1.10509917024122,-1.63907557067903));
#5129=CARTESIAN_POINT('Ctrl Pts',(-1.48163892941508,-1.10657997681688,-1.64265484501344));
#5130=CARTESIAN_POINT('Ctrl Pts',(-1.47797332291946,-1.11017682071571,-1.64684379499332));
#5131=CARTESIAN_POINT('Ctrl Pts',(-1.47547665616438,-1.11307933925452,-1.64959019807855));
#5132=CARTESIAN_POINT('Ctrl Pts',(-1.47375488691824,-1.11708817065448,-1.65157022442991));
#5133=CARTESIAN_POINT('Ctrl Pts',(-1.4732201322623,-1.11949900001187,-1.65239372838116));
#5134=CARTESIAN_POINT('Ctrl Pts',(-1.48710787716338,-1.10781008273199,-1.63078832478378));
#5135=CARTESIAN_POINT('Ctrl Pts',(-1.48671757218204,-1.10796959770165,-1.63146029887128));
#5136=CARTESIAN_POINT('Ctrl Pts',(-1.48632182798993,-1.10814205382533,-1.63211828798843));
#5137=CARTESIAN_POINT('Ctrl Pts',(-1.48373672661786,-1.10938824114426,-1.63632051563058));
#5138=CARTESIAN_POINT('Ctrl Pts',(-1.4814763873966,-1.11091495041345,-1.63941243324177));
#5139=CARTESIAN_POINT('Ctrl Pts',(-1.47880426987212,-1.11404603341445,-1.64289708693028));
#5140=CARTESIAN_POINT('Ctrl Pts',(-1.47705282425958,-1.11649256265044,-1.64513832901948));
#5141=CARTESIAN_POINT('Ctrl Pts',(-1.47593775715847,-1.11959497835053,-1.64670518625154));
#5142=CARTESIAN_POINT('Ctrl Pts',(-1.4756374642367,-1.12141383138908,-1.64734185459414));
#5143=CARTESIAN_POINT('Ctrl Pts',(-1.48570871254572,-1.11185760654762,-1.62867440742743));
#5144=CARTESIAN_POINT('Ctrl Pts',(-1.4853834003134,-1.1120497365207,-1.62927513455703));
#5145=CARTESIAN_POINT('Ctrl Pts',(-1.48506000338925,-1.11225382184093,-1.6298589527255));
#5146=CARTESIAN_POINT('Ctrl Pts',(-1.48296789120872,-1.11366903570868,-1.63356770719861));
#5147=CARTESIAN_POINT('Ctrl Pts',(-1.48131763337238,-1.11524491643712,-1.6361672713359));
#5148=CARTESIAN_POINT('Ctrl Pts',(-1.47964910633931,-1.11791565256629,-1.63894287443915));
#5149=CARTESIAN_POINT('Ctrl Pts',(-1.47862840628846,-1.11990423151935,-1.64068565013295));
#5150=CARTESIAN_POINT('Ctrl Pts',(-1.47814762661719,-1.12210037175095,-1.64182513437522));
#5151=CARTESIAN_POINT('Ctrl Pts',(-1.47805479621109,-1.12332866276629,-1.64228998080712));
#5152=CARTESIAN_POINT('',(-1.48990620640172,-1.0997150351002,-1.63501615949886));
#5153=CARTESIAN_POINT('',(-1.48570871254562,-1.11185760654768,-1.62867440742762));
#5154=CARTESIAN_POINT('',(-1.48990620640172,-1.0997150351002,-1.63501615949886));
#5155=CARTESIAN_POINT('',(-1.47805479621109,-1.12332866276629,-1.64228998080712));
#5156=CARTESIAN_POINT('Ctrl Pts',(-1.48570871254572,-1.11185760654762,-1.62867440742743));
#5157=CARTESIAN_POINT('Ctrl Pts',(-1.4853834003134,-1.1120497365207,-1.62927513455703));
#5158=CARTESIAN_POINT('Ctrl Pts',(-1.48506000338925,-1.11225382184093,-1.6298589527255));
#5159=CARTESIAN_POINT('Ctrl Pts',(-1.48296789120872,-1.11366903570868,-1.63356770719861));
#5160=CARTESIAN_POINT('Ctrl Pts',(-1.48131763337238,-1.11524491643712,-1.6361672713359));
#5161=CARTESIAN_POINT('Ctrl Pts',(-1.47964910633931,-1.11791565256629,-1.63894287443915));
#5162=CARTESIAN_POINT('Ctrl Pts',(-1.47862840628846,-1.11990423151935,-1.64068565013295));
#5163=CARTESIAN_POINT('Ctrl Pts',(-1.47814762661719,-1.12210037175095,-1.64182513437522));
#5164=CARTESIAN_POINT('Ctrl Pts',(-1.47805479621109,-1.12332866276629,-1.64228998080712));
#5165=CARTESIAN_POINT('',(-1.47080280028791,-1.11758416863466,-1.65744560216817));
#5166=CARTESIAN_POINT('',(-1.47805479621109,-1.12332866276629,-1.64228998080712));
#5167=CARTESIAN_POINT('Ctrl Pts',(-1.47080280028791,-1.11758416863466,-1.65744560216817));
#5168=CARTESIAN_POINT('Ctrl Pts',(-1.47154501745952,-1.11458277725406,-1.65645027630624));
#5169=CARTESIAN_POINT('Ctrl Pts',(-1.47390107413551,-1.10966767038562,-1.65404287696507));
#5170=CARTESIAN_POINT('Ctrl Pts',(-1.47712848645227,-1.10630720156388,-1.65079800748445));
#5171=CARTESIAN_POINT('Ctrl Pts',(-1.4817976834393,-1.10225001079322,-1.6459000069193));
#5172=CARTESIAN_POINT('Ctrl Pts',(-1.48526695207138,-1.1008183756768,-1.64182837911101));
#5173=CARTESIAN_POINT('Ctrl Pts',(-1.48884751619307,-1.09992008295668,-1.63663621089267));
#5174=CARTESIAN_POINT('Ctrl Pts',(-1.48938395552639,-1.0998077426453,-1.63583133648223));
#5175=CARTESIAN_POINT('Ctrl Pts',(-1.48990620639869,-1.09971503510074,-1.63501615949648));
#5176=CARTESIAN_POINT('Ctrl Pts',(-1.49938969560559,-1.09813187810903,-1.6135934968676));
#5177=CARTESIAN_POINT('Ctrl Pts',(-1.49722833877302,-1.09846990858566,-1.62124438668318));
#5178=CARTESIAN_POINT('Ctrl Pts',(-1.49411605542599,-1.09896772229323,-1.62844504162553));
#5179=CARTESIAN_POINT('Ctrl Pts',(-1.48990620639852,-1.09971503510077,-1.63501615949675));
#5180=CARTESIAN_POINT('Ctrl Pts',(-1.49724746575191,-1.10183078070298,-1.61280553838817));
#5181=CARTESIAN_POINT('Ctrl Pts',(-1.49517099593554,-1.1021708085517,-1.62011793166918));
#5182=CARTESIAN_POINT('Ctrl Pts',(-1.49218771860004,-1.10274809901106,-1.62690734894466));
#5183=CARTESIAN_POINT('Ctrl Pts',(-1.48850704178089,-1.10376255891641,-1.63290224214037));
#5184=CARTESIAN_POINT('Ctrl Pts',(-1.49510523589822,-1.10552968329693,-1.61201757990873));
#5185=CARTESIAN_POINT('Ctrl Pts',(-1.49311365309807,-1.10587170851774,-1.61899147665518));
#5186=CARTESIAN_POINT('Ctrl Pts',(-1.4902593817741,-1.10652847572889,-1.62536965626378));
#5187=CARTESIAN_POINT('Ctrl Pts',(-1.48710787716325,-1.10781008273205,-1.630788324784));
#5188=CARTESIAN_POINT('Ctrl Pts',(-1.49296300604454,-1.10922858589088,-1.6112296214293));
#5189=CARTESIAN_POINT('Ctrl Pts',(-1.49105631026059,-1.10957260848379,-1.61786502164118));
#5190=CARTESIAN_POINT('Ctrl Pts',(-1.48833104494815,-1.11030885244672,-1.62383196358291));
#5191=CARTESIAN_POINT('Ctrl Pts',(-1.48570871254562,-1.11185760654768,-1.62867440742762));
#5192=CARTESIAN_POINT('Ctrl Pts',(-1.48990620639852,-1.09971503510077,-1.63501615949675));
#5193=CARTESIAN_POINT('Ctrl Pts',(-1.49411605542599,-1.09896772229323,-1.62844504162553));
#5194=CARTESIAN_POINT('Ctrl Pts',(-1.49722833877302,-1.09846990858566,-1.62124438668318));
#5195=CARTESIAN_POINT('Ctrl Pts',(-1.49938969560559,-1.09813187810903,-1.6135934968676));
#5196=CARTESIAN_POINT('Ctrl Pts',(-1.49296300604454,-1.10922858589088,-1.6112296214293));
#5197=CARTESIAN_POINT('Ctrl Pts',(-1.49105631026059,-1.10957260848379,-1.61786502164118));
#5198=CARTESIAN_POINT('Ctrl Pts',(-1.48833104494815,-1.11030885244672,-1.62383196358291));
#5199=CARTESIAN_POINT('Ctrl Pts',(-1.48570871254562,-1.11185760654768,-1.62867440742762));
#5200=CARTESIAN_POINT('Ctrl Pts',(-1.47025792888814,-1.12060549303589,-1.65841175452252));
#5201=CARTESIAN_POINT('Ctrl Pts',(-1.46880145728769,-1.13327898033165,-1.66233531023582));
#5202=CARTESIAN_POINT('Ctrl Pts',(-1.46721344301749,-1.14709708613796,-1.66549205768566));
#5203=CARTESIAN_POINT('Ctrl Pts',(-1.46554593880966,-1.16160687361823,-1.66780216929227));
#5204=CARTESIAN_POINT('Ctrl Pts',(-1.47278525136544,-1.12245180227371,-1.65338615919597));
#5205=CARTESIAN_POINT('Ctrl Pts',(-1.47151266825355,-1.13481493761738,-1.65742628770413));
#5206=CARTESIAN_POINT('Ctrl Pts',(-1.47008271366147,-1.14837728573337,-1.66076414912426));
#5207=CARTESIAN_POINT('Ctrl Pts',(-1.46853987591631,-1.16266950900639,-1.66328887612579));
#5208=CARTESIAN_POINT('Ctrl Pts',(-1.47531257384275,-1.12429811151153,-1.64836056386942));
#5209=CARTESIAN_POINT('Ctrl Pts',(-1.47422387921941,-1.1363508949031,-1.65251726517244));
#5210=CARTESIAN_POINT('Ctrl Pts',(-1.47295198430544,-1.14965748532879,-1.65603624056287));
#5211=CARTESIAN_POINT('Ctrl Pts',(-1.47153381302296,-1.16373214439456,-1.65877558295931));
#5212=CARTESIAN_POINT('Ctrl Pts',(-1.47783989632005,-1.12614442074936,-1.64333496854287));
#5213=CARTESIAN_POINT('Ctrl Pts',(-1.47693509018527,-1.13788685218883,-1.64760824264075));
#5214=CARTESIAN_POINT('Ctrl Pts',(-1.47582125494942,-1.1509376849242,-1.65130833200147));
#5215=CARTESIAN_POINT('Ctrl Pts',(-1.47452775012961,-1.16479477978272,-1.65426228979283));
#5216=CARTESIAN_POINT('',(-1.4702579288859,-1.12060549305538,-1.65841175446014));
#5217=CARTESIAN_POINT('',(-1.47783989632002,-1.12614442074972,-1.643334968543));
#5218=CARTESIAN_POINT('',(-1.4702579288859,-1.12060549305538,-1.65841175446014));
#5219=CARTESIAN_POINT('',(-1.47511580346094,-1.15841524934397,-1.65283651070566));
#5220=CARTESIAN_POINT('Ctrl Pts',(-1.47783989632005,-1.12614442074936,-1.64333496854287));
#5221=CARTESIAN_POINT('Ctrl Pts',(-1.47707524556797,-1.13606793771761,-1.64694630817375));
#5222=CARTESIAN_POINT('Ctrl Pts',(-1.47616130784026,-1.146925904824,-1.65014828367568));
#5223=CARTESIAN_POINT('Ctrl Pts',(-1.47511580346094,-1.15841524934397,-1.65283651070566));
#5224=CARTESIAN_POINT('',(-1.46554593880966,-1.16160687361823,-1.66780216929228));
#5225=CARTESIAN_POINT('Ctrl Pts',(-1.46554593880966,-1.1616068736182,-1.66780216929227));
#5226=CARTESIAN_POINT('Ctrl Pts',(-1.46717518007875,-1.16106350171503,-1.66536124745967));
#5227=CARTESIAN_POINT('Ctrl Pts',(-1.46878266238311,-1.16052742133641,-1.66290294037828));
#5228=CARTESIAN_POINT('Ctrl Pts',(-1.47036595294018,-1.15999941599824,-1.66042863786514));
#5229=CARTESIAN_POINT('Ctrl Pts',(-1.47197392950428,-1.15946317822072,-1.65791575705759));
#5230=CARTESIAN_POINT('Ctrl Pts',(-1.47355817692208,-1.15893486140882,-1.65538446636513));
#5231=CARTESIAN_POINT('Ctrl Pts',(-1.47511578830739,-1.15841541587061,-1.6528365496688));
#5232=CARTESIAN_POINT('Ctrl Pts',(-1.46554593880966,-1.16160687361823,-1.66780216929227));
#5233=CARTESIAN_POINT('Ctrl Pts',(-1.46721344301749,-1.14709708613796,-1.66549205768566));
#5234=CARTESIAN_POINT('Ctrl Pts',(-1.46880145728769,-1.13327898033165,-1.66233531023582));
#5235=CARTESIAN_POINT('Ctrl Pts',(-1.47025792888814,-1.12060549303589,-1.65841175452252));
#5236=CARTESIAN_POINT('Ctrl Pts',(-1.47080280028791,-1.11758416863466,-1.65744560216817));
#5237=CARTESIAN_POINT('Ctrl Pts',(-1.47055759598893,-1.11857573026596,-1.65777442530724));
#5238=CARTESIAN_POINT('Ctrl Pts',(-1.47037540824457,-1.11958324653373,-1.65809527958433));
#5239=CARTESIAN_POINT('Ctrl Pts',(-1.4702579288881,-1.12060549303628,-1.65841175452264));
#5240=CARTESIAN_POINT('Ctrl Pts',(-1.4732201322623,-1.11949900001187,-1.65239372838116));
#5241=CARTESIAN_POINT('Ctrl Pts',(-1.47303323533142,-1.12047002210634,-1.65273025604285));
#5242=CARTESIAN_POINT('Ctrl Pts',(-1.47288789822917,-1.12145458883352,-1.65306028146839));
#5243=CARTESIAN_POINT('Ctrl Pts',(-1.4727852513654,-1.12245180227409,-1.65338615919609));
#5244=CARTESIAN_POINT('Ctrl Pts',(-1.4756374642367,-1.12141383138908,-1.64734185459414));
#5245=CARTESIAN_POINT('Ctrl Pts',(-1.47550887467391,-1.12236431394672,-1.64768608677845));
#5246=CARTESIAN_POINT('Ctrl Pts',(-1.47540038821376,-1.12332593113331,-1.64802528335244));
#5247=CARTESIAN_POINT('Ctrl Pts',(-1.47531257384271,-1.12429811151191,-1.64836056386955));
#5248=CARTESIAN_POINT('Ctrl Pts',(-1.47805479621109,-1.12332866276629,-1.64228998080712));
#5249=CARTESIAN_POINT('Ctrl Pts',(-1.4779845140164,-1.1242586057871,-1.64264191751406));
#5250=CARTESIAN_POINT('Ctrl Pts',(-1.47791287819835,-1.1251972734331,-1.6429902852365));
#5251=CARTESIAN_POINT('Ctrl Pts',(-1.47783989632002,-1.12614442074972,-1.643334968543));
#5252=CARTESIAN_POINT('Ctrl Pts',(-1.4702579288881,-1.12060549303628,-1.65841175452264));
#5253=CARTESIAN_POINT('Ctrl Pts',(-1.47037540824457,-1.11958324653373,-1.65809527958433));
#5254=CARTESIAN_POINT('Ctrl Pts',(-1.47055759598893,-1.11857573026596,-1.65777442530724));
#5255=CARTESIAN_POINT('Ctrl Pts',(-1.47080280028791,-1.11758416863466,-1.65744560216817));
#5256=CARTESIAN_POINT('Ctrl Pts',(-1.47805479621109,-1.12332866276629,-1.64228998080712));
#5257=CARTESIAN_POINT('Ctrl Pts',(-1.4779845140164,-1.1242586057871,-1.64264191751406));
#5258=CARTESIAN_POINT('Ctrl Pts',(-1.47791287819835,-1.1251972734331,-1.6429902852365));
#5259=CARTESIAN_POINT('Ctrl Pts',(-1.47783989632002,-1.12614442074972,-1.643334968543));
#5260=CARTESIAN_POINT('Origin',(-1.46554593880966,-1.16160687361815,-1.79155480942783));
#5261=CARTESIAN_POINT('',(-1.47025792886051,-1.12060549327651,-1.39155480942781));
#5262=CARTESIAN_POINT('',(-1.47025792886051,-1.12060549327653,-1.35405480942781));
#5263=CARTESIAN_POINT('',(-1.46554593880965,-1.16160687361835,-1.39155480942783));
#5264=CARTESIAN_POINT('',(-1.46554593880966,-1.16160687361836,-1.39155480942783));
#5265=CARTESIAN_POINT('',(-1.46554593880966,-1.16160687361814,-1.79155480942783));
#5266=CARTESIAN_POINT('Origin',(-1.49410099488625,-1.12334560321791,-1.81342980942781));
#5267=CARTESIAN_POINT('',(-1.48990798796739,-1.09972507119594,-1.3915548094278));
#5268=CARTESIAN_POINT('',(-1.48990620640626,-1.0997150350993,-1.8134298094278));
#5269=CARTESIAN_POINT('',(-1.48920109149912,-1.09985111563492,-1.3915548094278));
#5270=CARTESIAN_POINT('Origin',(-1.57170458176594,-1.56051111341239,-1.39155480942803));
#5271=CARTESIAN_POINT('Origin',(-1.49410099488625,-1.12334560321813,-1.39155480942781));
#5272=CARTESIAN_POINT('Origin',(-1.57170458176594,-1.56051111341217,-1.81342980942803));
#5273=CARTESIAN_POINT('',(-1.48990798796739,-1.09972507119573,-1.7915548094278));
#5274=CARTESIAN_POINT('',(-1.48990620640626,-1.0997150350993,-1.8134298094278));
#5275=CARTESIAN_POINT('',(-1.54866125024592,-1.09308896552978,-1.79155480942779));
#5276=CARTESIAN_POINT('Origin',(-1.57170458176594,-1.56051111341218,-1.79155480942803));
#5277=CARTESIAN_POINT('',(-1.54866125024592,-1.09308896552998,-1.39155480942779));
#5278=CARTESIAN_POINT('',(-1.54866074835334,-1.09307878489642,-1.79155886760268));
#5279=CARTESIAN_POINT('Origin',(-1.57170458176594,-1.56051111341239,-1.39155480942803));
#5280=CARTESIAN_POINT('Origin',(-1.49410099488625,-1.12334560321791,-1.81342980942781));
#5281=CARTESIAN_POINT('',(-1.47025792886051,-1.1206054932763,-1.79155480942781));
#5282=CARTESIAN_POINT('',(-1.47025792886051,-1.12060549327653,-1.35405480942781));
#5283=CARTESIAN_POINT('',(-1.48920109149994,-1.09985111563456,-1.7915548094278));
#5284=CARTESIAN_POINT('Origin',(-1.49410099488625,-1.12334560321792,-1.79155480942781));
#5285=CARTESIAN_POINT('Origin',(-1.57170458176594,-1.56051111341218,-1.79155480942803));
#5286=CARTESIAN_POINT('Origin',(-1.46554593880966,-1.16160687361815,-1.79155480942783));
#5287=CARTESIAN_POINT('',(-1.46554593880965,-1.16160687361814,-1.79155480942783));
#5288=CARTESIAN_POINT('',(-1.46554593880966,-1.16160687361814,-1.79155480942783));
#5289=CARTESIAN_POINT('',(-1.46554593880966,-1.16160687361815,-1.79155480942783));
#5290=CARTESIAN_POINT('Origin',(-1.57170458176594,-1.5605111134124,-1.35798263282457));
#5291=CARTESIAN_POINT('',(-2.13748461312033,-1.47651822053043,-1.36773008888471));
#5292=CARTESIAN_POINT('',(-1.00592455041156,-1.64450400629437,-1.36773008888479));
#5293=CARTESIAN_POINT('Origin',(-1.57170458176594,-1.5605111134124,-1.36773008888475));
#5294=CARTESIAN_POINT('Origin',(-1.57170458176594,-1.5605111134124,-1.36773008888475));
#5295=CARTESIAN_POINT('',(-2.13527564045603,-1.47684615363887,-1.35798263282426));
#5296=CARTESIAN_POINT('',(-2.13527564045609,-1.47684615363886,-1.35798263282453));
#5297=CARTESIAN_POINT('',(-2.14145203782612,-1.56051111341241,-1.35798263282458));
#5298=CARTESIAN_POINT('Origin',(-1.57170458176594,-1.56051111341241,-1.35798263282458));
#5299=CARTESIAN_POINT('Origin',(-1.57170458176594,-1.56051111341241,-1.35798263282458));
#5300=CARTESIAN_POINT('Origin',(-1.37867093958967,-0.981720833096577,-1.59155480942707));
#5301=CARTESIAN_POINT('',(-1.5052231419386,-1.36117378153766,-1.52068866769479));
#5302=CARTESIAN_POINT('Origin',(-1.5052231419386,-1.36117378153766,-1.59155480942707));
#5303=CARTESIAN_POINT('',(-1.53433680548181,-1.44846791997499,-1.52068866769479));
#5304=CARTESIAN_POINT('',(-1.37867093958967,-0.981720833096577,-1.52068866769479));
#5305=CARTESIAN_POINT('',(-1.60903627680103,-1.44845589289194,-1.59155480942706));
#5306=CARTESIAN_POINT('Ctrl Pts',(-1.60903627680103,-1.44845589289194,-1.59155480942706));
#5307=CARTESIAN_POINT('Ctrl Pts',(-1.60903627680103,-1.44845589289194,-1.58234536773951));
#5308=CARTESIAN_POINT('Ctrl Pts',(-1.60677229513421,-1.44764207444529,-1.57277154822785));
#5309=CARTESIAN_POINT('Ctrl Pts',(-1.59832710269786,-1.44535728819177,-1.55542786083451));
#5310=CARTESIAN_POINT('Ctrl Pts',(-1.59218294966385,-1.44398959030948,-1.54762653179581));
#5311=CARTESIAN_POINT('Ctrl Pts',(-1.57866584295936,-1.4424112813585,-1.53530311299661));
#5312=CARTESIAN_POINT('Ctrl Pts',(-1.57031690266531,-1.44207068837399,-1.52987951122155));
#5313=CARTESIAN_POINT('Ctrl Pts',(-1.55249293149641,-1.44363095025292,-1.52256653257791));
#5314=CARTESIAN_POINT('Ctrl Pts',(-1.54301681194824,-1.44557303158569,-1.52068866769479));
#5315=CARTESIAN_POINT('Ctrl Pts',(-1.53433680548181,-1.44846791997499,-1.52068866769479));
#5316=CARTESIAN_POINT('Ctrl Pts',(-1.53433680548181,-1.44846791997499,-1.52068866769479));
#5317=CARTESIAN_POINT('Ctrl Pts',(-1.52565679901538,-1.4513628083643,-1.52068866769479));
#5318=CARTESIAN_POINT('Ctrl Pts',(-1.51691198558853,-1.45549763118082,-1.52256653257792));
#5319=CARTESIAN_POINT('Ctrl Pts',(-1.50171969409996,-1.46494869697716,-1.52987951122157));
#5320=CARTESIAN_POINT('Ctrl Pts',(-1.4952465988093,-1.47023262023291,-1.53530311299663));
#5321=CARTESIAN_POINT('Ctrl Pts',(-1.48538291752264,-1.47960870813142,-1.54762653179583));
#5322=CARTESIAN_POINT('Ctrl Pts',(-1.48128975346634,-1.48439067655568,-1.55542786083453));
#5323=CARTESIAN_POINT('Ctrl Pts',(-1.47590669180705,-1.49128735479115,-1.57277154822788));
#5324=CARTESIAN_POINT('Ctrl Pts',(-1.47458444467624,-1.49329722443291,-1.58234536773954));
#5325=CARTESIAN_POINT('Ctrl Pts',(-1.47458444467624,-1.4932972244329,-1.60076425111463));
#5326=CARTESIAN_POINT('Ctrl Pts',(-1.47590669180705,-1.49128735479113,-1.61033807062629));
#5327=CARTESIAN_POINT('Ctrl Pts',(-1.48128975346634,-1.48439067655564,-1.62768175801963));
#5328=CARTESIAN_POINT('Ctrl Pts',(-1.48538291752264,-1.47960870813137,-1.63548308705833));
#5329=CARTESIAN_POINT('Ctrl Pts',(-1.4952465988093,-1.47023262023285,-1.64780650585752));
#5330=CARTESIAN_POINT('Ctrl Pts',(-1.50171969409996,-1.4649486969771,-1.65323010763258));
#5331=CARTESIAN_POINT('Ctrl Pts',(-1.51691198558853,-1.45549763118075,-1.66054308627623));
#5332=CARTESIAN_POINT('Ctrl Pts',(-1.52565679901538,-1.45136280836422,-1.66242095115935));
#5333=CARTESIAN_POINT('Ctrl Pts',(-1.54301681194824,-1.44557303158561,-1.66242095115935));
#5334=CARTESIAN_POINT('Ctrl Pts',(-1.55249293149641,-1.44363095025285,-1.66054308627622));
#5335=CARTESIAN_POINT('Ctrl Pts',(-1.57031690266531,-1.44207068837392,-1.65323010763257));
#5336=CARTESIAN_POINT('Ctrl Pts',(-1.57866584295936,-1.44241128135844,-1.64780650585751));
#5337=CARTESIAN_POINT('Ctrl Pts',(-1.59218294966385,-1.44398959030943,-1.63548308705831));
#5338=CARTESIAN_POINT('Ctrl Pts',(-1.59832710269785,-1.44535728819173,-1.62768175801961));
#5339=CARTESIAN_POINT('Ctrl Pts',(-1.60677229513421,-1.44764207444527,-1.61033807062626));
#5340=CARTESIAN_POINT('Ctrl Pts',(-1.60903627680103,-1.44845589289194,-1.6007642511146));
#5341=CARTESIAN_POINT('Ctrl Pts',(-1.60903627680103,-1.44845589289194,-1.59155480942706));
#5342=CARTESIAN_POINT('Origin',(-1.57170458176594,-1.56051111341215,-1.86035480942803));
#5343=CARTESIAN_POINT('',(-1.59051701812868,-1.68723255935782,-1.8603548094281));
#5344=CARTESIAN_POINT('Origin',(-1.57170458176594,-1.56051111341215,-1.86035480942803));
#5345=CARTESIAN_POINT('Origin',(-1.57170458176594,-1.56051111341216,-1.82512698603149));
#5346=CARTESIAN_POINT('',(-2.13527564045609,-1.47684615363862,-1.82512698603145));
#5347=CARTESIAN_POINT('Origin',(-1.57170458176594,-1.56051111341216,-1.82512698603149));
#5348=CARTESIAN_POINT('',(-2.13527564045609,-1.47684615363862,-1.82512698603145));
#5349=CARTESIAN_POINT('Origin',(-1.18691062426377,-1.61763571283776,-1.79155480942806));
#5350=CARTESIAN_POINT('',(-1.58621238784347,-1.14797775286684,-1.79155480942782));
#5351=CARTESIAN_POINT('',(-1.57247367432704,-1.10906035584333,-1.7915548094278));
#5352=CARTESIAN_POINT('',(-1.53494751777601,-1.00276071348481,-1.79155480942775));
#5353=CARTESIAN_POINT('',(-1.54937845202072,-1.09305415989759,-1.79155480942779));
#5354=CARTESIAN_POINT('Origin',(-1.54984248340014,-1.11704967353827,-1.79155480942781));
#5355=CARTESIAN_POINT('',(-1.68370119408877,-1.10612007225187,-1.7915548094278));
#5356=CARTESIAN_POINT('Origin',(-1.57170458176594,-1.56051111341218,-1.79155480942803));
#5357=CARTESIAN_POINT('',(-1.65795418801536,-1.11737526129156,-1.79155480942781));
#5358=CARTESIAN_POINT('Origin',(-1.67862140956014,-1.12957632491811,-1.79155480942781));
#5359=CARTESIAN_POINT('',(-1.63697280710626,-1.1529153470444,-1.79155480942782));
#5360=CARTESIAN_POINT('',(-1.89432431569363,-0.716991004245295,-1.7915548094276));
#5361=CARTESIAN_POINT('',(-2.0263478287454,-1.19079083876912,-1.79155480942784));
#5362=CARTESIAN_POINT('Origin',(-1.57247367432704,-1.10906035584333,-1.79155886760269));
#5363=CARTESIAN_POINT('',(-1.58621238784347,-1.14797775286705,-1.39155480942782));
#5364=CARTESIAN_POINT('',(-1.57247367432705,-1.10906035584353,-1.3915548094278));
#5365=CARTESIAN_POINT('',(-1.57247367432704,-1.10906035584354,-1.3915548094278));
#5366=CARTESIAN_POINT('',(-1.57247367432705,-1.10906035584333,-1.79155886760269));
#5367=CARTESIAN_POINT('',(-1.58621238784347,-1.14797775286684,-1.79155886760271));
#5368=CARTESIAN_POINT('Origin',(-1.18691062426377,-1.61763571283796,-1.39155480942806));
#5369=CARTESIAN_POINT('',(-1.54937845202072,-1.0930541598978,-1.39155480942779));
#5370=CARTESIAN_POINT('',(-1.68370119408878,-1.10612007225208,-1.3915548094278));
#5371=CARTESIAN_POINT('Origin',(-1.57170458176594,-1.56051111341239,-1.39155480942803));
#5372=CARTESIAN_POINT('Origin',(-1.54984248340014,-1.11704967353847,-1.39155480942781));
#5373=CARTESIAN_POINT('',(-1.63697280710626,-1.1529153470446,-1.39155480942782));
#5374=CARTESIAN_POINT('',(-1.58621238784347,-1.14797775286705,-1.39155480942782));
#5375=CARTESIAN_POINT('',(-1.65795418801536,-1.11737526129176,-1.39155480942781));
#5376=CARTESIAN_POINT('',(-1.63697280710626,-1.1529153470446,-1.39155480942782));
#5377=CARTESIAN_POINT('Origin',(-1.67862140956014,-1.12957632491832,-1.39155480942781));
#5378=CARTESIAN_POINT('Origin',(-1.18691062426377,-1.61763571283796,-1.39155480942806));
#5379=CARTESIAN_POINT('',(-1.31247486430117,-1.23927256718365,-1.39155480942787));
#5380=CARTESIAN_POINT('',(-1.30010271760688,-1.19989940339984,-1.39155480942785));
#5381=CARTESIAN_POINT('',(-1.31247486430117,-1.23927256718365,-1.39155480942787));
#5382=CARTESIAN_POINT('',(-1.30896659189811,-1.17323445759803,-1.39155480942783));
#5383=CARTESIAN_POINT('Origin',(-1.32299894539028,-1.19270476975451,-1.39155480942784));
#5384=CARTESIAN_POINT('',(-1.20937726889392,-1.2643129064538,-1.39155480942788));
#5385=CARTESIAN_POINT('Origin',(-1.57170458176594,-1.56051111341239,-1.39155480942803));
#5386=CARTESIAN_POINT('',(-1.23672591069255,-1.25786004710209,-1.39155480942788));
#5387=CARTESIAN_POINT('Origin',(-1.2275199082891,-1.28002419652741,-1.39155480942789));
#5388=CARTESIAN_POINT('',(-1.27484016661747,-1.27369101471188,-1.39155480942789));
#5389=CARTESIAN_POINT('',(-1.23672591069255,-1.25786004710209,-1.39155480942788));
#5390=CARTESIAN_POINT('',(-1.27484016661747,-1.27369101471188,-1.39155480942789));
#5391=CARTESIAN_POINT('Origin',(-1.18691062426377,-1.61763571283796,-1.39155480942806));
#5392=CARTESIAN_POINT('',(-1.85883606495009,-1.19095736789894,-1.39155480942784));
#5393=CARTESIAN_POINT('',(-1.83073710669664,-1.19076724390151,-1.39155480942784));
#5394=CARTESIAN_POINT('Origin',(-1.84465493339954,-1.21031958646878,-1.39155480942785));
#5395=CARTESIAN_POINT('',(-1.74144051940541,-1.12438708182024,-1.39155480942781));
#5396=CARTESIAN_POINT('Origin',(-1.57170458176594,-1.56051111341239,-1.39155480942803));
#5397=CARTESIAN_POINT('',(-1.75602874842922,-1.14840314261257,-1.39155480942782));
#5398=CARTESIAN_POINT('Origin',(-1.7321045784972,-1.14649681287603,-1.39155480942782));
#5399=CARTESIAN_POINT('',(-1.75275055633342,-1.18954399210252,-1.39155480942784));
#5400=CARTESIAN_POINT('',(-1.75602874842922,-1.14840314261257,-1.39155480942782));
#5401=CARTESIAN_POINT('',(-1.79711420629833,-1.21470083136718,-1.39155480942786));
#5402=CARTESIAN_POINT('',(-1.75275055633342,-1.18954399210252,-1.39155480942784));
#5403=CARTESIAN_POINT('',(-1.79711420629833,-1.21470083136718,-1.39155480942786));
#5404=CARTESIAN_POINT('Origin',(-1.18691062426377,-1.61763571283796,-1.39155480942806));
#5405=CARTESIAN_POINT('',(-1.98432329386123,-1.33969386343547,-1.39155480942792));
#5406=CARTESIAN_POINT('',(-1.95873094858079,-1.32809130056728,-1.39155480942791));
#5407=CARTESIAN_POINT('Origin',(-1.9634928617654,-1.35161414441794,-1.39155480942793));
#5408=CARTESIAN_POINT('',(-1.90415370116967,-1.2311298108674,-1.39155480942786));
#5409=CARTESIAN_POINT('Origin',(-1.57170458176594,-1.56051111341239,-1.39155480942803));
#5410=CARTESIAN_POINT('',(-1.90771249958284,-1.25900314141627,-1.39155480942788));
#5411=CARTESIAN_POINT('Origin',(-1.88663205697121,-1.24753078597816,-1.39155480942787));
#5412=CARTESIAN_POINT('',(-1.88798423106961,-1.29525381674297,-1.3915548094279));
#5413=CARTESIAN_POINT('',(-1.90771249958284,-1.25900314141627,-1.39155480942788));
#5414=CARTESIAN_POINT('',(-1.91828023362659,-1.33628005504316,-1.39155480942792));
#5415=CARTESIAN_POINT('',(-1.88798423106961,-1.29525381674297,-1.3915548094279));
#5416=CARTESIAN_POINT('',(-1.91828023362659,-1.33628005504316,-1.39155480942792));
#5417=CARTESIAN_POINT('Origin',(-1.18691062426377,-1.61763571283796,-1.39155480942806));
#5418=CARTESIAN_POINT('',(-2.03846499892777,-1.52661166755474,-1.39155480942802));
#5419=CARTESIAN_POINT('',(-2.01980441561849,-1.50560285434169,-1.39155480942801));
#5420=CARTESIAN_POINT('Origin',(-2.01458703723457,-1.52902888607562,-1.39155480942802));
#5421=CARTESIAN_POINT('',(-2.00938340998358,-1.39482555945979,-1.39155480942795));
#5422=CARTESIAN_POINT('Origin',(-1.57170458176594,-1.56051111341239,-1.39155480942803));
#5423=CARTESIAN_POINT('',(-2.00129742920981,-1.42173660769203,-1.39155480942796));
#5424=CARTESIAN_POINT('Origin',(-1.98670571395593,-1.40268190103068,-1.39155480942795));
#5425=CARTESIAN_POINT('',(-1.96853028113078,-1.44682903776445,-1.39155480942798));
#5426=CARTESIAN_POINT('',(-2.00129742920981,-1.42173660769203,-1.39155480942796));
#5427=CARTESIAN_POINT('',(-1.97952018220719,-1.49663086578639,-1.391554809428));
#5428=CARTESIAN_POINT('',(-1.96853028113078,-1.44682903776445,-1.39155480942798));
#5429=CARTESIAN_POINT('',(-1.97952018220719,-1.49663086578639,-1.391554809428));
#5430=CARTESIAN_POINT('Origin',(-1.18691062426377,-1.61763571283796,-1.39155480942806));
#5431=CARTESIAN_POINT('',(-2.01189958748177,-1.7193909938296,-1.39155480942812));
#5432=CARTESIAN_POINT('',(-2.00339735052389,-1.6926085449353,-1.3915548094281));
#5433=CARTESIAN_POINT('Origin',(-1.98910281269241,-1.71188719084689,-1.39155480942811));
#5434=CARTESIAN_POINT('',(-2.03893447321133,-1.58716984553658,-1.39155480942805));
#5435=CARTESIAN_POINT('Origin',(-1.57170458176594,-1.56051111341239,-1.39155480942803));
#5436=CARTESIAN_POINT('',(-2.02060185278524,-1.60846544673365,-1.39155480942806));
#5437=CARTESIAN_POINT('Origin',(-2.01502190501807,-1.58512312073738,-1.39155480942805));
#5438=CARTESIAN_POINT('',(-1.98046156272347,-1.61806092243469,-1.39155480942806));
#5439=CARTESIAN_POINT('',(-2.02060185278524,-1.60846544673365,-1.39155480942806));
#5440=CARTESIAN_POINT('',(-1.97024510858308,-1.66802715167799,-1.39155480942809));
#5441=CARTESIAN_POINT('',(-1.98046156272347,-1.61806092243469,-1.39155480942806));
#5442=CARTESIAN_POINT('',(-1.97024510858308,-1.66802715167799,-1.39155480942809));
#5443=CARTESIAN_POINT('Origin',(-1.18691062426377,-1.61763571283796,-1.39155480942806));
#5444=CARTESIAN_POINT('',(-1.90922046050141,-1.88469854540191,-1.3915548094282));
#5445=CARTESIAN_POINT('',(-1.91234668390536,-1.8567733895511,-1.39155480942819));
#5446=CARTESIAN_POINT('Origin',(-1.89144664207918,-1.86857119662124,-1.39155480942819));
#5447=CARTESIAN_POINT('',(-1.98769724355787,-1.77490459464213,-1.39155480942814));
#5448=CARTESIAN_POINT('Origin',(-1.57170458176594,-1.56051111341239,-1.39155480942803));
#5449=CARTESIAN_POINT('',(-1.96228786009775,-1.78690254589259,-1.39155480942815));
#5450=CARTESIAN_POINT('Origin',(-1.96668450347848,-1.76330870078452,-1.39155480942814));
#5451=CARTESIAN_POINT('',(-1.92171504886801,-1.77934192230138,-1.39155480942815));
#5452=CARTESIAN_POINT('',(-1.96228786009775,-1.78690254589259,-1.39155480942815));
#5453=CARTESIAN_POINT('',(-1.89205875724527,-1.82083293780092,-1.39155480942817));
#5454=CARTESIAN_POINT('',(-1.92171504886801,-1.77934192230138,-1.39155480942815));
#5455=CARTESIAN_POINT('',(-1.89205875724527,-1.82083293780092,-1.39155480942817));
#5456=CARTESIAN_POINT('Origin',(-1.18691062426377,-1.61763571283796,-1.39155480942806));
#5457=CARTESIAN_POINT('',(-1.7481817718522,-1.99395114483288,-1.39155480942826));
#5458=CARTESIAN_POINT('',(-1.76239590319057,-1.96971179516424,-1.39155480942824));
#5459=CARTESIAN_POINT('Origin',(-1.73850416447237,-1.97198881537078,-1.39155480942825));
#5460=CARTESIAN_POINT('',(-1.86453110350589,-1.92556876313942,-1.39155480942822));
#5461=CARTESIAN_POINT('Origin',(-1.57170458176594,-1.56051111341239,-1.39155480942803));
#5462=CARTESIAN_POINT('',(-1.836438470249,-1.92619450967409,-1.39155480942822));
#5463=CARTESIAN_POINT('Origin',(-1.85005148519485,-1.90642873561678,-1.39155480942821));
#5464=CARTESIAN_POINT('',(-1.80244854550533,-1.90278508729567,-1.39155480942821));
#5465=CARTESIAN_POINT('',(-1.836438470249,-1.92619450967409,-1.39155480942822));
#5466=CARTESIAN_POINT('',(-1.75848025864076,-1.92862671553755,-1.39155480942822));
#5467=CARTESIAN_POINT('',(-1.80244854550533,-1.90278508729567,-1.39155480942821));
#5468=CARTESIAN_POINT('',(-1.75848025864076,-1.92862671553755,-1.39155480942822));
#5469=CARTESIAN_POINT('Origin',(-1.18691062426377,-1.61763571283796,-1.39155480942806));
#5470=CARTESIAN_POINT('',(-1.55662857379212,-2.02825802515218,-1.39155480942827));
#5471=CARTESIAN_POINT('',(-1.5794728606252,-2.01189568543099,-1.39155480942827));
#5472=CARTESIAN_POINT('Origin',(-1.55672052368898,-2.00425820129415,-1.39155480942826));
#5473=CARTESIAN_POINT('',(-1.69073259759965,-2.01311114755427,-1.39155480942827));
#5474=CARTESIAN_POINT('Origin',(-1.57170458176594,-1.56051111341239,-1.39155480942803));
#5475=CARTESIAN_POINT('',(-1.66481418604966,-2.00225649211259,-1.39155480942826));
#5476=CARTESIAN_POINT('Origin',(-1.68528975860612,-1.98973647100695,-1.39155480942826));
#5477=CARTESIAN_POINT('',(-1.64328431456901,-1.9670459727441,-1.39155480942824));
#5478=CARTESIAN_POINT('',(-1.66481418604966,-2.00225649211259,-1.39155480942826));
#5479=CARTESIAN_POINT('',(-1.59260654870084,-1.97276996144147,-1.39155480942825));
#5480=CARTESIAN_POINT('',(-1.64328431456901,-1.9670459727441,-1.39155480942824));
#5481=CARTESIAN_POINT('',(-1.59260654870084,-1.97276996144147,-1.39155480942825));
#5482=CARTESIAN_POINT('Origin',(-1.18691062426377,-1.61763571283796,-1.39155480942806));
#5483=CARTESIAN_POINT('',(-1.36768215447197,-1.98168721508438,-1.39155480942825));
#5484=CARTESIAN_POINT('',(-1.39520661207247,-1.97603108249562,-1.39155480942825));
#5485=CARTESIAN_POINT('Origin',(-1.37752776267298,-1.95979968440703,-1.39155480942824));
#5486=CARTESIAN_POINT('',(-1.49635306642017,-2.02239487432376,-1.39155480942827));
#5487=CARTESIAN_POINT('Origin',(-1.57170458176594,-1.56051111341239,-1.39155480942803));
#5488=CARTESIAN_POINT('',(-1.47709040539546,-2.00193668544304,-1.39155480942826));
#5489=CARTESIAN_POINT('Origin',(-1.5008881230528,-1.99882724267907,-1.39155480942826));
#5490=CARTESIAN_POINT('',(-1.47174329754958,-1.96101328776083,-1.39155480942824));
#5491=CARTESIAN_POINT('',(-1.47709040539546,-2.00193668544304,-1.39155480942826));
#5492=CARTESIAN_POINT('',(-1.42311869878947,-1.94562990726711,-1.39155480942823));
#5493=CARTESIAN_POINT('',(-1.47174329754958,-1.96101328776083,-1.39155480942824));
#5494=CARTESIAN_POINT('',(-1.42311869878947,-1.94562990726711,-1.39155480942823));
#5495=CARTESIAN_POINT('Origin',(-1.18691062426377,-1.61763571283796,-1.39155480942806));
#5496=CARTESIAN_POINT('',(-1.21401306631649,-1.86229123077272,-1.39155480942819));
#5497=CARTESIAN_POINT('',(-1.24145846591345,-1.86831930202535,-1.39155480942819));
#5498=CARTESIAN_POINT('Origin',(-1.23190993771919,-1.84630054617214,-1.39155480942818));
#5499=CARTESIAN_POINT('',(-1.31500249679101,-1.95181470274944,-1.39155480942824));
#5500=CARTESIAN_POINT('Origin',(-1.57170458176594,-1.56051111341239,-1.39155480942803));
#5501=CARTESIAN_POINT('',(-1.30572627537853,-1.92529038714396,-1.39155480942822));
#5502=CARTESIAN_POINT('Origin',(-1.3287312965583,-1.93212917362395,-1.39155480942823));
#5503=CARTESIAN_POINT('',(-1.31748649469092,-1.88573013838468,-1.3915548094282));
#5504=CARTESIAN_POINT('',(-1.30572627537853,-1.92529038714397,-1.39155480942822));
#5505=CARTESIAN_POINT('',(-1.2793226979051,-1.85189931494086,-1.39155480942818));
#5506=CARTESIAN_POINT('',(-1.31748649469092,-1.88573013838468,-1.3915548094282));
#5507=CARTESIAN_POINT('',(-1.2793226979051,-1.85189931494086,-1.39155480942818));
#5508=CARTESIAN_POINT('Origin',(-1.18691062426377,-1.61763571283796,-1.39155480942806));
#5509=CARTESIAN_POINT('',(-1.12219209070763,-1.69071472258316,-1.3915548094281));
#5510=CARTESIAN_POINT('',(-1.14481287337711,-1.70738468939429,-1.39155480942811));
#5511=CARTESIAN_POINT('Origin',(-1.14504569365851,-1.6833858186976,-1.3915548094281));
#5512=CARTESIAN_POINT('',(-1.17803804971924,-1.81357458569724,-1.39155480942816));
#5513=CARTESIAN_POINT('Origin',(-1.57170458176594,-1.56051111341239,-1.39155480942803));
#5514=CARTESIAN_POINT('',(-1.18035221087303,-1.78557043850104,-1.39155480942815));
#5515=CARTESIAN_POINT('Origin',(-1.19858675841921,-1.80117496591416,-1.39155480942816));
#5516=CARTESIAN_POINT('',(-1.20718630858635,-1.75421366506873,-1.39155480942813));
#5517=CARTESIAN_POINT('',(-1.18035221087304,-1.78557043850104,-1.39155480942815));
#5518=CARTESIAN_POINT('',(-1.18608218094629,-1.70778505539163,-1.39155480942811));
#5519=CARTESIAN_POINT('',(-1.20718630858635,-1.75421366506873,-1.39155480942813));
#5520=CARTESIAN_POINT('',(-1.18608218094629,-1.70778505539163,-1.39155480942811));
#5521=CARTESIAN_POINT('Origin',(-1.18691062426377,-1.61763571283796,-1.39155480942806));
#5522=CARTESIAN_POINT('',(-1.10809590849554,-1.49662482750532,-1.391554809428));
#5523=CARTESIAN_POINT('',(-1.12198073541061,-1.52105430117141,-1.39155480942801));
#5524=CARTESIAN_POINT('Origin',(-1.13195464742592,-1.49922493839759,-1.391554809428));
#5525=CARTESIAN_POINT('',(-1.10878805939551,-1.6292334007361,-1.39155480942807));
#5526=CARTESIAN_POINT('Origin',(-1.57170458176594,-1.56051111341239,-1.39155480942803));
#5527=CARTESIAN_POINT('',(-1.10914212238652,-1.63157749527751,-1.39155480942807));
#5528=CARTESIAN_POINT('Origin',(-1.57170458176594,-1.56051111341239,-1.39155480942803));
#5529=CARTESIAN_POINT('',(-1.1226465266196,-1.6069356879505,-1.39155480942806));
#5530=CARTESIAN_POINT('Origin',(-1.13295768160578,-1.62860779174435,-1.39155480942807));
#5531=CARTESIAN_POINT('',(-1.15991464345908,-1.58920426083897,-1.39155480942805));
#5532=CARTESIAN_POINT('',(-1.1226465266196,-1.6069356879505,-1.39155480942806));
#5533=CARTESIAN_POINT('',(-1.15951928035874,-1.53820579333243,-1.39155480942802));
#5534=CARTESIAN_POINT('',(-1.15991464345908,-1.58920426083897,-1.39155480942805));
#5535=CARTESIAN_POINT('',(-1.15951928035874,-1.53820579333243,-1.39155480942802));
#5536=CARTESIAN_POINT('Origin',(-1.18691062426377,-1.61763571283796,-1.39155480942806));
#5537=CARTESIAN_POINT('',(-1.17416187764447,-1.3135814516495,-1.39155480942791));
#5538=CARTESIAN_POINT('',(-1.17690993609184,-1.34154635423888,-1.39155480942792));
#5539=CARTESIAN_POINT('Origin',(-1.19490035984345,-1.32566099452507,-1.39155480942791));
#5540=CARTESIAN_POINT('',(-1.12022744652852,-1.43729238181549,-1.39155480942797));
#5541=CARTESIAN_POINT('Origin',(-1.57170458176594,-1.56051111341239,-1.39155480942803));
#5542=CARTESIAN_POINT('',(-1.14258705966533,-1.4202737067083,-1.39155480942796));
#5543=CARTESIAN_POINT('Origin',(-1.1431919297205,-1.44426608325204,-1.39155480942797));
#5544=CARTESIAN_POINT('',(-1.18384519965921,-1.41923355075008,-1.39155480942796));
#5545=CARTESIAN_POINT('',(-1.14258705966533,-1.4202737067083,-1.39155480942796));
#5546=CARTESIAN_POINT('',(-1.2042269629704,-1.37248332375253,-1.39155480942794));
#5547=CARTESIAN_POINT('',(-1.18384519965921,-1.41923355075008,-1.39155480942796));
#5548=CARTESIAN_POINT('',(-1.2042269629704,-1.37248332375253,-1.39155480942794));
#5549=CARTESIAN_POINT('Origin',(-1.18691062426377,-1.61763571283796,-1.39155480942806));
#5550=CARTESIAN_POINT('Origin',(-1.57170458176594,-1.56051111341239,-1.39155480942803));
#5551=CARTESIAN_POINT('',(-1.41716568788342,-1.17774227941783,-1.39155480942784));
#5552=CARTESIAN_POINT('Origin',(-1.18691062426377,-1.61763571283776,-1.79155480942806));
#5553=CARTESIAN_POINT('',(-1.20937726889363,-1.26431290645395,-1.79155480942788));
#5554=CARTESIAN_POINT('',(-1.30896659189941,-1.17323445759689,-1.79155480942783));
#5555=CARTESIAN_POINT('Origin',(-1.57170458176594,-1.56051111341218,-1.79155480942803));
#5556=CARTESIAN_POINT('',(-1.30010271760688,-1.19989940339963,-1.79155480942785));
#5557=CARTESIAN_POINT('Origin',(-1.32299894539028,-1.1927047697543,-1.79155480942784));
#5558=CARTESIAN_POINT('',(-1.31247486430117,-1.23927256718345,-1.79155480942787));
#5559=CARTESIAN_POINT('',(-1.31247486430117,-1.23927256718345,-1.79155480942787));
#5560=CARTESIAN_POINT('',(-1.27484016661747,-1.27369101471166,-1.79155480942789));
#5561=CARTESIAN_POINT('',(-1.27484016661745,-1.27369101471169,-1.79155480942789));
#5562=CARTESIAN_POINT('',(-1.23672591069255,-1.25786004710189,-1.79155480942788));
#5563=CARTESIAN_POINT('',(-1.23672591069253,-1.25786004710188,-1.79155480942788));
#5564=CARTESIAN_POINT('Origin',(-1.2275199082891,-1.2800241965272,-1.79155480942789));
#5565=CARTESIAN_POINT('Origin',(-1.18691062426377,-1.61763571283776,-1.79155480942806));
#5566=CARTESIAN_POINT('',(-1.83073710669664,-1.1907672439013,-1.79155480942784));
#5567=CARTESIAN_POINT('',(-1.85883606495008,-1.19095736789873,-1.79155480942784));
#5568=CARTESIAN_POINT('Origin',(-1.84465493339954,-1.21031958646857,-1.79155480942785));
#5569=CARTESIAN_POINT('',(-1.79711420629833,-1.21470083136697,-1.79155480942786));
#5570=CARTESIAN_POINT('',(-2.16158605092684,-0.95526102490017,-1.79155480942772));
#5571=CARTESIAN_POINT('',(-1.75275055633342,-1.18954399210232,-1.79155480942784));
#5572=CARTESIAN_POINT('',(-1.82723423817031,-1.23178068843575,-1.79155480942786));
#5573=CARTESIAN_POINT('',(-1.75602874842923,-1.14840314261236,-1.79155480942782));
#5574=CARTESIAN_POINT('',(-1.78424943331811,-0.794237518516006,-1.79155480942764));
#5575=CARTESIAN_POINT('',(-1.74144051940542,-1.12438708182003,-1.79155480942781));
#5576=CARTESIAN_POINT('Origin',(-1.7321045784972,-1.14649681287582,-1.79155480942782));
#5577=CARTESIAN_POINT('Origin',(-1.57170458176594,-1.56051111341218,-1.79155480942803));
#5578=CARTESIAN_POINT('Origin',(-1.18691062426377,-1.61763571283776,-1.79155480942806));
#5579=CARTESIAN_POINT('',(-1.95873094858079,-1.32809130056708,-1.79155480942791));
#5580=CARTESIAN_POINT('',(-1.98432329386123,-1.33969386343526,-1.79155480942792));
#5581=CARTESIAN_POINT('Origin',(-1.9634928617654,-1.35161414441773,-1.79155480942793));
#5582=CARTESIAN_POINT('',(-1.91828023362659,-1.33628005504295,-1.79155480942792));
#5583=CARTESIAN_POINT('',(-2.15816923455101,-1.28771744910986,-1.79155480942789));
#5584=CARTESIAN_POINT('',(-1.88798423106961,-1.29525381674277,-1.7915548094279));
#5585=CARTESIAN_POINT('',(-1.720846697609,-1.0689195251555,-1.79155480942778));
#5586=CARTESIAN_POINT('',(-1.90771249958284,-1.25900314141607,-1.79155480942788));
#5587=CARTESIAN_POINT('',(-2.12896222985561,-0.852456964651476,-1.79155480942767));
#5588=CARTESIAN_POINT('',(-1.90415370116966,-1.23112981086719,-1.79155480942786));
#5589=CARTESIAN_POINT('Origin',(-1.88663205697121,-1.24753078597795,-1.79155480942787));
#5590=CARTESIAN_POINT('Origin',(-1.57170458176594,-1.56051111341218,-1.79155480942803));
#5591=CARTESIAN_POINT('Origin',(-1.18691062426377,-1.61763571283776,-1.79155480942806));
#5592=CARTESIAN_POINT('',(-2.01980441561849,-1.50560285434149,-1.79155480942801));
#5593=CARTESIAN_POINT('',(-2.03846499892899,-1.52661166756653,-1.79155480942802));
#5594=CARTESIAN_POINT('Origin',(-2.01458703723457,-1.52902888607542,-1.79155480942802));
#5595=CARTESIAN_POINT('',(-1.97952018220719,-1.49663086578619,-1.791554809428));
#5596=CARTESIAN_POINT('',(-1.91449587740612,-1.48214883971571,-1.79155480942799));
#5597=CARTESIAN_POINT('',(-1.96853028113078,-1.44682903776424,-1.79155480942798));
#5598=CARTESIAN_POINT('',(-1.84025386418373,-0.865531716555507,-1.79155480942768));
#5599=CARTESIAN_POINT('',(-2.00129742920981,-1.42173660769183,-1.79155480942796));
#5600=CARTESIAN_POINT('',(-2.33222958766341,-1.16831534488667,-1.79155480942783));
#5601=CARTESIAN_POINT('',(-2.00938340998358,-1.39482555945959,-1.79155480942795));
#5602=CARTESIAN_POINT('Origin',(-1.98670571395593,-1.40268190103047,-1.79155480942795));
#5603=CARTESIAN_POINT('Origin',(-1.57170458176594,-1.56051111341218,-1.79155480942803));
#5604=CARTESIAN_POINT('Origin',(-1.18691062426377,-1.61763571283776,-1.79155480942806));
#5605=CARTESIAN_POINT('',(-2.00339735052389,-1.69260854493509,-1.7915548094281));
#5606=CARTESIAN_POINT('',(-2.01189958748177,-1.71939099382939,-1.79155480942812));
#5607=CARTESIAN_POINT('Origin',(-1.98910281269241,-1.71188719084668,-1.79155480942811));
#5608=CARTESIAN_POINT('',(-1.97024510858308,-1.66802715167779,-1.79155480942809));
#5609=CARTESIAN_POINT('',(-1.62250753761093,-1.41019017046635,-1.79155480942796));
#5610=CARTESIAN_POINT('',(-1.98046156272347,-1.61806092243449,-1.79155480942806));
#5611=CARTESIAN_POINT('',(-2.14109398806467,-0.832446219112032,-1.79155480942766));
#5612=CARTESIAN_POINT('',(-2.02060185278524,-1.60846544673345,-1.79155480942806));
#5613=CARTESIAN_POINT('',(-2.2395841426526,-1.55611806114787,-1.79155480942803));
#5614=CARTESIAN_POINT('',(-2.03893447321191,-1.58716984552967,-1.79155480942805));
#5615=CARTESIAN_POINT('Origin',(-2.01502190501807,-1.58512312073717,-1.79155480942805));
#5616=CARTESIAN_POINT('Origin',(-1.57170458176594,-1.56051111341218,-1.79155480942803));
#5617=CARTESIAN_POINT('Origin',(-1.18691062426377,-1.61763571283776,-1.79155480942806));
#5618=CARTESIAN_POINT('',(-1.91234668390536,-1.8567733895509,-1.79155480942819));
#5619=CARTESIAN_POINT('',(-1.90922046050141,-1.88469854540171,-1.7915548094282));
#5620=CARTESIAN_POINT('Origin',(-1.89144664207918,-1.86857119662103,-1.79155480942819));
#5621=CARTESIAN_POINT('',(-1.89205875724527,-1.82083293780072,-1.79155480942817));
#5622=CARTESIAN_POINT('',(-1.50334297096333,-1.13221545630689,-1.79155480942781));
#5623=CARTESIAN_POINT('',(-1.92171504886801,-1.77934192230117,-1.79155480942815));
#5624=CARTESIAN_POINT('',(-2.42493870718462,-1.07530040313345,-1.79155480942778));
#5625=CARTESIAN_POINT('',(-1.96228786009775,-1.78690254589239,-1.79155480942815));
#5626=CARTESIAN_POINT('',(-1.88461536029667,-1.7724285048638,-1.79155480942814));
#5627=CARTESIAN_POINT('',(-1.98769724355787,-1.77490459464192,-1.79155480942814));
#5628=CARTESIAN_POINT('Origin',(-1.96668450347848,-1.76330870078432,-1.79155480942814));
#5629=CARTESIAN_POINT('Origin',(-1.57170458176594,-1.56051111341218,-1.79155480942803));
#5630=CARTESIAN_POINT('Origin',(-1.18691062426377,-1.61763571283776,-1.79155480942806));
#5631=CARTESIAN_POINT('',(-1.76239590319057,-1.96971179516403,-1.79155480942824));
#5632=CARTESIAN_POINT('',(-1.74818177185219,-1.99395114483268,-1.79155480942826));
#5633=CARTESIAN_POINT('Origin',(-1.73850416447237,-1.97198881537058,-1.79155480942825));
#5634=CARTESIAN_POINT('',(-1.75848025864076,-1.92862671553734,-1.79155480942822));
#5635=CARTESIAN_POINT('',(-1.6561746340539,-0.855180267847895,-1.79155480942767));
#5636=CARTESIAN_POINT('',(-1.80244854550533,-1.90278508729546,-1.79155480942821));
#5637=CARTESIAN_POINT('',(-2.47048853545459,-1.51015571048683,-1.79155480942801));
#5638=CARTESIAN_POINT('',(-1.836438470249,-1.92619450967389,-1.79155480942822));
#5639=CARTESIAN_POINT('',(-1.4715347116077,-1.67487926617369,-1.79155480942809));
#5640=CARTESIAN_POINT('',(-1.8645311035059,-1.92556876313921,-1.79155480942822));
#5641=CARTESIAN_POINT('Origin',(-1.85005148519485,-1.90642873561657,-1.79155480942821));
#5642=CARTESIAN_POINT('Origin',(-1.57170458176594,-1.56051111341218,-1.79155480942803));
#5643=CARTESIAN_POINT('Origin',(-1.18691062426377,-1.61763571283776,-1.79155480942806));
#5644=CARTESIAN_POINT('',(-1.5794728606252,-2.01189568543078,-1.79155480942827));
#5645=CARTESIAN_POINT('',(-1.55662857379212,-2.02825802515197,-1.79155480942827));
#5646=CARTESIAN_POINT('Origin',(-1.55672052368897,-2.00425820129394,-1.79155480942826));
#5647=CARTESIAN_POINT('',(-1.59260654870084,-1.97276996144127,-1.79155480942825));
#5648=CARTESIAN_POINT('',(-1.98906949134984,-0.791692751687215,-1.79155480942764));
#5649=CARTESIAN_POINT('',(-1.64328431456901,-1.9670459727439,-1.79155480942824));
#5650=CARTESIAN_POINT('',(-2.18580231120065,-1.90576926040978,-1.79155480942821));
#5651=CARTESIAN_POINT('',(-1.66481418604965,-2.00225649211239,-1.79155480942826));
#5652=CARTESIAN_POINT('',(-1.24534676152599,-1.31624840846385,-1.79155480942791));
#5653=CARTESIAN_POINT('',(-1.69073259759966,-2.01311114755406,-1.79155480942827));
#5654=CARTESIAN_POINT('Origin',(-1.68528975860612,-1.98973647100675,-1.79155480942826));
#5655=CARTESIAN_POINT('Origin',(-1.57170458176594,-1.56051111341218,-1.79155480942803));
#5656=CARTESIAN_POINT('Origin',(-1.18691062426377,-1.61763571283776,-1.79155480942806));
#5657=CARTESIAN_POINT('',(-1.39520661207247,-1.97603108249542,-1.79155480942825));
#5658=CARTESIAN_POINT('',(-1.36768215447196,-1.98168721508417,-1.79155480942825));
#5659=CARTESIAN_POINT('Origin',(-1.37752776267298,-1.95979968440682,-1.79155480942824));
#5660=CARTESIAN_POINT('',(-1.42311869878947,-1.9456299072669,-1.79155480942823));
#5661=CARTESIAN_POINT('',(-2.27823362973837,-1.01425923907323,-1.79155480942775));
#5662=CARTESIAN_POINT('',(-1.47174329754958,-1.96101328776062,-1.79155480942824));
#5663=CARTESIAN_POINT('',(-1.67982385123573,-2.02684380178686,-1.79155480942827));
#5664=CARTESIAN_POINT('',(-1.47709040539545,-2.00193668544284,-1.79155480942826));
#5665=CARTESIAN_POINT('',(-1.33462158567445,-0.911570017179833,-1.7915548094277));
#5666=CARTESIAN_POINT('',(-1.49635306642017,-2.02239487432356,-1.79155480942827));
#5667=CARTESIAN_POINT('Origin',(-1.5008881230528,-1.99882724267887,-1.79155480942826));
#5668=CARTESIAN_POINT('Origin',(-1.57170458176594,-1.56051111341218,-1.79155480942803));
#5669=CARTESIAN_POINT('Origin',(-1.18691062426377,-1.61763571283776,-1.79155480942806));
#5670=CARTESIAN_POINT('',(-1.24145846591345,-1.86831930202514,-1.79155480942819));
#5671=CARTESIAN_POINT('',(-1.21401306630678,-1.86229123076165,-1.79155480942819));
#5672=CARTESIAN_POINT('Origin',(-1.23190993771919,-1.84630054617193,-1.79155480942818));
#5673=CARTESIAN_POINT('',(-1.2793226979051,-1.85189931494065,-1.79155480942818));
#5674=CARTESIAN_POINT('',(-2.31671132657487,-1.40203127356294,-1.79155480942795));
#5675=CARTESIAN_POINT('',(-1.31748649469092,-1.88573013838448,-1.7915548094282));
#5676=CARTESIAN_POINT('',(-1.20402620825362,-1.78515170432857,-1.79155480942815));
#5677=CARTESIAN_POINT('',(-1.30572627537852,-1.92529038714376,-1.79155480942822));
#5678=CARTESIAN_POINT('',(-1.67006460216217,-0.699691233144926,-1.79155480942759));
#5679=CARTESIAN_POINT('',(-1.31500249679909,-1.95181470275487,-1.79155480942824));
#5680=CARTESIAN_POINT('Origin',(-1.3287312965583,-1.93212917362375,-1.79155480942822));
#5681=CARTESIAN_POINT('Origin',(-1.57170458176594,-1.56051111341218,-1.79155480942803));
#5682=CARTESIAN_POINT('Origin',(-1.18691062426377,-1.61763571283776,-1.79155480942806));
#5683=CARTESIAN_POINT('',(-1.14481287337711,-1.70738468939408,-1.79155480942811));
#5684=CARTESIAN_POINT('',(-1.12219209070762,-1.69071472258292,-1.7915548094281));
#5685=CARTESIAN_POINT('Origin',(-1.14504569365851,-1.68338581869739,-1.7915548094281));
#5686=CARTESIAN_POINT('',(-1.18608218094629,-1.70778505539143,-1.79155480942811));
#5687=CARTESIAN_POINT('',(-2.05403385508457,-1.71620531630996,-1.79155480942811));
#5688=CARTESIAN_POINT('',(-1.20718630858635,-1.75421366506853,-1.79155480942813));
#5689=CARTESIAN_POINT('',(-1.00041460581152,-1.29932053495957,-1.7915548094279));
#5690=CARTESIAN_POINT('',(-1.18035221087303,-1.78557043850083,-1.79155480942815));
#5691=CARTESIAN_POINT('',(-2.03213826366886,-0.790222558513546,-1.79155480942764));
#5692=CARTESIAN_POINT('',(-1.17803804971924,-1.81357458569703,-1.79155480942816));
#5693=CARTESIAN_POINT('Origin',(-1.19858675841921,-1.80117496591396,-1.79155480942816));
#5694=CARTESIAN_POINT('Origin',(-1.57170458176594,-1.56051111341218,-1.79155480942803));
#5695=CARTESIAN_POINT('Origin',(-1.18691062426377,-1.61763571283776,-1.79155480942806));
#5696=CARTESIAN_POINT('',(-1.12198073541061,-1.52105430117121,-1.79155480942801));
#5697=CARTESIAN_POINT('',(-1.10809590849554,-1.49662482750512,-1.791554809428));
#5698=CARTESIAN_POINT('Origin',(-1.13195464742592,-1.49922493839739,-1.791554809428));
#5699=CARTESIAN_POINT('',(-1.15951928035874,-1.53820579333222,-1.79155480942802));
#5700=CARTESIAN_POINT('',(-1.63394045676079,-1.75497048411407,-1.79155480942813));
#5701=CARTESIAN_POINT('',(-1.15991464345908,-1.58920426083876,-1.79155480942805));
#5702=CARTESIAN_POINT('',(-1.15397836811664,-0.823475377939558,-1.79155480942765));
#5703=CARTESIAN_POINT('',(-1.1226465266196,-1.60693568795028,-1.79155480942806));
#5704=CARTESIAN_POINT('',(-2.19591699681573,-1.09629499217246,-1.79155480942779));
#5705=CARTESIAN_POINT('',(-1.10914212238652,-1.6315774952773,-1.79155480942807));
#5706=CARTESIAN_POINT('Origin',(-1.13295768160578,-1.62860779174415,-1.79155480942807));
#5707=CARTESIAN_POINT('',(-1.10878805939551,-1.62923340073589,-1.79155480942807));
#5708=CARTESIAN_POINT('Origin',(-1.57170458176594,-1.56051111341218,-1.79155480942803));
#5709=CARTESIAN_POINT('Origin',(-1.57170458176594,-1.56051111341218,-1.79155480942803));
#5710=CARTESIAN_POINT('Origin',(-1.18691062426377,-1.61763571283776,-1.79155480942806));
#5711=CARTESIAN_POINT('',(-1.17690993609184,-1.34154635423868,-1.79155480942792));
#5712=CARTESIAN_POINT('',(-1.17416187764484,-1.31358145164868,-1.79155480942791));
#5713=CARTESIAN_POINT('Origin',(-1.19490035984345,-1.32566099452486,-1.79155480942791));
#5714=CARTESIAN_POINT('',(-1.2042269629704,-1.37248332375232,-1.79155480942794));
#5715=CARTESIAN_POINT('',(-1.30446241584069,-1.48600157606507,-1.791554809428));
#5716=CARTESIAN_POINT('',(-1.18384519965921,-1.41923355074988,-1.79155480942796));
#5717=CARTESIAN_POINT('',(-1.5450521329319,-0.590722991296868,-1.79155480942753));
#5718=CARTESIAN_POINT('',(-1.14258705966533,-1.42027370670808,-1.79155480942796));
#5719=CARTESIAN_POINT('',(-2.07739215035994,-1.39670640374682,-1.79155480942795));
#5720=CARTESIAN_POINT('',(-1.12022744652852,-1.43729238181528,-1.79155480942797));
#5721=CARTESIAN_POINT('Origin',(-1.1431919297205,-1.44426608325184,-1.79155480942797));
#5722=CARTESIAN_POINT('Origin',(-1.57170458176594,-1.56051111341218,-1.79155480942803));
#5723=CARTESIAN_POINT('Origin',(-1.18691062426377,-1.61763571283776,-1.79155480942806));
#5724=CARTESIAN_POINT('Origin',(-1.57170458176594,-1.56051111341218,-1.79155480942803));
#5725=CARTESIAN_POINT('',(-1.41716568788341,-1.17774227941763,-1.79155480942784));
#5726=CARTESIAN_POINT('Origin',(-1.54984248340014,-1.11704967353827,-1.79155886760269));
#5727=CARTESIAN_POINT('Origin',(-1.57170458176594,-1.56051111341239,-1.39155480942803));
#5728=CARTESIAN_POINT('Origin',(-1.57170458176594,-1.56051111341218,-1.79155480942803));
#5729=CARTESIAN_POINT('Origin',(-1.67862140956014,-1.12957632491811,-1.7915588676027));
#5730=CARTESIAN_POINT('',(-1.68439824303792,-1.10629244562357,-1.7915548094278));
#5731=CARTESIAN_POINT('',(-1.68439824303792,-1.10629244562378,-1.3915548094278));
#5732=CARTESIAN_POINT('',(-1.68440069754901,-1.10628255256708,-1.79155886760269));
#5733=CARTESIAN_POINT('Origin',(-1.57170458176594,-1.56051111341239,-1.39155480942803));
#5734=CARTESIAN_POINT('',(-1.65795418801536,-1.11737526129156,-1.79155886760269));
#5735=CARTESIAN_POINT('Origin',(-1.57170458176594,-1.56051111341218,-1.79155480942803));
#5736=CARTESIAN_POINT('Origin',(-1.63697280710626,-1.1529153470444,-1.79155886760271));
#5737=CARTESIAN_POINT('',(-1.63697280710626,-1.1529153470444,-1.79155886760271));
#5738=CARTESIAN_POINT('Origin',(-1.58621238784347,-1.14797775286684,-1.79155886760271));
#5739=CARTESIAN_POINT('Origin',(-1.75602874842922,-1.14840314261236,-1.79155886760271));
#5740=CARTESIAN_POINT('',(-1.75275055633342,-1.18954399210232,-1.79155886760273));
#5741=CARTESIAN_POINT('',(-1.75602874842923,-1.14840314261236,-1.79155886760271));
#5742=CARTESIAN_POINT('Origin',(-1.7321045784972,-1.14649681287582,-1.79155886760271));
#5743=CARTESIAN_POINT('',(-1.74077116625584,-1.12412716610513,-1.39155480942781));
#5744=CARTESIAN_POINT('Origin',(-1.57170458176594,-1.56051111341239,-1.39155480942803));
#5745=CARTESIAN_POINT('',(-1.74077116625584,-1.12412716610493,-1.79155480942781));
#5746=CARTESIAN_POINT('',(-1.74077484859079,-1.12411766149546,-1.7915588676027));
#5747=CARTESIAN_POINT('Origin',(-1.57170458176594,-1.56051111341218,-1.79155480942803));
#5748=CARTESIAN_POINT('Origin',(-1.84465493339954,-1.21031958646857,-1.79155886760274));
#5749=CARTESIAN_POINT('',(-1.85940274028477,-1.19139835415911,-1.79155480942784));
#5750=CARTESIAN_POINT('',(-1.85940274028477,-1.19139835415932,-1.39155480942784));
#5751=CARTESIAN_POINT('',(-1.85940900646082,-1.19139031474189,-1.79155886760273));
#5752=CARTESIAN_POINT('Origin',(-1.57170458176594,-1.56051111341239,-1.39155480942803));
#5753=CARTESIAN_POINT('',(-1.83073710669664,-1.1907672439013,-1.79155886760273));
#5754=CARTESIAN_POINT('Origin',(-1.57170458176594,-1.56051111341218,-1.79155480942803));
#5755=CARTESIAN_POINT('Origin',(-1.79711420629833,-1.21470083136697,-1.79155886760274));
#5756=CARTESIAN_POINT('',(-1.79711420629833,-1.21470083136697,-1.79155886760274));
#5757=CARTESIAN_POINT('Origin',(-1.75275055633342,-1.18954399210232,-1.79155886760273));
#5758=CARTESIAN_POINT('Origin',(-1.90771249958284,-1.25900314141606,-1.79155886760277));
#5759=CARTESIAN_POINT('',(-1.88798423106961,-1.29525381674277,-1.79155886760279));
#5760=CARTESIAN_POINT('',(-1.90771249958284,-1.25900314141607,-1.79155886760277));
#5761=CARTESIAN_POINT('Origin',(-1.88663205697121,-1.24753078597795,-1.79155886760276));
#5762=CARTESIAN_POINT('',(-1.90364793388576,-1.2306201155934,-1.39155480942786));
#5763=CARTESIAN_POINT('Origin',(-1.57170458176594,-1.56051111341239,-1.39155480942803));
#5764=CARTESIAN_POINT('',(-1.90364793388576,-1.23062011559321,-1.79155480942786));
#5765=CARTESIAN_POINT('',(-1.90365516373907,-1.23061293044096,-1.79155886760275));
#5766=CARTESIAN_POINT('Origin',(-1.57170458176594,-1.56051111341218,-1.79155480942803));
#5767=CARTESIAN_POINT('Origin',(-1.9634928617654,-1.35161414441773,-1.79155886760281));
#5768=CARTESIAN_POINT('',(-1.984661612268,-1.34032721205365,-1.79155480942792));
#5769=CARTESIAN_POINT('',(-1.984661612268,-1.34032721205386,-1.39155480942792));
#5770=CARTESIAN_POINT('',(-1.98467060663023,-1.34032241636398,-1.79155886760281));
#5771=CARTESIAN_POINT('Origin',(-1.57170458176594,-1.56051111341239,-1.39155480942803));
#5772=CARTESIAN_POINT('',(-1.95873094858079,-1.32809130056708,-1.7915588676028));
#5773=CARTESIAN_POINT('Origin',(-1.57170458176594,-1.56051111341218,-1.79155480942803));
#5774=CARTESIAN_POINT('Origin',(-1.91828023362659,-1.33628005504295,-1.79155886760281));
#5775=CARTESIAN_POINT('',(-1.91828023362659,-1.33628005504295,-1.79155886760281));
#5776=CARTESIAN_POINT('Origin',(-1.88798423106961,-1.29525381674277,-1.79155886760279));
#5777=CARTESIAN_POINT('Origin',(-2.00129742920981,-1.42173660769183,-1.79155886760285));
#5778=CARTESIAN_POINT('',(-1.96853028113078,-1.44682903776424,-1.79155886760286));
#5779=CARTESIAN_POINT('',(-2.00129742920981,-1.42173660769183,-1.79155886760285));
#5780=CARTESIAN_POINT('Origin',(-1.98670571395593,-1.40268190103047,-1.79155886760284));
#5781=CARTESIAN_POINT('',(-2.00912868032348,-1.39415421557021,-1.39155480942795));
#5782=CARTESIAN_POINT('Origin',(-1.57170458176594,-1.56051111341239,-1.39155480942803));
#5783=CARTESIAN_POINT('',(-2.00912868032347,-1.39415421557001,-1.79155480942795));
#5784=CARTESIAN_POINT('',(-2.00913820758783,-1.39415059225308,-1.79155886760284));
#5785=CARTESIAN_POINT('Origin',(-1.57170458176594,-1.56051111341218,-1.79155480942803));
#5786=CARTESIAN_POINT('Origin',(-2.01458703723457,-1.52902888607542,-1.79155886760291));
#5787=CARTESIAN_POINT('',(-2.03851646208058,-1.52732786680103,-1.79155480942802));
#5788=CARTESIAN_POINT('',(-2.03851646208058,-1.52732786680123,-1.39155480942802));
#5789=CARTESIAN_POINT('',(-2.03852662942206,-1.52732714405721,-1.79155886760291));
#5790=CARTESIAN_POINT('Origin',(-1.57170458176594,-1.56051111341239,-1.39155480942803));
#5791=CARTESIAN_POINT('',(-2.01980441561849,-1.50560285434149,-1.79155886760289));
#5792=CARTESIAN_POINT('Origin',(-1.57170458176594,-1.56051111341218,-1.79155480942803));
#5793=CARTESIAN_POINT('Origin',(-1.97952018220719,-1.49663086578619,-1.79155886760289));
#5794=CARTESIAN_POINT('',(-1.97952018220719,-1.49663086578619,-1.79155886760289));
#5795=CARTESIAN_POINT('Origin',(-1.96853028113078,-1.44682903776424,-1.79155886760286));
#5796=CARTESIAN_POINT('Origin',(-2.02060185278524,-1.60846544673345,-1.79155886760295));
#5797=CARTESIAN_POINT('',(-1.98046156272347,-1.61806092243449,-1.79155886760295));
#5798=CARTESIAN_POINT('',(-2.02060185278524,-1.60846544673345,-1.79155886760295));
#5799=CARTESIAN_POINT('Origin',(-2.01502190501807,-1.58512312073717,-1.79155886760293));
#5800=CARTESIAN_POINT('',(-2.03897482624742,-1.58645293448891,-1.39155480942805));
#5801=CARTESIAN_POINT('Origin',(-1.57170458176594,-1.56051111341239,-1.39155480942803));
#5802=CARTESIAN_POINT('',(-2.03897482624741,-1.5864529344887,-1.79155480942805));
#5803=CARTESIAN_POINT('',(-2.03898500357226,-1.5864534995115,-1.79155886760294));
#5804=CARTESIAN_POINT('Origin',(-1.57170458176594,-1.56051111341218,-1.79155480942803));
#5805=CARTESIAN_POINT('Origin',(-1.98910281269241,-1.71188719084668,-1.791558867603));
#5806=CARTESIAN_POINT('',(-2.01165529693395,-1.72006620634781,-1.79155480942812));
#5807=CARTESIAN_POINT('',(-2.01165529693395,-1.72006620634801,-1.39155480942812));
#5808=CARTESIAN_POINT('',(-2.01166487922897,-1.72006968151882,-1.791558867603));
#5809=CARTESIAN_POINT('Origin',(-1.57170458176594,-1.56051111341239,-1.39155480942803));
#5810=CARTESIAN_POINT('',(-2.00339735052389,-1.69260854493509,-1.79155886760299));
#5811=CARTESIAN_POINT('Origin',(-1.57170458176594,-1.56051111341218,-1.79155480942803));
#5812=CARTESIAN_POINT('Origin',(-1.97024510858308,-1.66802715167779,-1.79155886760298));
#5813=CARTESIAN_POINT('',(-1.97024510858308,-1.66802715167779,-1.79155886760298));
#5814=CARTESIAN_POINT('Origin',(-1.98046156272347,-1.61806092243449,-1.79155886760295));
#5815=CARTESIAN_POINT('Origin',(-1.96228786009775,-1.78690254589238,-1.79155886760304));
#5816=CARTESIAN_POINT('',(-1.92171504886801,-1.77934192230117,-1.79155886760303));
#5817=CARTESIAN_POINT('',(-1.96228786009775,-1.78690254589239,-1.79155886760304));
#5818=CARTESIAN_POINT('Origin',(-1.96668450347848,-1.76330870078432,-1.79155886760303));
#5819=CARTESIAN_POINT('',(-1.98802570188361,-1.77426607686943,-1.39155480942814));
#5820=CARTESIAN_POINT('Origin',(-1.57170458176594,-1.56051111341239,-1.39155480942803));
#5821=CARTESIAN_POINT('',(-1.9880257018836,-1.77426607686921,-1.79155480942814));
#5822=CARTESIAN_POINT('',(-1.98803476951701,-1.77427073253417,-1.79155886760303));
#5823=CARTESIAN_POINT('Origin',(-1.57170458176594,-1.56051111341218,-1.79155480942803));
#5824=CARTESIAN_POINT('Origin',(-1.89144664207918,-1.86857119662103,-1.79155886760308));
#5825=CARTESIAN_POINT('',(-1.90872265630801,-1.8852160208135,-1.7915548094282));
#5826=CARTESIAN_POINT('',(-1.90872265630801,-1.8852160208137,-1.3915548094282));
#5827=CARTESIAN_POINT('',(-1.90872999669071,-1.8852230930107,-1.79155886760309));
#5828=CARTESIAN_POINT('Origin',(-1.57170458176594,-1.56051111341239,-1.39155480942803));
#5829=CARTESIAN_POINT('',(-1.91234668390536,-1.8567733895509,-1.79155886760307));
#5830=CARTESIAN_POINT('Origin',(-1.57170458176594,-1.56051111341218,-1.79155480942803));
#5831=CARTESIAN_POINT('Origin',(-1.89205875724527,-1.82083293780072,-1.79155886760306));
#5832=CARTESIAN_POINT('',(-1.89205875724527,-1.82083293780072,-1.79155886760306));
#5833=CARTESIAN_POINT('Origin',(-1.92171504886801,-1.77934192230117,-1.79155886760303));
#5834=CARTESIAN_POINT('Origin',(-1.836438470249,-1.92619450967389,-1.79155886760311));
#5835=CARTESIAN_POINT('',(-1.80244854550533,-1.90278508729546,-1.7915588676031));
#5836=CARTESIAN_POINT('',(-1.836438470249,-1.92619450967389,-1.79155886760311));
#5837=CARTESIAN_POINT('Origin',(-1.85005148519485,-1.90642873561657,-1.7915588676031));
#5838=CARTESIAN_POINT('',(-1.86509087369281,-1.92511904416534,-1.39155480942822));
#5839=CARTESIAN_POINT('Origin',(-1.57170458176594,-1.56051111341239,-1.39155480942803));
#5840=CARTESIAN_POINT('',(-1.8650908736928,-1.92511904416513,-1.79155480942822));
#5841=CARTESIAN_POINT('',(-1.86509726375858,-1.92512698546547,-1.79155886760311));
#5842=CARTESIAN_POINT('Origin',(-1.57170458176594,-1.56051111341218,-1.79155480942803));
#5843=CARTESIAN_POINT('Origin',(-1.73850416447237,-1.97198881537058,-1.79155886760313));
#5844=CARTESIAN_POINT('',(-1.74751652888065,-1.99422140693803,-1.79155480942826));
#5845=CARTESIAN_POINT('',(-1.74751652888065,-1.99422140693823,-1.39155480942826));
#5846=CARTESIAN_POINT('',(-1.74752035813217,-1.99423085331427,-1.79155886760315));
#5847=CARTESIAN_POINT('Origin',(-1.57170458176594,-1.56051111341239,-1.39155480942803));
#5848=CARTESIAN_POINT('',(-1.76239590319057,-1.96971179516403,-1.79155886760313));
#5849=CARTESIAN_POINT('Origin',(-1.57170458176594,-1.56051111341218,-1.79155480942803));
#5850=CARTESIAN_POINT('Origin',(-1.75848025864076,-1.92862671553734,-1.79155886760311));
#5851=CARTESIAN_POINT('',(-1.75848025864076,-1.92862671553734,-1.79155886760311));
#5852=CARTESIAN_POINT('Origin',(-1.80244854550533,-1.90278508729546,-1.7915588676031));
#5853=CARTESIAN_POINT('Origin',(-1.66481418604966,-2.00225649211238,-1.79155886760315));
#5854=CARTESIAN_POINT('',(-1.64328431456901,-1.9670459727439,-1.79155886760313));
#5855=CARTESIAN_POINT('',(-1.66481418604965,-2.00225649211239,-1.79155886760315));
#5856=CARTESIAN_POINT('Origin',(-1.68528975860612,-1.98973647100675,-1.79155886760314));
#5857=CARTESIAN_POINT('',(-1.69142689029707,-2.01292798787501,-1.39155480942827));
#5858=CARTESIAN_POINT('Origin',(-1.57170458176594,-1.56051111341239,-1.39155480942803));
#5859=CARTESIAN_POINT('',(-1.69142689029706,-2.01292798787479,-1.79155480942827));
#5860=CARTESIAN_POINT('',(-1.69142949789479,-2.01293784168755,-1.79155886760315));
#5861=CARTESIAN_POINT('Origin',(-1.57170458176594,-1.56051111341218,-1.79155480942803));
#5862=CARTESIAN_POINT('Origin',(-1.55672052368897,-2.00425820129394,-1.79155886760315));
#5863=CARTESIAN_POINT('',(-1.55591091859576,-2.02823434317761,-1.79155480942827));
#5864=CARTESIAN_POINT('',(-1.55591091859576,-2.02823434317782,-1.39155480942827));
#5865=CARTESIAN_POINT('',(-1.55591057460373,-2.02824453036863,-1.79155886760316));
#5866=CARTESIAN_POINT('Origin',(-1.57170458176594,-1.56051111341239,-1.39155480942803));
#5867=CARTESIAN_POINT('',(-1.5794728606252,-2.01189568543078,-1.79155886760315));
#5868=CARTESIAN_POINT('Origin',(-1.57170458176594,-1.56051111341218,-1.79155480942803));
#5869=CARTESIAN_POINT('Origin',(-1.59260654870084,-1.97276996144127,-1.79155886760313));
#5870=CARTESIAN_POINT('',(-1.59260654870084,-1.97276996144127,-1.79155886760313));
#5871=CARTESIAN_POINT('Origin',(-1.64328431456901,-1.9670459727439,-1.79155886760313));
#5872=CARTESIAN_POINT('Origin',(-1.47709040539546,-2.00193668544284,-1.79155886760315));
#5873=CARTESIAN_POINT('',(-1.47174329754958,-1.96101328776062,-1.79155886760313));
#5874=CARTESIAN_POINT('',(-1.47709040539545,-2.00193668544284,-1.79155886760315));
#5875=CARTESIAN_POINT('Origin',(-1.37752776267298,-1.95979968440682,-1.79155886760313));
#5876=CARTESIAN_POINT('',(-1.36703617615393,-1.98137368385861,-1.79155480942825));
#5877=CARTESIAN_POINT('',(-1.36703617615392,-1.98137368385882,-1.39155480942825));
#5878=CARTESIAN_POINT('',(-1.36703171839769,-1.98138285040653,-1.79155886760314));
#5879=CARTESIAN_POINT('Origin',(-1.57170458176594,-1.56051111341239,-1.39155480942803));
#5880=CARTESIAN_POINT('',(-1.39520661207247,-1.97603108249542,-1.79155886760314));
#5881=CARTESIAN_POINT('Origin',(-1.57170458176594,-1.56051111341218,-1.79155480942803));
#5882=CARTESIAN_POINT('Origin',(-1.42311869878947,-1.9456299072669,-1.79155886760312));
#5883=CARTESIAN_POINT('',(-1.42311869878947,-1.9456299072669,-1.79155886760312));
#5884=CARTESIAN_POINT('Origin',(-1.47174329754958,-1.96101328776062,-1.79155886760313));
#5885=CARTESIAN_POINT('Origin',(-1.30572627537853,-1.92529038714376,-1.79155886760311));
#5886=CARTESIAN_POINT('',(-1.31748649469092,-1.88573013838448,-1.79155886760309));
#5887=CARTESIAN_POINT('',(-1.30572627537852,-1.92529038714376,-1.79155886760311));
#5888=CARTESIAN_POINT('Origin',(-1.23190993771919,-1.84630054617193,-1.79155886760307));
#5889=CARTESIAN_POINT('',(-1.2135504603965,-1.861742062693,-1.79155480942819));
#5890=CARTESIAN_POINT('',(-1.2135504603965,-1.8617420626932,-1.39155480942819));
#5891=CARTESIAN_POINT('',(-1.21354265966261,-1.8617486236184,-1.79155886760308));
#5892=CARTESIAN_POINT('Origin',(-1.57170458176594,-1.56051111341239,-1.39155480942803));
#5893=CARTESIAN_POINT('',(-1.24145846591345,-1.86831930202514,-1.79155886760308));
#5894=CARTESIAN_POINT('Origin',(-1.57170458176594,-1.56051111341218,-1.79155480942803));
#5895=CARTESIAN_POINT('Origin',(-1.2793226979051,-1.85189931494065,-1.79155886760307));
#5896=CARTESIAN_POINT('',(-1.2793226979051,-1.85189931494065,-1.79155886760307));
#5897=CARTESIAN_POINT('Origin',(-1.31748649469092,-1.88573013838448,-1.79155886760309));
#5898=CARTESIAN_POINT('Origin',(-1.18035221087304,-1.78557043850083,-1.79155886760304));
#5899=CARTESIAN_POINT('',(-1.20718630858635,-1.75421366506853,-1.79155886760302));
#5900=CARTESIAN_POINT('',(-1.18035221087303,-1.78557043850083,-1.79155886760304));
#5901=CARTESIAN_POINT('Origin',(-1.14504569365851,-1.68338581869739,-1.79155886760299));
#5902=CARTESIAN_POINT('',(-1.12199284595189,-1.69002487379947,-1.7915548094281));
#5903=CARTESIAN_POINT('',(-1.12199284595189,-1.69002487379967,-1.3915548094281));
#5904=CARTESIAN_POINT('',(-1.12198305105811,-1.69002769465876,-1.79155886760299));
#5905=CARTESIAN_POINT('Origin',(-1.57170458176594,-1.56051111341239,-1.39155480942803));
#5906=CARTESIAN_POINT('',(-1.14481287337711,-1.70738468939408,-1.791558867603));
#5907=CARTESIAN_POINT('Origin',(-1.57170458176594,-1.56051111341218,-1.79155480942803));
#5908=CARTESIAN_POINT('Origin',(-1.18608218094629,-1.70778505539143,-1.791558867603));
#5909=CARTESIAN_POINT('',(-1.18608218094629,-1.70778505539143,-1.791558867603));
#5910=CARTESIAN_POINT('Origin',(-1.20718630858635,-1.75421366506853,-1.79155886760302));
#5911=CARTESIAN_POINT('Origin',(-1.1226465266196,-1.60693568795029,-1.79155886760295));
#5912=CARTESIAN_POINT('',(-1.15991464345908,-1.58920426083876,-1.79155886760294));
#5913=CARTESIAN_POINT('',(-1.1226465266196,-1.60693568795028,-1.79155886760295));
#5914=CARTESIAN_POINT('Origin',(-1.15951928035874,-1.53820579333222,-1.79155886760291));
#5915=CARTESIAN_POINT('',(-1.12198073541061,-1.52105430117121,-1.7915588676029));
#5916=CARTESIAN_POINT('',(-1.15951928035874,-1.53820579333222,-1.79155886760291));
#5917=CARTESIAN_POINT('Origin',(-1.15991464345908,-1.58920426083876,-1.79155886760294));
#5918=CARTESIAN_POINT('Origin',(-1.14258705966533,-1.42027370670809,-1.79155886760285));
#5919=CARTESIAN_POINT('',(-1.18384519965921,-1.41923355074988,-1.79155886760285));
#5920=CARTESIAN_POINT('',(-1.14258705966533,-1.42027370670808,-1.79155886760285));
#5921=CARTESIAN_POINT('Origin',(-1.1431919297205,-1.44426608325184,-1.79155886760286));
#5922=CARTESIAN_POINT('',(-1.120038921115,-1.43798523676875,-1.39155480942797));
#5923=CARTESIAN_POINT('Origin',(-1.57170458176594,-1.56051111341239,-1.39155480942803));
#5924=CARTESIAN_POINT('',(-1.12003892111501,-1.43798523676854,-1.79155480942797));
#5925=CARTESIAN_POINT('',(-1.12002908366397,-1.43798256810803,-1.79155886760286));
#5926=CARTESIAN_POINT('Origin',(-1.57170458176594,-1.56051111341218,-1.79155480942803));
#5927=CARTESIAN_POINT('Origin',(-1.2042269629704,-1.37248332375232,-1.79155886760283));
#5928=CARTESIAN_POINT('',(-1.17690993609184,-1.34154635423868,-1.79155886760281));
#5929=CARTESIAN_POINT('',(-1.2042269629704,-1.37248332375232,-1.79155886760283));
#5930=CARTESIAN_POINT('Origin',(-1.18384519965921,-1.41923355074988,-1.79155886760285));
#5931=CARTESIAN_POINT('Origin',(-1.2275199082891,-1.28002419652719,-1.81342980942789));
#5932=CARTESIAN_POINT('',(-1.23672591069255,-1.25786004710189,-1.79155480942788));
#5933=CARTESIAN_POINT('',(-1.20892323286109,-1.26486918075514,-1.39155480942788));
#5934=CARTESIAN_POINT('Origin',(-1.57170458176594,-1.56051111341239,-1.39155480942803));
#5935=CARTESIAN_POINT('',(-1.20892323286109,-1.26486918075493,-1.79155480942788));
#5936=CARTESIAN_POINT('',(-1.20891533134441,-1.26486274156043,-1.81342980942788));
#5937=CARTESIAN_POINT('Origin',(-1.57170458176594,-1.56051111341218,-1.79155480942803));
#5938=CARTESIAN_POINT('Origin',(-1.57170458176594,-1.56051111341217,-1.81342980942803));
#5939=CARTESIAN_POINT('',(-1.17454121443406,-1.31297178500527,-1.79155480942791));
#5940=CARTESIAN_POINT('',(-1.17454121443406,-1.31297178500548,-1.39155480942791));
#5941=CARTESIAN_POINT('',(-1.17453256406386,-1.31296639350393,-1.79155886760279));
#5942=CARTESIAN_POINT('Origin',(-1.57170458176594,-1.56051111341218,-1.79155480942803));
#5943=CARTESIAN_POINT('Origin',(-1.57170458176594,-1.56051111341239,-1.39155480942803));
#5944=CARTESIAN_POINT('Origin',(-1.23672591069253,-1.25786004710188,-1.79155480942788));
#5945=CARTESIAN_POINT('',(-1.27484016661746,-1.27369101471166,-1.79155480942789));
#5946=CARTESIAN_POINT('Origin',(-1.27484016661745,-1.27369101471169,-1.79155480942789));
#5947=CARTESIAN_POINT('',(-1.31247486430117,-1.23927256718345,-1.79155480942787));
#5948=CARTESIAN_POINT('Origin',(-1.31247486430117,-1.23927256718345,-1.79155480942787));
#5949=CARTESIAN_POINT('',(-1.30010271760688,-1.19989940339986,-1.35405480942785));
#5950=CARTESIAN_POINT('Origin',(-1.57170458176594,-1.56051111341217,-1.81342980942803));
#5951=CARTESIAN_POINT('',(-1.1081944761324,-1.4959135791394,-1.791554809428));
#5952=CARTESIAN_POINT('',(-1.1081944761324,-1.49591357913961,-1.391554809428));
#5953=CARTESIAN_POINT('',(-1.10818438070484,-1.49591217218037,-1.79155886760289));
#5954=CARTESIAN_POINT('Origin',(-1.57170458176594,-1.56051111341218,-1.79155480942803));
#5955=CARTESIAN_POINT('Origin',(-1.57170458176594,-1.56051111341239,-1.39155480942803));
#5956=CARTESIAN_POINT('Origin',(-1.57170458176594,-1.56051111341217,-1.81342980942803));
#5957=CARTESIAN_POINT('',(-1.10925170534918,-1.63228712996648,-1.79155480942807));
#5958=CARTESIAN_POINT('Origin',(-1.57170458176594,-1.56051111341218,-1.79155480942803));
#5959=CARTESIAN_POINT('',(-1.10925170534918,-1.63228712996669,-1.39155480942807));
#5960=CARTESIAN_POINT('',(-1.10924163294846,-1.63228869327561,-1.79155886760296));
#5961=CARTESIAN_POINT('Origin',(-1.57170458176594,-1.56051111341239,-1.39155480942803));
#5962=CARTESIAN_POINT('Origin',(-1.57170458176594,-1.56051111341217,-1.81342980942803));
#5963=CARTESIAN_POINT('',(-1.17842679316831,-1.81417829783754,-1.79155480942816));
#5964=CARTESIAN_POINT('Origin',(-1.57170458176594,-1.56051111341218,-1.79155480942803));
#5965=CARTESIAN_POINT('',(-1.17842679316831,-1.81417829783775,-1.39155480942816));
#5966=CARTESIAN_POINT('',(-1.17841822742748,-1.81418382280595,-1.79155886760305));
#5967=CARTESIAN_POINT('Origin',(-1.57170458176594,-1.56051111341239,-1.39155480942803));
#5968=CARTESIAN_POINT('Origin',(-1.57170458176594,-1.56051111341217,-1.81342980942803));
#5969=CARTESIAN_POINT('',(-1.31560318345251,-1.95220810502744,-1.79155480942824));
#5970=CARTESIAN_POINT('Origin',(-1.57170458176594,-1.56051111341218,-1.79155480942803));
#5971=CARTESIAN_POINT('',(-1.31560318345251,-1.95220810502764,-1.39155480942824));
#5972=CARTESIAN_POINT('',(-1.31559760546599,-1.9522166363379,-1.79155886760312));
#5973=CARTESIAN_POINT('Origin',(-1.57170458176594,-1.56051111341239,-1.39155480942803));
#5974=CARTESIAN_POINT('Origin',(-1.57170458176594,-1.56051111341217,-1.81342980942803));
#5975=CARTESIAN_POINT('',(-1.49706183211327,-2.02250994391159,-1.79155480942827));
#5976=CARTESIAN_POINT('Origin',(-1.57170458176594,-1.56051111341218,-1.79155480942803));
#5977=CARTESIAN_POINT('',(-1.49706183211327,-2.0225099439118,-1.39155480942827));
#5978=CARTESIAN_POINT('',(-1.4970602063656,-2.02252000642302,-1.79155886760316));
#5979=CARTESIAN_POINT('Origin',(-1.57170458176594,-1.56051111341239,-1.39155480942803));
#5980=CARTESIAN_POINT('Origin',(-1.57170458176594,-1.56051111341217,-1.81342980942803));
#5981=CARTESIAN_POINT('Origin',(-1.57170458176594,-1.56051111341218,-1.79155480942803));
#5982=CARTESIAN_POINT('Origin',(-1.57170458176594,-1.56051111341239,-1.39155480942803));
#5983=CARTESIAN_POINT('Origin',(-1.57170458176594,-1.56051111341217,-1.81342980942803));
#5984=CARTESIAN_POINT('Origin',(-1.57170458176594,-1.56051111341218,-1.79155480942803));
#5985=CARTESIAN_POINT('Origin',(-1.57170458176594,-1.56051111341239,-1.39155480942803));
#5986=CARTESIAN_POINT('Origin',(-1.57170458176594,-1.56051111341217,-1.81342980942803));
#5987=CARTESIAN_POINT('Origin',(-1.57170458176594,-1.56051111341218,-1.79155480942803));
#5988=CARTESIAN_POINT('Origin',(-1.57170458176594,-1.56051111341239,-1.39155480942803));
#5989=CARTESIAN_POINT('Origin',(-1.57170458176594,-1.56051111341217,-1.81342980942803));
#5990=CARTESIAN_POINT('Origin',(-1.57170458176594,-1.56051111341218,-1.79155480942803));
#5991=CARTESIAN_POINT('Origin',(-1.57170458176594,-1.56051111341239,-1.39155480942803));
#5992=CARTESIAN_POINT('Origin',(-1.57170458176594,-1.56051111341217,-1.81342980942803));
#5993=CARTESIAN_POINT('Origin',(-1.57170458176594,-1.56051111341218,-1.79155480942803));
#5994=CARTESIAN_POINT('Origin',(-1.57170458176594,-1.56051111341239,-1.39155480942803));
#5995=CARTESIAN_POINT('Origin',(-1.57170458176594,-1.56051111341217,-1.81342980942803));
#5996=CARTESIAN_POINT('Origin',(-1.57170458176594,-1.56051111341218,-1.79155480942803));
#5997=CARTESIAN_POINT('Origin',(-1.57170458176594,-1.56051111341239,-1.39155480942803));
#5998=CARTESIAN_POINT('Origin',(-1.57170458176594,-1.56051111341217,-1.81342980942803));
#5999=CARTESIAN_POINT('Origin',(-1.57170458176594,-1.56051111341218,-1.79155480942803));
#6000=CARTESIAN_POINT('Origin',(-1.57170458176594,-1.56051111341239,-1.39155480942803));
#6001=CARTESIAN_POINT('Origin',(-1.41716568788341,-1.17774227941763,-1.79155480942784));
#6002=CARTESIAN_POINT('',(-1.44135581334653,-1.16967457651793,-1.52068866769479));
#6003=CARTESIAN_POINT('Origin',(-1.44135581334652,-1.16967457651789,-1.59155480942707));
#6004=CARTESIAN_POINT('Origin',(-1.44135581334652,-1.16967457651789,-1.59155480942707));
#6005=CARTESIAN_POINT('Origin',(-1.32299894539028,-1.19270476975429,-1.81342980942784));
#6006=CARTESIAN_POINT('Origin',(-1.57170458176594,-1.56051111341218,-1.79155480942803));
#6007=CARTESIAN_POINT('Origin',(-1.57170458176594,-1.56051111341239,-1.39155480942803));
#6008=CARTESIAN_POINT('Origin',(-1.19490035984345,-1.32566099452486,-1.7915588676028));
#6009=CARTESIAN_POINT('Origin',(-1.57170458176594,-1.56051111341218,-1.79155480942803));
#6010=CARTESIAN_POINT('Origin',(-1.57170458176594,-1.56051111341239,-1.39155480942803));
#6011=CARTESIAN_POINT('Origin',(-1.13195464742592,-1.49922493839739,-1.79155886760289));
#6012=CARTESIAN_POINT('Origin',(-1.57170458176594,-1.56051111341218,-1.79155480942803));
#6013=CARTESIAN_POINT('Origin',(-1.57170458176594,-1.56051111341239,-1.39155480942803));
#6014=CARTESIAN_POINT('Origin',(-1.13295768160578,-1.62860779174415,-1.79155886760296));
#6015=CARTESIAN_POINT('Origin',(-1.57170458176594,-1.56051111341218,-1.79155480942803));
#6016=CARTESIAN_POINT('Origin',(-1.57170458176594,-1.56051111341239,-1.39155480942803));
#6017=CARTESIAN_POINT('Origin',(-1.19858675841921,-1.80117496591396,-1.79155886760305));
#6018=CARTESIAN_POINT('Origin',(-1.57170458176594,-1.56051111341239,-1.39155480942803));
#6019=CARTESIAN_POINT('Origin',(-1.57170458176594,-1.56051111341218,-1.79155480942803));
#6020=CARTESIAN_POINT('Origin',(-1.3287312965583,-1.93212917362375,-1.79155886760311));
#6021=CARTESIAN_POINT('Origin',(-1.57170458176594,-1.56051111341239,-1.39155480942803));
#6022=CARTESIAN_POINT('Origin',(-1.57170458176594,-1.56051111341218,-1.79155480942803));
#6023=CARTESIAN_POINT('Origin',(-1.5008881230528,-1.99882724267887,-1.79155886760315));
#6024=CARTESIAN_POINT('Origin',(-1.57170458176594,-1.56051111341239,-1.39155480942803));
#6025=CARTESIAN_POINT('Origin',(-1.57170458176594,-1.56051111341218,-1.79155480942803));
#6026=CARTESIAN_POINT('Origin',(-1.57170458176594,-1.56051111341218,-1.79155480942803));
#6027=CARTESIAN_POINT('',(-1.01556633831765,-1.64307263435821,-1.813146348305));
#6028=CARTESIAN_POINT('',(-2.12784282521424,-1.47794959246612,-1.81314634830492));
#6029=CARTESIAN_POINT('Origin',(-1.57170458176594,-1.56051111341217,-1.81314634830496));
#6030=CARTESIAN_POINT('Origin',(-1.57170458176594,-1.56051111341217,-1.81314634830496));
#6031=CARTESIAN_POINT('',(-1.10878805939551,-1.62923340073589,-1.79155480942807));
#6032=CARTESIAN_POINT('Origin',(-1.57170458176594,-1.56051111341216,-1.82289380436514));
#6033=CARTESIAN_POINT('Origin',(-2.12563385255,-1.47827752557454,-1.82289380436509));
#6034=CARTESIAN_POINT('Origin',(-1.57170458176594,-1.56051111341215,-1.85035480942803));
#6035=CARTESIAN_POINT('',(-1.68981481798642,-1.56051111341241,-1.8503548094281));
#6036=CARTESIAN_POINT('',(-1.58904856120301,-1.67734096523668,-1.85035480942809));
#6037=CARTESIAN_POINT('Origin',(-1.57170458176594,-1.56051111341215,-1.85035480942803));
#6038=CARTESIAN_POINT('Origin',(-1.57170458176594,-1.56051111341215,-1.85035480942803));
#6039=CARTESIAN_POINT('',(-1.58904856120301,-1.67734096523668,-1.85035480942809));
#6040=CARTESIAN_POINT('Origin',(-1.57170458176594,-1.56051111341239,-1.39155480942803));
#6041=CARTESIAN_POINT('',(-1.10878805939551,-1.6292334007361,-1.39155480942807));
#6042=CARTESIAN_POINT('Origin',(-1.41716568788341,-1.17774227941763,-1.79155480942784));
#6043=CARTESIAN_POINT('Origin',(-1.44135581334652,-1.16967457651789,-1.59155480942707));
#6044=CARTESIAN_POINT('Origin',(-1.37867093958967,-0.981720833096577,-1.59155480942707));
#6045=CARTESIAN_POINT('',(-1.4778201059969,-1.27900877301696,-1.52068866769479));
#6046=CARTESIAN_POINT('',(-1.37867093958967,-0.981720833096577,-1.52068866769479));
#6047=CARTESIAN_POINT('Origin',(-1.4778201059969,-1.27900877301696,-1.59155480942707));
#6048=CARTESIAN_POINT('Origin',(-1.391312561944,-1.39916435409323,-1.71163354958455));
#6049=CARTESIAN_POINT('',(-1.61913372193324,-1.32318320898216,-1.71163354958455));
#6050=CARTESIAN_POINT('',(-1.59173068599151,-1.24101820046145,-1.71163354958455));
#6051=CARTESIAN_POINT('',(-1.61913372193324,-1.32318320898216,-1.71163354958455));
#6052=CARTESIAN_POINT('',(-1.391312561944,-1.39916435409323,-1.71163354958455));
#6053=CARTESIAN_POINT('',(-1.61913372193324,-1.32318320898216,-1.71163354958455));
#6054=CARTESIAN_POINT('',(-1.36390952600228,-1.31699934557252,-1.71163354958455));
#6055=CARTESIAN_POINT('',(-1.391312561944,-1.39916435409323,-1.71163354958455));
#6056=CARTESIAN_POINT('',(-1.59173068599151,-1.24101820046145,-1.71163354958455));
#6057=CARTESIAN_POINT('Origin',(-1.61913372193322,-1.32318320898211,-1.47147606926959));
#6058=CARTESIAN_POINT('',(-1.61913372193322,-1.32318320898211,-1.30338473068707));
#6059=CARTESIAN_POINT('',(-1.61913372193322,-1.32318320898211,-1.47147606926959));
#6060=CARTESIAN_POINT('',(-1.391312561944,-1.39916435409323,-1.30338473068707));
#6061=CARTESIAN_POINT('',(-1.56217843193587,-1.3421784952599,-1.30338473068707));
#6062=CARTESIAN_POINT('',(-1.391312561944,-1.39916435409323,-1.47147606926959));
#6063=CARTESIAN_POINT('Origin',(-1.5917306859915,-1.2410182004614,-1.47147606926959));
#6064=CARTESIAN_POINT('',(-1.59173068599149,-1.2410182004614,-1.30338473068707));
#6065=CARTESIAN_POINT('',(-1.59173068599149,-1.2410182004614,-1.47147606926959));
#6066=CARTESIAN_POINT('',(-1.63867292387607,-1.38176937065911,-1.30338473068707));
#6067=CARTESIAN_POINT('Origin',(-1.391312561944,-1.39916435409323,-1.47147606926959));
#6068=CARTESIAN_POINT('',(-1.36390952600228,-1.31699934557252,-1.30338473068707));
#6069=CARTESIAN_POINT('',(-1.42455328185771,-1.49883302003059,-1.30338473068707));
#6070=CARTESIAN_POINT('',(-1.36390952600228,-1.31699934557252,-1.47147606926959));
#6071=CARTESIAN_POINT('Origin',(-1.36390952600228,-1.31699934557252,-1.47147606926959));
#6072=CARTESIAN_POINT('',(-1.42086481599954,-1.29800405929476,-1.30338473068707));
#6073=CARTESIAN_POINT('Origin',(-1.57170458176594,-1.56051111341241,-1.34275480942723));
#6074=CARTESIAN_POINT('',(-1.57532583668576,-1.44245640400672,-1.30338473068707));
#6075=CARTESIAN_POINT('',(-1.68981481798642,-1.56051111341241,-1.30338473068707));
#6076=CARTESIAN_POINT('Origin',(-1.57170458176594,-1.56051111341241,-1.30338473068707));
#6077=CARTESIAN_POINT('Origin',(-1.57170458176594,-1.56051111341241,-1.30338473068707));
#6078=CARTESIAN_POINT('',(-1.68981481798642,-1.56051111341241,-1.34275480942723));
#6079=CARTESIAN_POINT('Origin',(-1.57170458176594,-1.56051111341241,-1.34275480942723));
#6080=CARTESIAN_POINT('',(-2.14145203782612,-1.56051111341241,-1.30338473068707));
#6081=CARTESIAN_POINT('Origin',(-1.57170458176594,-1.56051111341241,-1.30338473068707));
#6082=CARTESIAN_POINT('',(-2.14145203782612,-1.56051111341241,-1.34275480942723));
#6083=CARTESIAN_POINT('Origin',(-1.57170458176594,-1.56051111341241,-1.30338473068707));
#6084=CARTESIAN_POINT('Origin',(-1.57170458176594,-1.56051111341215,-1.86035480942803));
#6085=CARTESIAN_POINT('',(-1.95649853926811,-1.50338651398659,-1.8213548094272));
#6086=CARTESIAN_POINT('Origin',(-1.57170458176594,-1.56051111341217,-1.82135480942723));
#6087=CARTESIAN_POINT('',(-1.95649853926811,-1.5033865139866,-1.791554809428));
#6088=CARTESIAN_POINT('',(-1.95649853926811,-1.50338651398657,-1.860354809428));
#6089=CARTESIAN_POINT('Origin',(-1.57170458176594,-1.56051111341218,-1.79155480942803));
#6090=CARTESIAN_POINT('Origin',(-2.06276284606175,-0.816430071162583,-1.79155480942765));
#6091=CARTESIAN_POINT('',(-1.51466384094515,-1.17628203137047,-1.79155480942784));
#6092=CARTESIAN_POINT('Origin',(-1.57170458176594,-1.56051111341218,-1.79155480942803));
#6093=CARTESIAN_POINT('Origin',(-1.57170458176594,-1.56051111341215,-1.86035480942803));
#6094=CARTESIAN_POINT('',(-1.51466384094515,-1.17628203137046,-1.82135480942703));
#6095=CARTESIAN_POINT('',(-1.51466384094515,-1.17628203137044,-1.86035480942784));
#6096=CARTESIAN_POINT('Origin',(-1.57170458176594,-1.56051111341217,-1.82135480942723));
#6097=CARTESIAN_POINT('Origin',(-1.57170458176594,-1.56051111341216,-1.82135480942723));
#6098=UNCERTAINTY_MEASURE_WITH_UNIT(LENGTH_MEASURE(0.000393700787401575),
#6103,'DISTANCE_ACCURACY_VALUE',
'Maximum model space distance between geometric entities at asserted c
onnectivities');
#6099=UNCERTAINTY_MEASURE_WITH_UNIT(LENGTH_MEASURE(0.000393700787401575),
#6103,'DISTANCE_ACCURACY_VALUE',
'Maximum model space distance between geometric entities at asserted c
onnectivities');
#6100=(
GEOMETRIC_REPRESENTATION_CONTEXT(3)
GLOBAL_UNCERTAINTY_ASSIGNED_CONTEXT((#6098))
GLOBAL_UNIT_ASSIGNED_CONTEXT((#6103,#6107,#6108))
REPRESENTATION_CONTEXT('','3D')
);
#6101=(
GEOMETRIC_REPRESENTATION_CONTEXT(3)
GLOBAL_UNCERTAINTY_ASSIGNED_CONTEXT((#6099))
GLOBAL_UNIT_ASSIGNED_CONTEXT((#6103,#6107,#6108))
REPRESENTATION_CONTEXT('','3D')
);
#6102=DIMENSIONAL_EXPONENTS(1.,0.,0.,0.,0.,0.,0.);
#6103=(
CONVERSION_BASED_UNIT('inch',#6106)
LENGTH_UNIT()
NAMED_UNIT(#6102)
);
#6104=(
LENGTH_UNIT()
NAMED_UNIT(*)
SI_UNIT(.MILLI.,.METRE.)
);
#6105=(
LENGTH_UNIT()
NAMED_UNIT(*)
SI_UNIT($,.METRE.)
);
#6106=LENGTH_MEASURE_WITH_UNIT(LENGTH_MEASURE(25.4),#6104);
#6107=(
NAMED_UNIT(*)
PLANE_ANGLE_UNIT()
SI_UNIT($,.RADIAN.)
);
#6108=(
NAMED_UNIT(*)
SI_UNIT($,.STERADIAN.)
SOLID_ANGLE_UNIT()
);
#6109=SHAPE_DEFINITION_REPRESENTATION(#6110,#6111);
#6110=PRODUCT_DEFINITION_SHAPE('',$,#6113);
#6111=SHAPE_REPRESENTATION('',(#3203),#6100);
#6112=PRODUCT_DEFINITION_CONTEXT('part definition',#6117,'design');
#6113=PRODUCT_DEFINITION('Lifter Pulley','Lifter Pulley',#6114,#6112);
#6114=PRODUCT_DEFINITION_FORMATION('',$,#6119);
#6115=PRODUCT_RELATED_PRODUCT_CATEGORY('Lifter Pulley','Lifter Pulley',
(#6119));
#6116=APPLICATION_PROTOCOL_DEFINITION('international standard',
'automotive_design',2009,#6117);
#6117=APPLICATION_CONTEXT(
'Core Data for Automotive Mechanical Design Process');
#6118=PRODUCT_CONTEXT('part definition',#6117,'mechanical');
#6119=PRODUCT('Lifter Pulley','Lifter Pulley',$,(#6118));
#6120=PRESENTATION_STYLE_ASSIGNMENT((#6122));
#6121=PRESENTATION_STYLE_ASSIGNMENT((#6123));
#6122=SURFACE_STYLE_USAGE(.BOTH.,#6124);
#6123=SURFACE_STYLE_USAGE(.BOTH.,#6125);
#6124=SURFACE_SIDE_STYLE('',(#6126));
#6125=SURFACE_SIDE_STYLE('',(#6127));
#6126=SURFACE_STYLE_FILL_AREA(#6128);
#6127=SURFACE_STYLE_FILL_AREA(#6129);
#6128=FILL_AREA_STYLE('Steel - Satin',(#6130));
#6129=FILL_AREA_STYLE('Opaque(255,255,255)',(#6131));
#6130=FILL_AREA_STYLE_COLOUR('Steel - Satin',#6132);
#6131=FILL_AREA_STYLE_COLOUR('Opaque(255,255,255)',#6133);
#6132=COLOUR_RGB('Steel - Satin',0.627450980392157,0.627450980392157,0.627450980392157);
#6133=COLOUR_RGB('Opaque(255,255,255)',1.,1.,1.);
ENDSEC;
END-ISO-10303-21;
