ISO-10303-21;
HEADER;
/* Generated by software containing ST-Developer
 * from STEP Tools, Inc. (www.steptools.com) 
 */

FILE_DESCRIPTION(
/* description */ (''),
/* implementation_level */ '2;1');

FILE_NAME(
/* name */ 'Lifter Pulleyv2.step',
/* time_stamp */ '2026-05-08T12:07:57-04:00',
/* author */ (''),
/* organization */ (''),
/* preprocessor_version */ 'ST-DEVELOPER v20.1',
/* originating_system */ 'Autodesk Translation Framework v15.8.0.0',
/* authorisation */ '');

FILE_SCHEMA (('AUTOMOTIVE_DESIGN { 1 0 10303 214 3 1 1 }'));
ENDSEC;

DATA;
#10=MECHANICAL_DESIGN_GEOMETRIC_PRESENTATION_REPRESENTATION('',(#13),#6219);
#11=SHAPE_REPRESENTATION_RELATIONSHIP('SRR','None',#6229,#12);
#12=ADVANCED_BREP_SHAPE_REPRESENTATION('',(#3271),#6218);
#13=STYLED_ITEM('',(#6239),#3271);
#14=TOROIDAL_SURFACE('',#3628,0.56,0.00999999999999999);
#15=CONICAL_SURFACE('',#3328,0.569747456060174,0.225217286677353);
#16=CONICAL_SURFACE('',#3337,0.569747456060174,0.225217286677353);
#17=CONICAL_SURFACE('',#3625,0.467989807002825,1.34557904011754);
#18=CONICAL_SURFACE('',#3630,0.118110236220472,0.785398163397454);
#19=CONICAL_SURFACE('',#3633,0.467989807002825,1.34557904011754);
#20=B_SPLINE_CURVE_WITH_KNOTS('',3,(#4714,#4715,#4716,#4717),
 .UNSPECIFIED.,.F.,.F.,(4,4),(0.941683484842212,1.21267375172726),
 .UNSPECIFIED.);
#21=B_SPLINE_CURVE_WITH_KNOTS('',3,(#4719,#4720,#4721,#4722,#4723,#4724,
#4725),.UNSPECIFIED.,.F.,.F.,(4,3,4),(0.,0.0230597220018834,0.0458388190425639),
 .UNSPECIFIED.);
#22=B_SPLINE_CURVE_WITH_KNOTS('',3,(#4726,#4727,#4728,#4729),
 .UNSPECIFIED.,.F.,.F.,(4,4),(-1.17069707876807,-0.941683484842212),
 .UNSPECIFIED.);
#23=B_SPLINE_CURVE_WITH_KNOTS('',3,(#4770,#4771,#4772,#4773,#4774,#4775,
#4776,#4777,#4778),.UNSPECIFIED.,.F.,.F.,(4,2,2,1,4),(-0.298849628245747,
-0.292431974435284,-0.256849927804389,-0.237847594439391,-0.225179372196059),
 .UNSPECIFIED.);
#24=B_SPLINE_CURVE_WITH_KNOTS('',3,(#4781,#4782,#4783,#4784,#4785,#4786,
#4787,#4788,#4789),.UNSPECIFIED.,.F.,.F.,(4,1,2,2,4),(0.225179372196059,
0.237847594439391,0.256849927804389,0.292431974435284,0.298849628245747),
 .UNSPECIFIED.);
#25=B_SPLINE_CURVE_WITH_KNOTS('',3,(#4806,#4807,#4808,#4809),
 .UNSPECIFIED.,.F.,.F.,(4,4),(0.919825343989343,0.941683484842915),
 .UNSPECIFIED.);
#26=B_SPLINE_CURVE_WITH_KNOTS('',3,(#4810,#4811,#4812,#4813),
 .UNSPECIFIED.,.F.,.F.,(4,4),(-0.941683484842915,-0.919825343989343),
 .UNSPECIFIED.);
#27=B_SPLINE_CURVE_WITH_KNOTS('',3,(#4834,#4835,#4836,#4837),
 .UNSPECIFIED.,.F.,.F.,(4,4),(-1.13463130496434,-1.03867893630126),
 .UNSPECIFIED.);
#28=B_SPLINE_CURVE_WITH_KNOTS('',3,(#4840,#4841,#4842,#4843),
 .UNSPECIFIED.,.F.,.F.,(4,4),(1.03867893630126,1.13463130496434),
 .UNSPECIFIED.);
#29=B_SPLINE_CURVE_WITH_KNOTS('',3,(#4868,#4869,#4870,#4871,#4872,#4873),
 .UNSPECIFIED.,.F.,.F.,(4,2,4),(-0.350582148153852,-0.328014021066178,-0.298849628245046),
 .UNSPECIFIED.);
#30=B_SPLINE_CURVE_WITH_KNOTS('',3,(#4874,#4875,#4876,#4877,#4878,#4879),
 .UNSPECIFIED.,.F.,.F.,(4,2,4),(0.298849628245046,0.328014021066178,0.350582148153852),
 .UNSPECIFIED.);
#31=B_SPLINE_CURVE_WITH_KNOTS('',3,(#4920,#4921,#4922,#4923,#4924,#4925,
#4926,#4927,#4928),.UNSPECIFIED.,.F.,.F.,(4,2,1,1,1,4),(0.499506600410182,
0.505924254220649,0.532825295116342,0.553001075788112,0.559726336012035,
0.573176856459881),.UNSPECIFIED.);
#32=B_SPLINE_CURVE_WITH_KNOTS('',3,(#4931,#4932,#4933,#4934,#4935,#4936,
#4937,#4938,#4939),.UNSPECIFIED.,.F.,.F.,(4,1,1,1,2,4),(-0.573176856459881,
-0.559726336012035,-0.553001075788112,-0.532825295116342,-0.505924254220649,
-0.499506600410182),.UNSPECIFIED.);
#33=B_SPLINE_CURVE_WITH_KNOTS('',3,(#4964,#4965,#4966,#4967,#4968,#4969),
 .UNSPECIFIED.,.F.,.F.,(4,2,4),(-0.499506600410881,-0.470342207589755,-0.447774080502098),
 .UNSPECIFIED.);
#34=B_SPLINE_CURVE_WITH_KNOTS('',3,(#4970,#4971,#4972,#4973,#4974,#4975),
 .UNSPECIFIED.,.F.,.F.,(4,2,4),(0.447774080502098,0.470342207589755,0.499506600410881),
 .UNSPECIFIED.);
#35=B_SPLINE_CURVE_WITH_KNOTS('',3,(#4996,#4997,#4998,#4999),
 .UNSPECIFIED.,.F.,.F.,(4,4),(0.941683485210778,1.17069707876837),
 .UNSPECIFIED.);
#36=B_SPLINE_CURVE_WITH_KNOTS('',3,(#5001,#5002,#5003,#5004,#5005,#5006,
#5007),.UNSPECIFIED.,.F.,.F.,(4,3,4),(0.,0.0227490614231081,0.0458397501163956),
 .UNSPECIFIED.);
#37=B_SPLINE_CURVE_WITH_KNOTS('',3,(#5008,#5009,#5010,#5011),
 .UNSPECIFIED.,.F.,.F.,(4,4),(-1.21267375172761,-0.941683485210778),
 .UNSPECIFIED.);
#38=B_SPLINE_CURVE_WITH_KNOTS('',3,(#5028,#5029,#5030,#5031),
 .UNSPECIFIED.,.F.,.F.,(4,4),(-0.941683485210882,-0.919825343989605),
 .UNSPECIFIED.);
#39=B_SPLINE_CURVE_WITH_KNOTS('',3,(#5032,#5033,#5034,#5035),
 .UNSPECIFIED.,.F.,.F.,(4,4),(0.919825343989605,0.941683485210882),
 .UNSPECIFIED.);
#40=B_SPLINE_CURVE_WITH_KNOTS('',3,(#5086,#5087,#5088,#5089),
 .UNSPECIFIED.,.F.,.F.,(4,4),(-2.19990917003016,-1.92891890186186),
 .UNSPECIFIED.);
#41=B_SPLINE_CURVE_WITH_KNOTS('',3,(#5091,#5092,#5093,#5094,#5095,#5096,
#5097),.UNSPECIFIED.,.F.,.F.,(4,3,4),(0.,0.0230519485966898,0.0458388196241624),
 .UNSPECIFIED.);
#42=B_SPLINE_CURVE_WITH_KNOTS('',3,(#5098,#5099,#5100,#5101),
 .UNSPECIFIED.,.F.,.F.,(4,4),(1.97089556767187,2.19990917003016),
 .UNSPECIFIED.);
#43=B_SPLINE_CURVE_WITH_KNOTS('',3,(#5142,#5143,#5144,#5145,#5146,#5147,
#5148,#5149,#5150),.UNSPECIFIED.,.F.,.F.,(4,2,2,1,4),(-0.69802774257378,
-0.691610088763335,-0.656028042132437,-0.643359819889096,-0.624357486524086),
 .UNSPECIFIED.);
#44=B_SPLINE_CURVE_WITH_KNOTS('',3,(#5153,#5154,#5155,#5156,#5157,#5158,
#5159,#5160,#5161),.UNSPECIFIED.,.F.,.F.,(4,1,2,2,4),(0.624357486524086,
0.643359819889096,0.656028042132437,0.691610088763335,0.69802774257378),
 .UNSPECIFIED.);
#45=B_SPLINE_CURVE_WITH_KNOTS('',3,(#5178,#5179,#5180,#5181),
 .UNSPECIFIED.,.F.,.F.,(4,4),(-2.22176730959998,-2.19990917002738),
 .UNSPECIFIED.);
#46=B_SPLINE_CURVE_WITH_KNOTS('',3,(#5182,#5183,#5184,#5185),
 .UNSPECIFIED.,.F.,.F.,(4,4),(2.19990917002738,2.22176730959998),
 .UNSPECIFIED.);
#47=B_SPLINE_CURVE_WITH_KNOTS('',3,(#5214,#5215,#5216,#5217,#5218,#5219),
 .UNSPECIFIED.,.F.,.F.,(4,2,4),(-0.591303744647984,-0.543327560316387,-0.495351375984792),
 .UNSPECIFIED.);
#48=B_SPLINE_CURVE_WITH_KNOTS('',3,(#5222,#5223,#5224,#5225,#5226,#5227),
 .UNSPECIFIED.,.F.,.F.,(4,2,4),(0.495351375984792,0.543327560316387,0.591303744647984),
 .UNSPECIFIED.);
#49=B_SPLINE_CURVE_WITH_KNOTS('',3,(#5252,#5253,#5254,#5255,#5256,#5257),
 .UNSPECIFIED.,.F.,.F.,(4,2,4),(-0.749760262481852,-0.727192135394232,-0.698027742573081),
 .UNSPECIFIED.);
#50=B_SPLINE_CURVE_WITH_KNOTS('',3,(#5258,#5259,#5260,#5261,#5262,#5263),
 .UNSPECIFIED.,.F.,.F.,(4,2,4),(0.698027742573081,0.727192135394232,0.749760262481852),
 .UNSPECIFIED.);
#51=B_SPLINE_CURVE_WITH_KNOTS('',3,(#5304,#5305,#5306,#5307,#5308,#5309,
#5310,#5311,#5312),.UNSPECIFIED.,.F.,.F.,(4,2,2,1,4),(0.10032848608225,
0.106746139892694,0.142328186523592,0.154996408766929,0.173998742131934),
 .UNSPECIFIED.);
#52=B_SPLINE_CURVE_WITH_KNOTS('',3,(#5315,#5316,#5317,#5318,#5319,#5320,
#5321,#5322,#5323),.UNSPECIFIED.,.F.,.F.,(4,1,2,2,4),(-0.173998742131934,
-0.154996408766929,-0.142328186523592,-0.106746139892694,-0.10032848608225),
 .UNSPECIFIED.);
#53=B_SPLINE_CURVE_WITH_KNOTS('',3,(#5340,#5341,#5342,#5343),
 .UNSPECIFIED.,.F.,.F.,(4,4),(-0.100328486082949,-0.0485959661741765),
 .UNSPECIFIED.);
#54=B_SPLINE_CURVE_WITH_KNOTS('',3,(#5344,#5345,#5346,#5347),
 .UNSPECIFIED.,.F.,.F.,(4,4),(0.0485959661741765,0.100328486082949),
 .UNSPECIFIED.);
#55=B_SPLINE_CURVE_WITH_KNOTS('',3,(#5368,#5369,#5370,#5371),
 .UNSPECIFIED.,.F.,.F.,(4,4),(-2.19990917003065,-1.97089556767228),
 .UNSPECIFIED.);
#56=B_SPLINE_CURVE_WITH_KNOTS('',3,(#5373,#5374,#5375,#5376,#5377,#5378,
#5379),.UNSPECIFIED.,.F.,.F.,(4,3,4),(0.,0.0227425784333379,0.0458397496789201),
 .UNSPECIFIED.);
#57=B_SPLINE_CURVE_WITH_KNOTS('',3,(#5380,#5381,#5382,#5383),
 .UNSPECIFIED.,.F.,.F.,(4,4),(1.92891890186235,2.19990917003065),
 .UNSPECIFIED.);
#58=B_SPLINE_CURVE_WITH_KNOTS('',3,(#5400,#5401,#5402,#5403),
 .UNSPECIFIED.,.F.,.F.,(4,4),(2.19990917002786,2.2217673096004),
 .UNSPECIFIED.);
#59=B_SPLINE_CURVE_WITH_KNOTS('',3,(#5404,#5405,#5406,#5407),
 .UNSPECIFIED.,.F.,.F.,(4,4),(-2.2217673096004,-2.19990917002786),
 .UNSPECIFIED.);
#60=B_SPLINE_CURVE_WITH_KNOTS('',3,(#5452,#5453,#5454,#5455,#5456,#5457),
 .UNSPECIFIED.,.F.,.F.,(4,2,4),(0.534840895709827,0.557922028935571,0.581003162161315),
 .UNSPECIFIED.);
#61=B_SPLINE_CURVE_WITH_KNOTS('',3,(#5458,#5459,#5460,#5461,#5462,#5463,
#5464),.UNSPECIFIED.,.F.,.F.,(4,3,4),(1.05083290186233,1.11584405787114,
1.18085521387995),.UNSPECIFIED.);
#62=B_SPLINE_SURFACE_WITH_KNOTS('',3,3,((#4694,#4695,#4696,#4697),(#4698,
#4699,#4700,#4701),(#4702,#4703,#4704,#4705),(#4706,#4707,#4708,#4709)),
 .UNSPECIFIED.,.F.,.F.,.F.,(4,4),(4,4),(0.,1.),(-1.21267375172726,-0.941683484842212),
 .UNSPECIFIED.);
#63=B_SPLINE_SURFACE_WITH_KNOTS('',3,3,((#4730,#4731,#4732,#4733,#4734,
#4735,#4736,#4737,#4738),(#4739,#4740,#4741,#4742,#4743,#4744,#4745,#4746,
#4747),(#4748,#4749,#4750,#4751,#4752,#4753,#4754,#4755,#4756),(#4757,#4758,
#4759,#4760,#4761,#4762,#4763,#4764,#4765)),.UNSPECIFIED.,.F.,.F.,.F.,(4,
4),(4,1,2,2,4),(0.,1.),(0.225179372196059,0.237847594439391,0.256849927804389,
0.292431974435284,0.298849628245747),.UNSPECIFIED.);
#64=B_SPLINE_SURFACE_WITH_KNOTS('',3,3,((#4790,#4791,#4792,#4793),(#4794,
#4795,#4796,#4797),(#4798,#4799,#4800,#4801),(#4802,#4803,#4804,#4805)),
 .UNSPECIFIED.,.F.,.F.,.F.,(4,4),(4,4),(0.,1.),(-0.941683484842915,-0.919825343989343),
 .UNSPECIFIED.);
#65=B_SPLINE_SURFACE_WITH_KNOTS('',3,3,((#4814,#4815,#4816,#4817),(#4818,
#4819,#4820,#4821),(#4822,#4823,#4824,#4825),(#4826,#4827,#4828,#4829)),
 .UNSPECIFIED.,.F.,.F.,.F.,(4,4),(4,4),(0.,1.),(1.03867893630126,1.13463130496434),
 .UNSPECIFIED.);
#66=B_SPLINE_SURFACE_WITH_KNOTS('',3,3,((#4844,#4845,#4846,#4847,#4848,
#4849),(#4850,#4851,#4852,#4853,#4854,#4855),(#4856,#4857,#4858,#4859,#4860,
#4861),(#4862,#4863,#4864,#4865,#4866,#4867)),.UNSPECIFIED.,.F.,.F.,.F.,
(4,4),(4,2,4),(0.,1.),(0.298849628245046,0.328014021066178,0.350582148153852),
 .UNSPECIFIED.);
#67=B_SPLINE_SURFACE_WITH_KNOTS('',3,3,((#4880,#4881,#4882,#4883,#4884,
#4885,#4886,#4887,#4888),(#4889,#4890,#4891,#4892,#4893,#4894,#4895,#4896,
#4897),(#4898,#4899,#4900,#4901,#4902,#4903,#4904,#4905,#4906),(#4907,#4908,
#4909,#4910,#4911,#4912,#4913,#4914,#4915)),.UNSPECIFIED.,.F.,.F.,.F.,(4,
4),(4,2,1,1,1,4),(0.,1.),(0.499506600410182,0.505924254220649,0.532825295116342,
0.553001075788112,0.559726336012035,0.573176856459881),.UNSPECIFIED.);
#68=B_SPLINE_SURFACE_WITH_KNOTS('',3,3,((#4940,#4941,#4942,#4943,#4944,
#4945),(#4946,#4947,#4948,#4949,#4950,#4951),(#4952,#4953,#4954,#4955,#4956,
#4957),(#4958,#4959,#4960,#4961,#4962,#4963)),.UNSPECIFIED.,.F.,.F.,.F.,
(4,4),(4,2,4),(0.,1.),(0.447774080502098,0.470342207589755,0.499506600410881),
 .UNSPECIFIED.);
#69=B_SPLINE_SURFACE_WITH_KNOTS('',3,3,((#4976,#4977,#4978,#4979),(#4980,
#4981,#4982,#4983),(#4984,#4985,#4986,#4987),(#4988,#4989,#4990,#4991)),
 .UNSPECIFIED.,.F.,.F.,.F.,(4,4),(4,4),(0.,1.),(0.941683485210778,1.21267375172761),
 .UNSPECIFIED.);
#70=B_SPLINE_SURFACE_WITH_KNOTS('',3,3,((#5012,#5013,#5014,#5015),(#5016,
#5017,#5018,#5019),(#5020,#5021,#5022,#5023),(#5024,#5025,#5026,#5027)),
 .UNSPECIFIED.,.F.,.F.,.F.,(4,4),(4,4),(0.,1.),(0.919825343989605,0.941683485210882),
 .UNSPECIFIED.);
#71=B_SPLINE_SURFACE_WITH_KNOTS('',3,3,((#5066,#5067,#5068,#5069),(#5070,
#5071,#5072,#5073),(#5074,#5075,#5076,#5077),(#5078,#5079,#5080,#5081)),
 .UNSPECIFIED.,.F.,.F.,.F.,(4,4),(4,4),(0.,1.),(1.92891890186186,2.19990917003016),
 .UNSPECIFIED.);
#72=B_SPLINE_SURFACE_WITH_KNOTS('',3,3,((#5102,#5103,#5104,#5105,#5106,
#5107,#5108,#5109,#5110),(#5111,#5112,#5113,#5114,#5115,#5116,#5117,#5118,
#5119),(#5120,#5121,#5122,#5123,#5124,#5125,#5126,#5127,#5128),(#5129,#5130,
#5131,#5132,#5133,#5134,#5135,#5136,#5137)),.UNSPECIFIED.,.F.,.F.,.F.,(4,
4),(4,1,2,2,4),(0.,1.),(0.624357486524086,0.643359819889096,0.656028042132437,
0.691610088763335,0.69802774257378),.UNSPECIFIED.);
#73=B_SPLINE_SURFACE_WITH_KNOTS('',3,3,((#5162,#5163,#5164,#5165),(#5166,
#5167,#5168,#5169),(#5170,#5171,#5172,#5173),(#5174,#5175,#5176,#5177)),
 .UNSPECIFIED.,.F.,.F.,.F.,(4,4),(4,4),(0.,1.),(2.19990917002738,2.22176730959998),
 .UNSPECIFIED.);
#74=B_SPLINE_SURFACE_WITH_KNOTS('',3,3,((#5186,#5187,#5188,#5189,#5190,
#5191),(#5192,#5193,#5194,#5195,#5196,#5197),(#5198,#5199,#5200,#5201,#5202,
#5203),(#5204,#5205,#5206,#5207,#5208,#5209)),.UNSPECIFIED.,.F.,.F.,.F.,
(4,4),(4,2,4),(0.,1.),(0.495351375984792,0.543327560316387,0.591303744647984),
 .UNSPECIFIED.);
#75=B_SPLINE_SURFACE_WITH_KNOTS('',3,3,((#5228,#5229,#5230,#5231,#5232,
#5233),(#5234,#5235,#5236,#5237,#5238,#5239),(#5240,#5241,#5242,#5243,#5244,
#5245),(#5246,#5247,#5248,#5249,#5250,#5251)),.UNSPECIFIED.,.F.,.F.,.F.,
(4,4),(4,2,4),(0.,1.),(0.698027742573081,0.727192135394232,0.749760262481852),
 .UNSPECIFIED.);
#76=B_SPLINE_SURFACE_WITH_KNOTS('',3,3,((#5264,#5265,#5266,#5267,#5268,
#5269,#5270,#5271,#5272),(#5273,#5274,#5275,#5276,#5277,#5278,#5279,#5280,
#5281),(#5282,#5283,#5284,#5285,#5286,#5287,#5288,#5289,#5290),(#5291,#5292,
#5293,#5294,#5295,#5296,#5297,#5298,#5299)),.UNSPECIFIED.,.F.,.F.,.F.,(4,
4),(4,2,2,1,4),(0.,1.),(0.10032848608225,0.106746139892694,0.142328186523592,
0.154996408766929,0.173998742131934),.UNSPECIFIED.);
#77=B_SPLINE_SURFACE_WITH_KNOTS('',3,3,((#5324,#5325,#5326,#5327),(#5328,
#5329,#5330,#5331),(#5332,#5333,#5334,#5335),(#5336,#5337,#5338,#5339)),
 .UNSPECIFIED.,.F.,.F.,.F.,(4,4),(4,4),(0.,1.),(0.0485959661741765,0.100328486082949),
 .UNSPECIFIED.);
#78=B_SPLINE_SURFACE_WITH_KNOTS('',3,3,((#5348,#5349,#5350,#5351),(#5352,
#5353,#5354,#5355),(#5356,#5357,#5358,#5359),(#5360,#5361,#5362,#5363)),
 .UNSPECIFIED.,.F.,.F.,.F.,(4,4),(4,4),(0.,1.),(-2.19990917003065,-1.92891890186235),
 .UNSPECIFIED.);
#79=B_SPLINE_SURFACE_WITH_KNOTS('',3,3,((#5384,#5385,#5386,#5387),(#5388,
#5389,#5390,#5391),(#5392,#5393,#5394,#5395),(#5396,#5397,#5398,#5399)),
 .UNSPECIFIED.,.F.,.F.,.F.,(4,4),(4,4),(0.,1.),(-2.2217673096004,-2.19990917002786),
 .UNSPECIFIED.);
#80=ELLIPSE('',#3296,0.0708809007520705,0.0708661417322834);
#81=ELLIPSE('',#3298,0.0708809007520705,0.0708661417322834);
#82=ELLIPSE('',#3299,0.0708809007520705,0.0708661417322834);
#83=(
BOUNDED_CURVE()
B_SPLINE_CURVE(2,(#4659,#4660,#4661),.UNSPECIFIED.,.F.,.F.)
B_SPLINE_CURVE_WITH_KNOTS((3,3),(0.019139668258726,0.0415141561392438),
 .UNSPECIFIED.)
CURVE()
GEOMETRIC_REPRESENTATION_ITEM()
RATIONAL_B_SPLINE_CURVE((1.02216228051736,1.0344843857422,1.04532915855993))
REPRESENTATION_ITEM('')
);
#84=(
BOUNDED_CURVE()
B_SPLINE_CURVE(2,(#4669,#4670,#4671),.UNSPECIFIED.,.F.,.F.)
B_SPLINE_CURVE_WITH_KNOTS((3,3),(0.370006561513039,0.392381049397248),
 .UNSPECIFIED.)
CURVE()
GEOMETRIC_REPRESENTATION_ITEM()
RATIONAL_B_SPLINE_CURVE((1.04532915856386,1.0344843857446,1.02216228051775))
REPRESENTATION_ITEM('')
);
#85=ORIENTED_CLOSED_SHELL('',*,#3268,.F.);
#86=ORIENTED_CLOSED_SHELL('',*,#3270,.F.);
#87=FACE_BOUND('',#363,.T.);
#88=FACE_BOUND('',#366,.T.);
#89=FACE_BOUND('',#403,.T.);
#90=FACE_BOUND('',#527,.T.);
#91=FACE_BOUND('',#531,.T.);
#92=FACE_BOUND('',#535,.T.);
#93=FACE_BOUND('',#536,.T.);
#94=FACE_BOUND('',#538,.T.);
#95=FACE_BOUND('',#540,.T.);
#96=PLANE('',#3288);
#97=PLANE('',#3292);
#98=PLANE('',#3293);
#99=PLANE('',#3295);
#100=PLANE('',#3297);
#101=PLANE('',#3306);
#102=PLANE('',#3316);
#103=PLANE('',#3317);
#104=PLANE('',#3327);
#105=PLANE('',#3335);
#106=PLANE('',#3339);
#107=PLANE('',#3343);
#108=PLANE('',#3344);
#109=PLANE('',#3348);
#110=PLANE('',#3352);
#111=PLANE('',#3356);
#112=PLANE('',#3360);
#113=PLANE('',#3364);
#114=PLANE('',#3368);
#115=PLANE('',#3372);
#116=PLANE('',#3376);
#117=PLANE('',#3380);
#118=PLANE('',#3384);
#119=PLANE('',#3388);
#120=PLANE('',#3392);
#121=PLANE('',#3397);
#122=PLANE('',#3401);
#123=PLANE('',#3403);
#124=PLANE('',#3407);
#125=PLANE('',#3411);
#126=PLANE('',#3415);
#127=PLANE('',#3419);
#128=PLANE('',#3423);
#129=PLANE('',#3427);
#130=PLANE('',#3431);
#131=PLANE('',#3435);
#132=PLANE('',#3439);
#133=PLANE('',#3443);
#134=PLANE('',#3447);
#135=PLANE('',#3452);
#136=PLANE('',#3456);
#137=PLANE('',#3464);
#138=PLANE('',#3465);
#139=PLANE('',#3466);
#140=PLANE('',#3473);
#141=PLANE('',#3474);
#142=PLANE('',#3475);
#143=PLANE('',#3482);
#144=PLANE('',#3483);
#145=PLANE('',#3484);
#146=PLANE('',#3491);
#147=PLANE('',#3492);
#148=PLANE('',#3493);
#149=PLANE('',#3500);
#150=PLANE('',#3501);
#151=PLANE('',#3502);
#152=PLANE('',#3509);
#153=PLANE('',#3510);
#154=PLANE('',#3511);
#155=PLANE('',#3518);
#156=PLANE('',#3519);
#157=PLANE('',#3520);
#158=PLANE('',#3527);
#159=PLANE('',#3528);
#160=PLANE('',#3529);
#161=PLANE('',#3533);
#162=PLANE('',#3534);
#163=PLANE('',#3535);
#164=PLANE('',#3539);
#165=PLANE('',#3540);
#166=PLANE('',#3541);
#167=PLANE('',#3545);
#168=PLANE('',#3546);
#169=PLANE('',#3547);
#170=PLANE('',#3548);
#171=PLANE('',#3549);
#172=PLANE('',#3550);
#173=PLANE('',#3554);
#174=PLANE('',#3555);
#175=PLANE('',#3562);
#176=PLANE('',#3563);
#177=PLANE('',#3564);
#178=PLANE('',#3601);
#179=PLANE('',#3634);
#180=PLANE('',#3638);
#181=PLANE('',#3639);
#182=PLANE('',#3640);
#183=PLANE('',#3641);
#184=PLANE('',#3642);
#185=PLANE('',#3647);
#186=PLANE('',#3648);
#187=PLANE('',#3651);
#188=FACE_OUTER_BOUND('',#361,.T.);
#189=FACE_OUTER_BOUND('',#362,.T.);
#190=FACE_OUTER_BOUND('',#364,.T.);
#191=FACE_OUTER_BOUND('',#365,.T.);
#192=FACE_OUTER_BOUND('',#367,.T.);
#193=FACE_OUTER_BOUND('',#368,.T.);
#194=FACE_OUTER_BOUND('',#369,.T.);
#195=FACE_OUTER_BOUND('',#370,.T.);
#196=FACE_OUTER_BOUND('',#371,.T.);
#197=FACE_OUTER_BOUND('',#372,.T.);
#198=FACE_OUTER_BOUND('',#373,.T.);
#199=FACE_OUTER_BOUND('',#374,.T.);
#200=FACE_OUTER_BOUND('',#375,.T.);
#201=FACE_OUTER_BOUND('',#376,.T.);
#202=FACE_OUTER_BOUND('',#377,.T.);
#203=FACE_OUTER_BOUND('',#378,.T.);
#204=FACE_OUTER_BOUND('',#379,.T.);
#205=FACE_OUTER_BOUND('',#380,.T.);
#206=FACE_OUTER_BOUND('',#381,.T.);
#207=FACE_OUTER_BOUND('',#382,.T.);
#208=FACE_OUTER_BOUND('',#383,.T.);
#209=FACE_OUTER_BOUND('',#384,.T.);
#210=FACE_OUTER_BOUND('',#385,.T.);
#211=FACE_OUTER_BOUND('',#386,.T.);
#212=FACE_OUTER_BOUND('',#387,.T.);
#213=FACE_OUTER_BOUND('',#388,.T.);
#214=FACE_OUTER_BOUND('',#389,.T.);
#215=FACE_OUTER_BOUND('',#390,.T.);
#216=FACE_OUTER_BOUND('',#391,.T.);
#217=FACE_OUTER_BOUND('',#392,.T.);
#218=FACE_OUTER_BOUND('',#393,.T.);
#219=FACE_OUTER_BOUND('',#394,.T.);
#220=FACE_OUTER_BOUND('',#395,.T.);
#221=FACE_OUTER_BOUND('',#396,.T.);
#222=FACE_OUTER_BOUND('',#397,.T.);
#223=FACE_OUTER_BOUND('',#398,.T.);
#224=FACE_OUTER_BOUND('',#399,.T.);
#225=FACE_OUTER_BOUND('',#400,.T.);
#226=FACE_OUTER_BOUND('',#401,.T.);
#227=FACE_OUTER_BOUND('',#402,.T.);
#228=FACE_OUTER_BOUND('',#404,.T.);
#229=FACE_OUTER_BOUND('',#405,.T.);
#230=FACE_OUTER_BOUND('',#406,.T.);
#231=FACE_OUTER_BOUND('',#407,.T.);
#232=FACE_OUTER_BOUND('',#408,.T.);
#233=FACE_OUTER_BOUND('',#409,.T.);
#234=FACE_OUTER_BOUND('',#410,.T.);
#235=FACE_OUTER_BOUND('',#411,.T.);
#236=FACE_OUTER_BOUND('',#412,.T.);
#237=FACE_OUTER_BOUND('',#413,.T.);
#238=FACE_OUTER_BOUND('',#414,.T.);
#239=FACE_OUTER_BOUND('',#415,.T.);
#240=FACE_OUTER_BOUND('',#416,.T.);
#241=FACE_OUTER_BOUND('',#417,.T.);
#242=FACE_OUTER_BOUND('',#418,.T.);
#243=FACE_OUTER_BOUND('',#419,.T.);
#244=FACE_OUTER_BOUND('',#420,.T.);
#245=FACE_OUTER_BOUND('',#421,.T.);
#246=FACE_OUTER_BOUND('',#422,.T.);
#247=FACE_OUTER_BOUND('',#423,.T.);
#248=FACE_OUTER_BOUND('',#424,.T.);
#249=FACE_OUTER_BOUND('',#425,.T.);
#250=FACE_OUTER_BOUND('',#426,.T.);
#251=FACE_OUTER_BOUND('',#427,.T.);
#252=FACE_OUTER_BOUND('',#428,.T.);
#253=FACE_OUTER_BOUND('',#429,.T.);
#254=FACE_OUTER_BOUND('',#430,.T.);
#255=FACE_OUTER_BOUND('',#431,.T.);
#256=FACE_OUTER_BOUND('',#432,.T.);
#257=FACE_OUTER_BOUND('',#433,.T.);
#258=FACE_OUTER_BOUND('',#434,.T.);
#259=FACE_OUTER_BOUND('',#435,.T.);
#260=FACE_OUTER_BOUND('',#436,.T.);
#261=FACE_OUTER_BOUND('',#437,.T.);
#262=FACE_OUTER_BOUND('',#438,.T.);
#263=FACE_OUTER_BOUND('',#439,.T.);
#264=FACE_OUTER_BOUND('',#440,.T.);
#265=FACE_OUTER_BOUND('',#441,.T.);
#266=FACE_OUTER_BOUND('',#442,.T.);
#267=FACE_OUTER_BOUND('',#443,.T.);
#268=FACE_OUTER_BOUND('',#444,.T.);
#269=FACE_OUTER_BOUND('',#445,.T.);
#270=FACE_OUTER_BOUND('',#446,.T.);
#271=FACE_OUTER_BOUND('',#447,.T.);
#272=FACE_OUTER_BOUND('',#448,.T.);
#273=FACE_OUTER_BOUND('',#449,.T.);
#274=FACE_OUTER_BOUND('',#450,.T.);
#275=FACE_OUTER_BOUND('',#451,.T.);
#276=FACE_OUTER_BOUND('',#452,.T.);
#277=FACE_OUTER_BOUND('',#453,.T.);
#278=FACE_OUTER_BOUND('',#454,.T.);
#279=FACE_OUTER_BOUND('',#455,.T.);
#280=FACE_OUTER_BOUND('',#456,.T.);
#281=FACE_OUTER_BOUND('',#457,.T.);
#282=FACE_OUTER_BOUND('',#458,.T.);
#283=FACE_OUTER_BOUND('',#459,.T.);
#284=FACE_OUTER_BOUND('',#460,.T.);
#285=FACE_OUTER_BOUND('',#461,.T.);
#286=FACE_OUTER_BOUND('',#462,.T.);
#287=FACE_OUTER_BOUND('',#463,.T.);
#288=FACE_OUTER_BOUND('',#464,.T.);
#289=FACE_OUTER_BOUND('',#465,.T.);
#290=FACE_OUTER_BOUND('',#466,.T.);
#291=FACE_OUTER_BOUND('',#467,.T.);
#292=FACE_OUTER_BOUND('',#468,.T.);
#293=FACE_OUTER_BOUND('',#469,.T.);
#294=FACE_OUTER_BOUND('',#470,.T.);
#295=FACE_OUTER_BOUND('',#471,.T.);
#296=FACE_OUTER_BOUND('',#472,.T.);
#297=FACE_OUTER_BOUND('',#473,.T.);
#298=FACE_OUTER_BOUND('',#474,.T.);
#299=FACE_OUTER_BOUND('',#475,.T.);
#300=FACE_OUTER_BOUND('',#476,.T.);
#301=FACE_OUTER_BOUND('',#477,.T.);
#302=FACE_OUTER_BOUND('',#478,.T.);
#303=FACE_OUTER_BOUND('',#479,.T.);
#304=FACE_OUTER_BOUND('',#480,.T.);
#305=FACE_OUTER_BOUND('',#481,.T.);
#306=FACE_OUTER_BOUND('',#482,.T.);
#307=FACE_OUTER_BOUND('',#483,.T.);
#308=FACE_OUTER_BOUND('',#484,.T.);
#309=FACE_OUTER_BOUND('',#485,.T.);
#310=FACE_OUTER_BOUND('',#486,.T.);
#311=FACE_OUTER_BOUND('',#487,.T.);
#312=FACE_OUTER_BOUND('',#488,.T.);
#313=FACE_OUTER_BOUND('',#489,.T.);
#314=FACE_OUTER_BOUND('',#490,.T.);
#315=FACE_OUTER_BOUND('',#491,.T.);
#316=FACE_OUTER_BOUND('',#492,.T.);
#317=FACE_OUTER_BOUND('',#493,.T.);
#318=FACE_OUTER_BOUND('',#494,.T.);
#319=FACE_OUTER_BOUND('',#495,.T.);
#320=FACE_OUTER_BOUND('',#496,.T.);
#321=FACE_OUTER_BOUND('',#497,.T.);
#322=FACE_OUTER_BOUND('',#498,.T.);
#323=FACE_OUTER_BOUND('',#499,.T.);
#324=FACE_OUTER_BOUND('',#500,.T.);
#325=FACE_OUTER_BOUND('',#501,.T.);
#326=FACE_OUTER_BOUND('',#502,.T.);
#327=FACE_OUTER_BOUND('',#503,.T.);
#328=FACE_OUTER_BOUND('',#504,.T.);
#329=FACE_OUTER_BOUND('',#505,.T.);
#330=FACE_OUTER_BOUND('',#506,.T.);
#331=FACE_OUTER_BOUND('',#507,.T.);
#332=FACE_OUTER_BOUND('',#508,.T.);
#333=FACE_OUTER_BOUND('',#509,.T.);
#334=FACE_OUTER_BOUND('',#510,.T.);
#335=FACE_OUTER_BOUND('',#511,.T.);
#336=FACE_OUTER_BOUND('',#512,.T.);
#337=FACE_OUTER_BOUND('',#513,.T.);
#338=FACE_OUTER_BOUND('',#514,.T.);
#339=FACE_OUTER_BOUND('',#515,.T.);
#340=FACE_OUTER_BOUND('',#516,.T.);
#341=FACE_OUTER_BOUND('',#517,.T.);
#342=FACE_OUTER_BOUND('',#518,.T.);
#343=FACE_OUTER_BOUND('',#519,.T.);
#344=FACE_OUTER_BOUND('',#520,.T.);
#345=FACE_OUTER_BOUND('',#521,.T.);
#346=FACE_OUTER_BOUND('',#522,.T.);
#347=FACE_OUTER_BOUND('',#523,.T.);
#348=FACE_OUTER_BOUND('',#524,.T.);
#349=FACE_OUTER_BOUND('',#525,.T.);
#350=FACE_OUTER_BOUND('',#526,.T.);
#351=FACE_OUTER_BOUND('',#528,.T.);
#352=FACE_OUTER_BOUND('',#529,.T.);
#353=FACE_OUTER_BOUND('',#530,.T.);
#354=FACE_OUTER_BOUND('',#532,.T.);
#355=FACE_OUTER_BOUND('',#533,.T.);
#356=FACE_OUTER_BOUND('',#534,.T.);
#357=FACE_OUTER_BOUND('',#537,.T.);
#358=FACE_OUTER_BOUND('',#539,.T.);
#359=FACE_OUTER_BOUND('',#541,.T.);
#360=FACE_OUTER_BOUND('',#542,.T.);
#361=EDGE_LOOP('',(#2048,#2049,#2050,#2051));
#362=EDGE_LOOP('',(#2052));
#363=EDGE_LOOP('',(#2053));
#364=EDGE_LOOP('',(#2054,#2055,#2056,#2057));
#365=EDGE_LOOP('',(#2058));
#366=EDGE_LOOP('',(#2059));
#367=EDGE_LOOP('',(#2060,#2061));
#368=EDGE_LOOP('',(#2062,#2063,#2064,#2065,#2066,#2067,#2068,#2069));
#369=EDGE_LOOP('',(#2070,#2071,#2072,#2073,#2074));
#370=EDGE_LOOP('',(#2075,#2076,#2077,#2078));
#371=EDGE_LOOP('',(#2079,#2080,#2081,#2082,#2083));
#372=EDGE_LOOP('',(#2084,#2085,#2086,#2087));
#373=EDGE_LOOP('',(#2088,#2089,#2090,#2091));
#374=EDGE_LOOP('',(#2092,#2093,#2094,#2095));
#375=EDGE_LOOP('',(#2096,#2097,#2098,#2099));
#376=EDGE_LOOP('',(#2100,#2101,#2102,#2103));
#377=EDGE_LOOP('',(#2104,#2105,#2106,#2107));
#378=EDGE_LOOP('',(#2108,#2109,#2110,#2111));
#379=EDGE_LOOP('',(#2112,#2113,#2114,#2115));
#380=EDGE_LOOP('',(#2116,#2117,#2118,#2119));
#381=EDGE_LOOP('',(#2120,#2121,#2122,#2123));
#382=EDGE_LOOP('',(#2124,#2125,#2126,#2127,#2128,#2129));
#383=EDGE_LOOP('',(#2130,#2131,#2132,#2133,#2134,#2135,#2136,#2137));
#384=EDGE_LOOP('',(#2138,#2139,#2140,#2141,#2142,#2143));
#385=EDGE_LOOP('',(#2144,#2145,#2146,#2147));
#386=EDGE_LOOP('',(#2148,#2149,#2150,#2151));
#387=EDGE_LOOP('',(#2152,#2153,#2154,#2155));
#388=EDGE_LOOP('',(#2156,#2157,#2158,#2159));
#389=EDGE_LOOP('',(#2160,#2161,#2162,#2163));
#390=EDGE_LOOP('',(#2164,#2165,#2166,#2167));
#391=EDGE_LOOP('',(#2168,#2169,#2170,#2171));
#392=EDGE_LOOP('',(#2172,#2173,#2174,#2175));
#393=EDGE_LOOP('',(#2176,#2177,#2178,#2179));
#394=EDGE_LOOP('',(#2180,#2181,#2182,#2183));
#395=EDGE_LOOP('',(#2184,#2185,#2186,#2187));
#396=EDGE_LOOP('',(#2188,#2189,#2190,#2191,#2192,#2193));
#397=EDGE_LOOP('',(#2194,#2195,#2196,#2197,#2198,#2199,#2200,#2201));
#398=EDGE_LOOP('',(#2202,#2203,#2204,#2205,#2206,#2207));
#399=EDGE_LOOP('',(#2208,#2209,#2210,#2211));
#400=EDGE_LOOP('',(#2212,#2213,#2214,#2215,#2216,#2217));
#401=EDGE_LOOP('',(#2218,#2219,#2220,#2221,#2222,#2223,#2224,#2225));
#402=EDGE_LOOP('',(#2226));
#403=EDGE_LOOP('',(#2227));
#404=EDGE_LOOP('',(#2228,#2229,#2230,#2231,#2232));
#405=EDGE_LOOP('',(#2233,#2234,#2235,#2236,#2237,#2238));
#406=EDGE_LOOP('',(#2239,#2240,#2241,#2242));
#407=EDGE_LOOP('',(#2243,#2244,#2245,#2246,#2247,#2248));
#408=EDGE_LOOP('',(#2249,#2250,#2251,#2252,#2253,#2254));
#409=EDGE_LOOP('',(#2255,#2256,#2257,#2258,#2259,#2260));
#410=EDGE_LOOP('',(#2261,#2262,#2263,#2264,#2265,#2266));
#411=EDGE_LOOP('',(#2267,#2268,#2269,#2270,#2271,#2272));
#412=EDGE_LOOP('',(#2273,#2274,#2275,#2276,#2277,#2278));
#413=EDGE_LOOP('',(#2279,#2280,#2281,#2282,#2283,#2284));
#414=EDGE_LOOP('',(#2285,#2286,#2287,#2288,#2289,#2290));
#415=EDGE_LOOP('',(#2291,#2292,#2293,#2294,#2295,#2296));
#416=EDGE_LOOP('',(#2297,#2298,#2299,#2300,#2301,#2302));
#417=EDGE_LOOP('',(#2303,#2304,#2305,#2306,#2307,#2308));
#418=EDGE_LOOP('',(#2309,#2310,#2311,#2312,#2313,#2314));
#419=EDGE_LOOP('',(#2315,#2316,#2317,#2318,#2319,#2320,#2321));
#420=EDGE_LOOP('',(#2322,#2323,#2324,#2325,#2326,#2327));
#421=EDGE_LOOP('',(#2328,#2329,#2330,#2331,#2332,#2333));
#422=EDGE_LOOP('',(#2334,#2335,#2336,#2337,#2338,#2339));
#423=EDGE_LOOP('',(#2340,#2341,#2342,#2343,#2344,#2345));
#424=EDGE_LOOP('',(#2346,#2347,#2348,#2349,#2350,#2351));
#425=EDGE_LOOP('',(#2352,#2353,#2354,#2355,#2356,#2357));
#426=EDGE_LOOP('',(#2358,#2359,#2360,#2361,#2362,#2363));
#427=EDGE_LOOP('',(#2364,#2365,#2366,#2367,#2368,#2369));
#428=EDGE_LOOP('',(#2370,#2371,#2372,#2373,#2374,#2375));
#429=EDGE_LOOP('',(#2376,#2377,#2378,#2379,#2380,#2381));
#430=EDGE_LOOP('',(#2382,#2383,#2384,#2385,#2386,#2387));
#431=EDGE_LOOP('',(#2388,#2389,#2390,#2391,#2392,#2393));
#432=EDGE_LOOP('',(#2394,#2395,#2396,#2397,#2398,#2399));
#433=EDGE_LOOP('',(#2400,#2401,#2402,#2403,#2404,#2405,#2406));
#434=EDGE_LOOP('',(#2407,#2408,#2409,#2410,#2411,#2412));
#435=EDGE_LOOP('',(#2413,#2414,#2415,#2416,#2417,#2418));
#436=EDGE_LOOP('',(#2419,#2420,#2421,#2422,#2423,#2424));
#437=EDGE_LOOP('',(#2425,#2426,#2427,#2428,#2429,#2430));
#438=EDGE_LOOP('',(#2431,#2432,#2433,#2434));
#439=EDGE_LOOP('',(#2435,#2436,#2437,#2438));
#440=EDGE_LOOP('',(#2439,#2440,#2441,#2442));
#441=EDGE_LOOP('',(#2443,#2444,#2445,#2446,#2447,#2448));
#442=EDGE_LOOP('',(#2449,#2450,#2451,#2452,#2453,#2454));
#443=EDGE_LOOP('',(#2455,#2456,#2457,#2458));
#444=EDGE_LOOP('',(#2459,#2460,#2461,#2462));
#445=EDGE_LOOP('',(#2463,#2464,#2465,#2466));
#446=EDGE_LOOP('',(#2467,#2468,#2469,#2470,#2471,#2472));
#447=EDGE_LOOP('',(#2473,#2474,#2475,#2476,#2477,#2478));
#448=EDGE_LOOP('',(#2479,#2480,#2481,#2482));
#449=EDGE_LOOP('',(#2483,#2484,#2485,#2486));
#450=EDGE_LOOP('',(#2487,#2488,#2489,#2490));
#451=EDGE_LOOP('',(#2491,#2492,#2493,#2494,#2495,#2496));
#452=EDGE_LOOP('',(#2497,#2498,#2499,#2500,#2501,#2502));
#453=EDGE_LOOP('',(#2503,#2504,#2505,#2506));
#454=EDGE_LOOP('',(#2507,#2508,#2509,#2510));
#455=EDGE_LOOP('',(#2511,#2512,#2513,#2514));
#456=EDGE_LOOP('',(#2515,#2516,#2517,#2518,#2519,#2520));
#457=EDGE_LOOP('',(#2521,#2522,#2523,#2524,#2525,#2526));
#458=EDGE_LOOP('',(#2527,#2528,#2529,#2530));
#459=EDGE_LOOP('',(#2531,#2532,#2533,#2534));
#460=EDGE_LOOP('',(#2535,#2536,#2537,#2538));
#461=EDGE_LOOP('',(#2539,#2540,#2541,#2542,#2543,#2544));
#462=EDGE_LOOP('',(#2545,#2546,#2547,#2548,#2549,#2550));
#463=EDGE_LOOP('',(#2551,#2552,#2553,#2554));
#464=EDGE_LOOP('',(#2555,#2556,#2557,#2558));
#465=EDGE_LOOP('',(#2559,#2560,#2561,#2562));
#466=EDGE_LOOP('',(#2563,#2564,#2565,#2566,#2567,#2568));
#467=EDGE_LOOP('',(#2569,#2570,#2571,#2572,#2573,#2574));
#468=EDGE_LOOP('',(#2575,#2576,#2577,#2578));
#469=EDGE_LOOP('',(#2579,#2580,#2581,#2582));
#470=EDGE_LOOP('',(#2583,#2584,#2585,#2586));
#471=EDGE_LOOP('',(#2587,#2588,#2589,#2590,#2591,#2592));
#472=EDGE_LOOP('',(#2593,#2594,#2595,#2596,#2597,#2598));
#473=EDGE_LOOP('',(#2599,#2600,#2601,#2602));
#474=EDGE_LOOP('',(#2603,#2604,#2605,#2606));
#475=EDGE_LOOP('',(#2607,#2608,#2609,#2610));
#476=EDGE_LOOP('',(#2611,#2612,#2613,#2614,#2615,#2616));
#477=EDGE_LOOP('',(#2617,#2618,#2619,#2620));
#478=EDGE_LOOP('',(#2621,#2622,#2623,#2624));
#479=EDGE_LOOP('',(#2625,#2626,#2627,#2628));
#480=EDGE_LOOP('',(#2629,#2630,#2631,#2632,#2633,#2634));
#481=EDGE_LOOP('',(#2635,#2636,#2637,#2638));
#482=EDGE_LOOP('',(#2639,#2640,#2641,#2642));
#483=EDGE_LOOP('',(#2643,#2644,#2645,#2646));
#484=EDGE_LOOP('',(#2647,#2648,#2649,#2650,#2651,#2652));
#485=EDGE_LOOP('',(#2653,#2654,#2655,#2656));
#486=EDGE_LOOP('',(#2657,#2658,#2659,#2660));
#487=EDGE_LOOP('',(#2661,#2662,#2663,#2664));
#488=EDGE_LOOP('',(#2665,#2666,#2667,#2668));
#489=EDGE_LOOP('',(#2669,#2670,#2671,#2672));
#490=EDGE_LOOP('',(#2673,#2674,#2675,#2676));
#491=EDGE_LOOP('',(#2677,#2678,#2679,#2680,#2681,#2682));
#492=EDGE_LOOP('',(#2683,#2684,#2685,#2686));
#493=EDGE_LOOP('',(#2687,#2688,#2689,#2690));
#494=EDGE_LOOP('',(#2691,#2692,#2693,#2694,#2695,#2696));
#495=EDGE_LOOP('',(#2697,#2698,#2699,#2700));
#496=EDGE_LOOP('',(#2701,#2702,#2703,#2704));
#497=EDGE_LOOP('',(#2705,#2706,#2707,#2708));
#498=EDGE_LOOP('',(#2709,#2710,#2711,#2712));
#499=EDGE_LOOP('',(#2713,#2714,#2715,#2716));
#500=EDGE_LOOP('',(#2717,#2718,#2719,#2720));
#501=EDGE_LOOP('',(#2721,#2722,#2723,#2724));
#502=EDGE_LOOP('',(#2725,#2726,#2727,#2728));
#503=EDGE_LOOP('',(#2729,#2730,#2731,#2732));
#504=EDGE_LOOP('',(#2733,#2734,#2735,#2736));
#505=EDGE_LOOP('',(#2737,#2738,#2739,#2740));
#506=EDGE_LOOP('',(#2741,#2742,#2743,#2744));
#507=EDGE_LOOP('',(#2745,#2746,#2747,#2748));
#508=EDGE_LOOP('',(#2749,#2750,#2751,#2752));
#509=EDGE_LOOP('',(#2753,#2754,#2755,#2756));
#510=EDGE_LOOP('',(#2757,#2758,#2759,#2760));
#511=EDGE_LOOP('',(#2761,#2762,#2763,#2764,#2765,#2766,#2767));
#512=EDGE_LOOP('',(#2768,#2769,#2770,#2771,#2772,#2773));
#513=EDGE_LOOP('',(#2774,#2775,#2776,#2777,#2778,#2779));
#514=EDGE_LOOP('',(#2780,#2781,#2782,#2783,#2784,#2785));
#515=EDGE_LOOP('',(#2786,#2787,#2788,#2789,#2790,#2791));
#516=EDGE_LOOP('',(#2792,#2793,#2794,#2795,#2796,#2797));
#517=EDGE_LOOP('',(#2798,#2799,#2800,#2801,#2802,#2803));
#518=EDGE_LOOP('',(#2804,#2805,#2806,#2807,#2808,#2809));
#519=EDGE_LOOP('',(#2810,#2811,#2812,#2813,#2814,#2815,#2816,#2817,#2818,
#2819,#2820,#2821,#2822,#2823,#2824,#2825,#2826,#2827,#2828,#2829,#2830,
#2831,#2832,#2833,#2834,#2835,#2836,#2837,#2838,#2839,#2840,#2841,#2842,
#2843,#2844,#2845,#2846,#2847,#2848,#2849,#2850,#2851,#2852,#2853,#2854,
#2855,#2856,#2857,#2858,#2859,#2860,#2861,#2862,#2863,#2864,#2865,#2866,
#2867,#2868,#2869,#2870,#2871,#2872,#2873,#2874));
#520=EDGE_LOOP('',(#2875,#2876,#2877,#2878,#2879));
#521=EDGE_LOOP('',(#2880,#2881,#2882,#2883,#2884,#2885,#2886,#2887));
#522=EDGE_LOOP('',(#2888,#2889,#2890,#2891,#2892,#2893,#2894,#2895,#2896,
#2897,#2898,#2899,#2900,#2901,#2902,#2903,#2904,#2905,#2906,#2907,#2908,
#2909,#2910,#2911,#2912,#2913,#2914,#2915,#2916,#2917,#2918,#2919,#2920,
#2921,#2922,#2923,#2924,#2925,#2926,#2927,#2928,#2929,#2930,#2931,#2932,
#2933,#2934,#2935,#2936,#2937,#2938,#2939,#2940,#2941,#2942,#2943,#2944,
#2945,#2946,#2947,#2948,#2949,#2950,#2951,#2952));
#523=EDGE_LOOP('',(#2953,#2954,#2955,#2956,#2957,#2958));
#524=EDGE_LOOP('',(#2959,#2960,#2961,#2962,#2963,#2964,#2965,#2966,#2967,
#2968,#2969,#2970,#2971,#2972,#2973,#2974,#2975,#2976,#2977,#2978,#2979,
#2980,#2981,#2982));
#525=EDGE_LOOP('',(#2983,#2984,#2985,#2986));
#526=EDGE_LOOP('',(#2987,#2988,#2989,#2990));
#527=EDGE_LOOP('',(#2991));
#528=EDGE_LOOP('',(#2992,#2993,#2994,#2995));
#529=EDGE_LOOP('',(#2996,#2997,#2998,#2999));
#530=EDGE_LOOP('',(#3000,#3001,#3002,#3003));
#531=EDGE_LOOP('',(#3004));
#532=EDGE_LOOP('',(#3005,#3006,#3007,#3008,#3009,#3010,#3011,#3012,#3013));
#533=EDGE_LOOP('',(#3014,#3015,#3016,#3017,#3018));
#534=EDGE_LOOP('',(#3019));
#535=EDGE_LOOP('',(#3020,#3021,#3022,#3023));
#536=EDGE_LOOP('',(#3024,#3025));
#537=EDGE_LOOP('',(#3026));
#538=EDGE_LOOP('',(#3027));
#539=EDGE_LOOP('',(#3028));
#540=EDGE_LOOP('',(#3029));
#541=EDGE_LOOP('',(#3030,#3031,#3032,#3033));
#542=EDGE_LOOP('',(#3034,#3035,#3036,#3037));
#543=LINE('',#4640,#778);
#544=LINE('',#4647,#779);
#545=LINE('',#4653,#780);
#546=LINE('',#4657,#781);
#547=LINE('',#4663,#782);
#548=LINE('',#4667,#783);
#549=LINE('',#4672,#784);
#550=LINE('',#4678,#785);
#551=LINE('',#4680,#786);
#552=LINE('',#4682,#787);
#553=LINE('',#4692,#788);
#554=LINE('',#4712,#789);
#555=LINE('',#4768,#790);
#556=LINE('',#4780,#791);
#557=LINE('',#4832,#792);
#558=LINE('',#4839,#793);
#559=LINE('',#4918,#794);
#560=LINE('',#4930,#795);
#561=LINE('',#4994,#796);
#562=LINE('',#5038,#797);
#563=LINE('',#5040,#798);
#564=LINE('',#5041,#799);
#565=LINE('',#5044,#800);
#566=LINE('',#5050,#801);
#567=LINE('',#5054,#802);
#568=LINE('',#5058,#803);
#569=LINE('',#5064,#804);
#570=LINE('',#5065,#805);
#571=LINE('',#5084,#806);
#572=LINE('',#5140,#807);
#573=LINE('',#5152,#808);
#574=LINE('',#5212,#809);
#575=LINE('',#5221,#810);
#576=LINE('',#5302,#811);
#577=LINE('',#5314,#812);
#578=LINE('',#5366,#813);
#579=LINE('',#5410,#814);
#580=LINE('',#5412,#815);
#581=LINE('',#5413,#816);
#582=LINE('',#5416,#817);
#583=LINE('',#5422,#818);
#584=LINE('',#5426,#819);
#585=LINE('',#5430,#820);
#586=LINE('',#5436,#821);
#587=LINE('',#5437,#822);
#588=LINE('',#5444,#823);
#589=LINE('',#5451,#824);
#590=LINE('',#5471,#825);
#591=LINE('',#5475,#826);
#592=LINE('',#5483,#827);
#593=LINE('',#5484,#828);
#594=LINE('',#5488,#829);
#595=LINE('',#5489,#830);
#596=LINE('',#5490,#831);
#597=LINE('',#5497,#832);
#598=LINE('',#5499,#833);
#599=LINE('',#5504,#834);
#600=LINE('',#5512,#835);
#601=LINE('',#5513,#836);
#602=LINE('',#5523,#837);
#603=LINE('',#5525,#838);
#604=LINE('',#5526,#839);
#605=LINE('',#5536,#840);
#606=LINE('',#5538,#841);
#607=LINE('',#5539,#842);
#608=LINE('',#5549,#843);
#609=LINE('',#5551,#844);
#610=LINE('',#5552,#845);
#611=LINE('',#5562,#846);
#612=LINE('',#5564,#847);
#613=LINE('',#5565,#848);
#614=LINE('',#5575,#849);
#615=LINE('',#5577,#850);
#616=LINE('',#5578,#851);
#617=LINE('',#5588,#852);
#618=LINE('',#5590,#853);
#619=LINE('',#5591,#854);
#620=LINE('',#5601,#855);
#621=LINE('',#5603,#856);
#622=LINE('',#5604,#857);
#623=LINE('',#5614,#858);
#624=LINE('',#5616,#859);
#625=LINE('',#5617,#860);
#626=LINE('',#5627,#861);
#627=LINE('',#5629,#862);
#628=LINE('',#5630,#863);
#629=LINE('',#5640,#864);
#630=LINE('',#5642,#865);
#631=LINE('',#5643,#866);
#632=LINE('',#5655,#867);
#633=LINE('',#5657,#868);
#634=LINE('',#5658,#869);
#635=LINE('',#5668,#870);
#636=LINE('',#5670,#871);
#637=LINE('',#5671,#872);
#638=LINE('',#5674,#873);
#639=LINE('',#5682,#874);
#640=LINE('',#5684,#875);
#641=LINE('',#5686,#876);
#642=LINE('',#5693,#877);
#643=LINE('',#5695,#878);
#644=LINE('',#5697,#879);
#645=LINE('',#5706,#880);
#646=LINE('',#5708,#881);
#647=LINE('',#5710,#882);
#648=LINE('',#5719,#883);
#649=LINE('',#5721,#884);
#650=LINE('',#5723,#885);
#651=LINE('',#5732,#886);
#652=LINE('',#5734,#887);
#653=LINE('',#5736,#888);
#654=LINE('',#5745,#889);
#655=LINE('',#5747,#890);
#656=LINE('',#5749,#891);
#657=LINE('',#5758,#892);
#658=LINE('',#5760,#893);
#659=LINE('',#5762,#894);
#660=LINE('',#5771,#895);
#661=LINE('',#5773,#896);
#662=LINE('',#5775,#897);
#663=LINE('',#5784,#898);
#664=LINE('',#5786,#899);
#665=LINE('',#5788,#900);
#666=LINE('',#5797,#901);
#667=LINE('',#5799,#902);
#668=LINE('',#5801,#903);
#669=LINE('',#5810,#904);
#670=LINE('',#5812,#905);
#671=LINE('',#5814,#906);
#672=LINE('',#5823,#907);
#673=LINE('',#5825,#908);
#674=LINE('',#5827,#909);
#675=LINE('',#5838,#910);
#676=LINE('',#5840,#911);
#677=LINE('',#5842,#912);
#678=LINE('',#5848,#913);
#679=LINE('',#5855,#914);
#680=LINE('',#5857,#915);
#681=LINE('',#5860,#916);
#682=LINE('',#5863,#917);
#683=LINE('',#5864,#918);
#684=LINE('',#5869,#919);
#685=LINE('',#5874,#920);
#686=LINE('',#5876,#921);
#687=LINE('',#5879,#922);
#688=LINE('',#5882,#923);
#689=LINE('',#5883,#924);
#690=LINE('',#5888,#925);
#691=LINE('',#5893,#926);
#692=LINE('',#5895,#927);
#693=LINE('',#5898,#928);
#694=LINE('',#5901,#929);
#695=LINE('',#5902,#930);
#696=LINE('',#5907,#931);
#697=LINE('',#5912,#932);
#698=LINE('',#5914,#933);
#699=LINE('',#5917,#934);
#700=LINE('',#5920,#935);
#701=LINE('',#5921,#936);
#702=LINE('',#5926,#937);
#703=LINE('',#5931,#938);
#704=LINE('',#5933,#939);
#705=LINE('',#5936,#940);
#706=LINE('',#5939,#941);
#707=LINE('',#5940,#942);
#708=LINE('',#5945,#943);
#709=LINE('',#5950,#944);
#710=LINE('',#5952,#945);
#711=LINE('',#5955,#946);
#712=LINE('',#5958,#947);
#713=LINE('',#5959,#948);
#714=LINE('',#5964,#949);
#715=LINE('',#5969,#950);
#716=LINE('',#5971,#951);
#717=LINE('',#5974,#952);
#718=LINE('',#5977,#953);
#719=LINE('',#5978,#954);
#720=LINE('',#5983,#955);
#721=LINE('',#5988,#956);
#722=LINE('',#5990,#957);
#723=LINE('',#5993,#958);
#724=LINE('',#5996,#959);
#725=LINE('',#5997,#960);
#726=LINE('',#6001,#961);
#727=LINE('',#6003,#962);
#728=LINE('',#6006,#963);
#729=LINE('',#6009,#964);
#730=LINE('',#6010,#965);
#731=LINE('',#6014,#966);
#732=LINE('',#6016,#967);
#733=LINE('',#6019,#968);
#734=LINE('',#6022,#969);
#735=LINE('',#6023,#970);
#736=LINE('',#6027,#971);
#737=LINE('',#6029,#972);
#738=LINE('',#6032,#973);
#739=LINE('',#6035,#974);
#740=LINE('',#6036,#975);
#741=LINE('',#6038,#976);
#742=LINE('',#6039,#977);
#743=LINE('',#6042,#978);
#744=LINE('',#6043,#979);
#745=LINE('',#6048,#980);
#746=LINE('',#6051,#981);
#747=LINE('',#6052,#982);
#748=LINE('',#6055,#983);
#749=LINE('',#6059,#984);
#750=LINE('',#6064,#985);
#751=LINE('',#6068,#986);
#752=LINE('',#6070,#987);
#753=LINE('',#6072,#988);
#754=LINE('',#6076,#989);
#755=LINE('',#6083,#990);
#756=LINE('',#6089,#991);
#757=LINE('',#6095,#992);
#758=LINE('',#6101,#993);
#759=LINE('',#6154,#994);
#760=LINE('',#6160,#995);
#761=LINE('',#6163,#996);
#762=LINE('',#6168,#997);
#763=LINE('',#6173,#998);
#764=LINE('',#6175,#999);
#765=LINE('',#6177,#1000);
#766=LINE('',#6178,#1001);
#767=LINE('',#6181,#1002);
#768=LINE('',#6183,#1003);
#769=LINE('',#6184,#1004);
#770=LINE('',#6187,#1005);
#771=LINE('',#6188,#1006);
#772=LINE('',#6191,#1007);
#773=LINE('',#6192,#1008);
#774=LINE('',#6194,#1009);
#775=LINE('',#6200,#1010);
#776=LINE('',#6213,#1011);
#777=LINE('',#6215,#1012);
#778=VECTOR('',#3662,0.389011066153286);
#779=VECTOR('',#3671,0.38844);
#780=VECTOR('',#3678,0.393700787401575);
#781=VECTOR('',#3683,0.393700787401575);
#782=VECTOR('',#3684,0.393700787401575);
#783=VECTOR('',#3687,0.393700787401575);
#784=VECTOR('',#3688,0.393700787401575);
#785=VECTOR('',#3693,0.393700787401575);
#786=VECTOR('',#3694,0.393700787401575);
#787=VECTOR('',#3695,0.393700787401575);
#788=VECTOR('',#3708,0.565727729060728);
#789=VECTOR('',#3711,0.393700787401575);
#790=VECTOR('',#3712,0.393700787401575);
#791=VECTOR('',#3713,0.393700787401575);
#792=VECTOR('',#3714,0.393700787401575);
#793=VECTOR('',#3715,0.393700787401575);
#794=VECTOR('',#3716,0.393700787401575);
#795=VECTOR('',#3717,0.393700787401575);
#796=VECTOR('',#3718,0.393700787401575);
#797=VECTOR('',#3721,39.3700787401575);
#798=VECTOR('',#3722,39.3700787401575);
#799=VECTOR('',#3723,0.393700787401575);
#800=VECTOR('',#3726,0.024);
#801=VECTOR('',#3733,0.024);
#802=VECTOR('',#3736,39.3700787401575);
#803=VECTOR('',#3741,39.3700787401575);
#804=VECTOR('',#3748,0.393700787401575);
#805=VECTOR('',#3749,39.3700787401575);
#806=VECTOR('',#3750,0.393700787401575);
#807=VECTOR('',#3751,0.393700787401575);
#808=VECTOR('',#3752,0.393700787401575);
#809=VECTOR('',#3753,0.393700787401575);
#810=VECTOR('',#3754,0.393700787401575);
#811=VECTOR('',#3755,0.393700787401575);
#812=VECTOR('',#3756,0.393700787401575);
#813=VECTOR('',#3757,0.393700787401575);
#814=VECTOR('',#3760,39.3700787401575);
#815=VECTOR('',#3761,39.3700787401575);
#816=VECTOR('',#3762,0.393700787401575);
#817=VECTOR('',#3765,39.3700787401575);
#818=VECTOR('',#3772,39.3700787401575);
#819=VECTOR('',#3775,39.3700787401575);
#820=VECTOR('',#3780,39.3700787401575);
#821=VECTOR('',#3787,0.393700787401575);
#822=VECTOR('',#3788,39.3700787401575);
#823=VECTOR('',#3795,0.569747456060175);
#824=VECTOR('',#3804,0.0708661417322834);
#825=VECTOR('',#3813,0.569747456060174);
#826=VECTOR('',#3816,39.3700787401575);
#827=VECTOR('',#3823,39.3700787401575);
#828=VECTOR('',#3824,39.3700787401575);
#829=VECTOR('',#3827,39.3700787401575);
#830=VECTOR('',#3828,39.3700787401575);
#831=VECTOR('',#3829,39.3700787401575);
#832=VECTOR('',#3836,39.3700787401575);
#833=VECTOR('',#3837,39.3700787401575);
#834=VECTOR('',#3842,39.3700787401575);
#835=VECTOR('',#3849,39.3700787401575);
#836=VECTOR('',#3850,39.3700787401575);
#837=VECTOR('',#3859,39.3700787401575);
#838=VECTOR('',#3860,39.3700787401575);
#839=VECTOR('',#3861,39.3700787401575);
#840=VECTOR('',#3870,39.3700787401575);
#841=VECTOR('',#3871,39.3700787401575);
#842=VECTOR('',#3872,39.3700787401575);
#843=VECTOR('',#3881,39.3700787401575);
#844=VECTOR('',#3882,39.3700787401575);
#845=VECTOR('',#3883,39.3700787401575);
#846=VECTOR('',#3892,39.3700787401575);
#847=VECTOR('',#3893,39.3700787401575);
#848=VECTOR('',#3894,39.3700787401575);
#849=VECTOR('',#3903,39.3700787401575);
#850=VECTOR('',#3904,39.3700787401575);
#851=VECTOR('',#3905,39.3700787401575);
#852=VECTOR('',#3914,39.3700787401575);
#853=VECTOR('',#3915,39.3700787401575);
#854=VECTOR('',#3916,39.3700787401575);
#855=VECTOR('',#3925,39.3700787401575);
#856=VECTOR('',#3926,39.3700787401575);
#857=VECTOR('',#3927,39.3700787401575);
#858=VECTOR('',#3936,39.3700787401575);
#859=VECTOR('',#3937,39.3700787401575);
#860=VECTOR('',#3938,39.3700787401575);
#861=VECTOR('',#3947,39.3700787401575);
#862=VECTOR('',#3948,39.3700787401575);
#863=VECTOR('',#3949,39.3700787401575);
#864=VECTOR('',#3958,39.3700787401575);
#865=VECTOR('',#3959,39.3700787401575);
#866=VECTOR('',#3960,39.3700787401575);
#867=VECTOR('',#3971,39.3700787401575);
#868=VECTOR('',#3972,39.3700787401575);
#869=VECTOR('',#3973,39.3700787401575);
#870=VECTOR('',#3982,39.3700787401575);
#871=VECTOR('',#3983,39.3700787401575);
#872=VECTOR('',#3984,39.3700787401575);
#873=VECTOR('',#3989,39.3700787401575);
#874=VECTOR('',#3996,39.3700787401575);
#875=VECTOR('',#3997,39.3700787401575);
#876=VECTOR('',#3998,39.3700787401575);
#877=VECTOR('',#4005,39.3700787401575);
#878=VECTOR('',#4006,39.3700787401575);
#879=VECTOR('',#4007,39.3700787401575);
#880=VECTOR('',#4016,39.3700787401575);
#881=VECTOR('',#4017,39.3700787401575);
#882=VECTOR('',#4018,39.3700787401575);
#883=VECTOR('',#4027,39.3700787401575);
#884=VECTOR('',#4028,39.3700787401575);
#885=VECTOR('',#4029,39.3700787401575);
#886=VECTOR('',#4038,39.3700787401575);
#887=VECTOR('',#4039,39.3700787401575);
#888=VECTOR('',#4040,39.3700787401575);
#889=VECTOR('',#4049,39.3700787401575);
#890=VECTOR('',#4050,39.3700787401575);
#891=VECTOR('',#4051,39.3700787401575);
#892=VECTOR('',#4060,39.3700787401575);
#893=VECTOR('',#4061,39.3700787401575);
#894=VECTOR('',#4062,39.3700787401575);
#895=VECTOR('',#4071,39.3700787401575);
#896=VECTOR('',#4072,39.3700787401575);
#897=VECTOR('',#4073,39.3700787401575);
#898=VECTOR('',#4082,39.3700787401575);
#899=VECTOR('',#4083,39.3700787401575);
#900=VECTOR('',#4084,39.3700787401575);
#901=VECTOR('',#4093,39.3700787401575);
#902=VECTOR('',#4094,39.3700787401575);
#903=VECTOR('',#4095,39.3700787401575);
#904=VECTOR('',#4104,39.3700787401575);
#905=VECTOR('',#4105,39.3700787401575);
#906=VECTOR('',#4106,39.3700787401575);
#907=VECTOR('',#4115,39.3700787401575);
#908=VECTOR('',#4116,39.3700787401575);
#909=VECTOR('',#4117,39.3700787401575);
#910=VECTOR('',#4128,39.3700787401575);
#911=VECTOR('',#4129,39.3700787401575);
#912=VECTOR('',#4130,39.3700787401575);
#913=VECTOR('',#4139,39.3700787401575);
#914=VECTOR('',#4148,39.3700787401575);
#915=VECTOR('',#4151,39.3700787401575);
#916=VECTOR('',#4156,39.3700787401575);
#917=VECTOR('',#4161,39.3700787401575);
#918=VECTOR('',#4162,39.3700787401575);
#919=VECTOR('',#4167,39.3700787401575);
#920=VECTOR('',#4172,39.3700787401575);
#921=VECTOR('',#4175,39.3700787401575);
#922=VECTOR('',#4180,39.3700787401575);
#923=VECTOR('',#4185,39.3700787401575);
#924=VECTOR('',#4186,39.3700787401575);
#925=VECTOR('',#4191,39.3700787401575);
#926=VECTOR('',#4196,39.3700787401575);
#927=VECTOR('',#4199,39.3700787401575);
#928=VECTOR('',#4204,39.3700787401575);
#929=VECTOR('',#4209,39.3700787401575);
#930=VECTOR('',#4210,39.3700787401575);
#931=VECTOR('',#4215,39.3700787401575);
#932=VECTOR('',#4220,39.3700787401575);
#933=VECTOR('',#4223,39.3700787401575);
#934=VECTOR('',#4228,39.3700787401575);
#935=VECTOR('',#4233,39.3700787401575);
#936=VECTOR('',#4234,39.3700787401575);
#937=VECTOR('',#4239,39.3700787401575);
#938=VECTOR('',#4244,39.3700787401575);
#939=VECTOR('',#4247,39.3700787401575);
#940=VECTOR('',#4252,39.3700787401575);
#941=VECTOR('',#4257,39.3700787401575);
#942=VECTOR('',#4258,39.3700787401575);
#943=VECTOR('',#4263,39.3700787401575);
#944=VECTOR('',#4268,39.3700787401575);
#945=VECTOR('',#4271,39.3700787401575);
#946=VECTOR('',#4276,39.3700787401575);
#947=VECTOR('',#4281,39.3700787401575);
#948=VECTOR('',#4282,39.3700787401575);
#949=VECTOR('',#4287,39.3700787401575);
#950=VECTOR('',#4292,39.3700787401575);
#951=VECTOR('',#4295,39.3700787401575);
#952=VECTOR('',#4300,39.3700787401575);
#953=VECTOR('',#4305,39.3700787401575);
#954=VECTOR('',#4306,39.3700787401575);
#955=VECTOR('',#4311,39.3700787401575);
#956=VECTOR('',#4316,39.3700787401575);
#957=VECTOR('',#4319,39.3700787401575);
#958=VECTOR('',#4324,39.3700787401575);
#959=VECTOR('',#4329,39.3700787401575);
#960=VECTOR('',#4330,39.3700787401575);
#961=VECTOR('',#4333,39.3700787401575);
#962=VECTOR('',#4336,39.3700787401575);
#963=VECTOR('',#4341,39.3700787401575);
#964=VECTOR('',#4346,39.3700787401575);
#965=VECTOR('',#4347,39.3700787401575);
#966=VECTOR('',#4350,39.3700787401575);
#967=VECTOR('',#4353,39.3700787401575);
#968=VECTOR('',#4358,39.3700787401575);
#969=VECTOR('',#4363,39.3700787401575);
#970=VECTOR('',#4364,39.3700787401575);
#971=VECTOR('',#4367,39.3700787401575);
#972=VECTOR('',#4370,39.3700787401575);
#973=VECTOR('',#4375,39.3700787401575);
#974=VECTOR('',#4380,39.3700787401575);
#975=VECTOR('',#4381,39.3700787401575);
#976=VECTOR('',#4384,39.3700787401575);
#977=VECTOR('',#4385,39.3700787401575);
#978=VECTOR('',#4390,39.3700787401575);
#979=VECTOR('',#4391,39.3700787401575);
#980=VECTOR('',#4396,39.3700787401575);
#981=VECTOR('',#4401,39.3700787401575);
#982=VECTOR('',#4402,39.3700787401575);
#983=VECTOR('',#4407,39.3700787401575);
#984=VECTOR('',#4410,39.3700787401575);
#985=VECTOR('',#4415,39.3700787401575);
#986=VECTOR('',#4422,39.3700787401575);
#987=VECTOR('',#4425,39.3700787401575);
#988=VECTOR('',#4428,39.3700787401575);
#989=VECTOR('',#4431,39.3700787401575);
#990=VECTOR('',#4440,39.3700787401575);
#991=VECTOR('',#4447,39.3700787401575);
#992=VECTOR('',#4454,39.3700787401575);
#993=VECTOR('',#4461,39.3700787401575);
#994=VECTOR('',#4560,0.467989807002825);
#995=VECTOR('',#4569,0.118110236220472);
#996=VECTOR('',#4574,0.467989807002825);
#997=VECTOR('',#4581,0.0708661417322834);
#998=VECTOR('',#4586,0.393700787401575);
#999=VECTOR('',#4587,0.393700787401575);
#1000=VECTOR('',#4588,0.393700787401575);
#1001=VECTOR('',#4589,0.393700787401575);
#1002=VECTOR('',#4592,0.393700787401575);
#1003=VECTOR('',#4593,0.393700787401575);
#1004=VECTOR('',#4594,0.393700787401575);
#1005=VECTOR('',#4597,0.393700787401575);
#1006=VECTOR('',#4598,0.393700787401575);
#1007=VECTOR('',#4601,0.393700787401575);
#1008=VECTOR('',#4602,0.393700787401575);
#1009=VECTOR('',#4605,0.393700787401575);
#1010=VECTOR('',#4614,0.569747456060177);
#1011=VECTOR('',#4631,0.38844);
#1012=VECTOR('',#4634,0.389011066153286);
#1013=CIRCLE('',#3286,0.389011066153285);
#1014=CIRCLE('',#3287,0.389011066153285);
#1015=CIRCLE('',#3289,0.38844);
#1016=CIRCLE('',#3291,0.38844);
#1017=CIRCLE('',#3294,0.118110236220473);
#1018=CIRCLE('',#3301,0.118110236220472);
#1019=CIRCLE('',#3303,0.565727729060728);
#1020=CIRCLE('',#3304,0.565727729060728);
#1021=CIRCLE('',#3305,0.565727729060728);
#1022=CIRCLE('',#3308,0.467989807002825);
#1023=CIRCLE('',#3309,0.024);
#1024=CIRCLE('',#3311,0.467989807002825);
#1025=CIRCLE('',#3312,0.467989807002825);
#1026=CIRCLE('',#3314,0.024);
#1027=CIRCLE('',#3315,0.467989807002825);
#1028=CIRCLE('',#3319,0.467989807002825);
#1029=CIRCLE('',#3320,0.0240000000000135);
#1030=CIRCLE('',#3322,0.467989807002825);
#1031=CIRCLE('',#3323,0.467989807002825);
#1032=CIRCLE('',#3325,0.024);
#1033=CIRCLE('',#3326,0.467989807002825);
#1034=CIRCLE('',#3329,0.571980637726533);
#1035=CIRCLE('',#3330,0.571980637726533);
#1036=CIRCLE('',#3331,0.569747456060177);
#1037=CIRCLE('',#3332,0.569747456060177);
#1038=CIRCLE('',#3334,0.0708661417322834);
#1039=CIRCLE('',#3336,0.128110236220473);
#1040=CIRCLE('',#3338,0.569747456060174);
#1041=CIRCLE('',#3340,0.0240000000000203);
#1042=CIRCLE('',#3341,0.467989807002825);
#1043=CIRCLE('',#3342,0.024);
#1044=CIRCLE('',#3345,0.467989807002825);
#1045=CIRCLE('',#3346,0.0240000000000203);
#1046=CIRCLE('',#3347,0.024);
#1047=CIRCLE('',#3349,0.024);
#1048=CIRCLE('',#3350,0.467989807002825);
#1049=CIRCLE('',#3351,0.024);
#1050=CIRCLE('',#3353,0.024);
#1051=CIRCLE('',#3354,0.467989807002825);
#1052=CIRCLE('',#3355,0.0240000000000203);
#1053=CIRCLE('',#3357,0.024);
#1054=CIRCLE('',#3358,0.467989807002825);
#1055=CIRCLE('',#3359,0.0240000000000203);
#1056=CIRCLE('',#3361,0.024);
#1057=CIRCLE('',#3362,0.467989807002825);
#1058=CIRCLE('',#3363,0.0240000000000203);
#1059=CIRCLE('',#3365,0.024);
#1060=CIRCLE('',#3366,0.467989807002825);
#1061=CIRCLE('',#3367,0.0240000000000203);
#1062=CIRCLE('',#3369,0.024);
#1063=CIRCLE('',#3370,0.467989807002825);
#1064=CIRCLE('',#3371,0.0240000000000203);
#1065=CIRCLE('',#3373,0.024);
#1066=CIRCLE('',#3374,0.467989807002825);
#1067=CIRCLE('',#3375,0.0240000000000202);
#1068=CIRCLE('',#3377,0.024);
#1069=CIRCLE('',#3378,0.467989807002825);
#1070=CIRCLE('',#3379,0.0240000000000203);
#1071=CIRCLE('',#3381,0.024);
#1072=CIRCLE('',#3382,0.467989807002825);
#1073=CIRCLE('',#3383,0.0240000000000203);
#1074=CIRCLE('',#3385,0.024);
#1075=CIRCLE('',#3386,0.467989807002825);
#1076=CIRCLE('',#3387,0.0240000000000202);
#1077=CIRCLE('',#3389,0.024);
#1078=CIRCLE('',#3390,0.467989807002825);
#1079=CIRCLE('',#3391,0.0240000000000203);
#1080=CIRCLE('',#3393,0.024);
#1081=CIRCLE('',#3394,0.467989807002825);
#1082=CIRCLE('',#3395,0.467989807002825);
#1083=CIRCLE('',#3396,0.0240000000000202);
#1084=CIRCLE('',#3398,0.024);
#1085=CIRCLE('',#3399,0.467989807002825);
#1086=CIRCLE('',#3400,0.0240000000000203);
#1087=CIRCLE('',#3402,0.467989807002825);
#1088=CIRCLE('',#3404,0.467989807002825);
#1089=CIRCLE('',#3405,0.024);
#1090=CIRCLE('',#3406,0.024);
#1091=CIRCLE('',#3408,0.024);
#1092=CIRCLE('',#3409,0.0240000000000203);
#1093=CIRCLE('',#3410,0.467989807002825);
#1094=CIRCLE('',#3412,0.024);
#1095=CIRCLE('',#3413,0.0240000000000203);
#1096=CIRCLE('',#3414,0.467989807002825);
#1097=CIRCLE('',#3416,0.024);
#1098=CIRCLE('',#3417,0.0240000000000203);
#1099=CIRCLE('',#3418,0.467989807002825);
#1100=CIRCLE('',#3420,0.024);
#1101=CIRCLE('',#3421,0.0240000000000203);
#1102=CIRCLE('',#3422,0.467989807002825);
#1103=CIRCLE('',#3424,0.024);
#1104=CIRCLE('',#3425,0.0240000000000203);
#1105=CIRCLE('',#3426,0.467989807002825);
#1106=CIRCLE('',#3428,0.024);
#1107=CIRCLE('',#3429,0.0240000000000203);
#1108=CIRCLE('',#3430,0.467989807002825);
#1109=CIRCLE('',#3432,0.024);
#1110=CIRCLE('',#3433,0.0240000000000203);
#1111=CIRCLE('',#3434,0.467989807002825);
#1112=CIRCLE('',#3436,0.024);
#1113=CIRCLE('',#3437,0.0240000000000203);
#1114=CIRCLE('',#3438,0.467989807002825);
#1115=CIRCLE('',#3440,0.024);
#1116=CIRCLE('',#3441,0.0240000000000203);
#1117=CIRCLE('',#3442,0.467989807002825);
#1118=CIRCLE('',#3444,0.024);
#1119=CIRCLE('',#3445,0.0240000000000203);
#1120=CIRCLE('',#3446,0.467989807002825);
#1121=CIRCLE('',#3448,0.024);
#1122=CIRCLE('',#3449,0.0240000000000202);
#1123=CIRCLE('',#3450,0.467989807002825);
#1124=CIRCLE('',#3451,0.467989807002825);
#1125=CIRCLE('',#3453,0.024);
#1126=CIRCLE('',#3454,0.0240000000000203);
#1127=CIRCLE('',#3455,0.467989807002825);
#1128=CIRCLE('',#3457,0.467989807002825);
#1129=CIRCLE('',#3459,0.467989807002825);
#1130=CIRCLE('',#3460,0.467989807002825);
#1131=CIRCLE('',#3462,0.467989807002825);
#1132=CIRCLE('',#3463,0.467989807002825);
#1133=CIRCLE('',#3468,0.467989807002825);
#1134=CIRCLE('',#3469,0.467989807002825);
#1135=CIRCLE('',#3471,0.467989807002825);
#1136=CIRCLE('',#3472,0.467989807002825);
#1137=CIRCLE('',#3477,0.467989807002825);
#1138=CIRCLE('',#3478,0.467989807002825);
#1139=CIRCLE('',#3480,0.467989807002825);
#1140=CIRCLE('',#3481,0.467989807002825);
#1141=CIRCLE('',#3486,0.467989807002825);
#1142=CIRCLE('',#3487,0.467989807002825);
#1143=CIRCLE('',#3489,0.467989807002825);
#1144=CIRCLE('',#3490,0.467989807002825);
#1145=CIRCLE('',#3495,0.467989807002825);
#1146=CIRCLE('',#3496,0.467989807002825);
#1147=CIRCLE('',#3498,0.467989807002825);
#1148=CIRCLE('',#3499,0.467989807002825);
#1149=CIRCLE('',#3504,0.467989807002825);
#1150=CIRCLE('',#3505,0.467989807002825);
#1151=CIRCLE('',#3507,0.467989807002825);
#1152=CIRCLE('',#3508,0.467989807002825);
#1153=CIRCLE('',#3513,0.467989807002825);
#1154=CIRCLE('',#3514,0.467989807002825);
#1155=CIRCLE('',#3516,0.467989807002825);
#1156=CIRCLE('',#3517,0.467989807002825);
#1157=CIRCLE('',#3522,0.467989807002825);
#1158=CIRCLE('',#3523,0.467989807002825);
#1159=CIRCLE('',#3525,0.467989807002825);
#1160=CIRCLE('',#3526,0.467989807002825);
#1161=CIRCLE('',#3531,0.467989807002825);
#1162=CIRCLE('',#3532,0.467989807002825);
#1163=CIRCLE('',#3537,0.467989807002825);
#1164=CIRCLE('',#3538,0.467989807002825);
#1165=CIRCLE('',#3543,0.467989807002825);
#1166=CIRCLE('',#3544,0.467989807002825);
#1167=CIRCLE('',#3552,0.467989807002825);
#1168=CIRCLE('',#3553,0.467989807002825);
#1169=CIRCLE('',#3557,0.467989807002825);
#1170=CIRCLE('',#3558,0.467989807002825);
#1171=CIRCLE('',#3560,0.467989807002825);
#1172=CIRCLE('',#3561,0.467989807002825);
#1173=CIRCLE('',#3566,0.467989807002825);
#1174=CIRCLE('',#3567,0.467989807002825);
#1175=CIRCLE('',#3569,0.467989807002825);
#1176=CIRCLE('',#3570,0.467989807002825);
#1177=CIRCLE('',#3572,0.467989807002825);
#1178=CIRCLE('',#3573,0.467989807002825);
#1179=CIRCLE('',#3575,0.467989807002825);
#1180=CIRCLE('',#3576,0.467989807002825);
#1181=CIRCLE('',#3578,0.467989807002825);
#1182=CIRCLE('',#3579,0.467989807002825);
#1183=CIRCLE('',#3581,0.467989807002825);
#1184=CIRCLE('',#3582,0.467989807002825);
#1185=CIRCLE('',#3584,0.467989807002825);
#1186=CIRCLE('',#3585,0.467989807002825);
#1187=CIRCLE('',#3587,0.467989807002825);
#1188=CIRCLE('',#3588,0.467989807002825);
#1189=CIRCLE('',#3590,0.467989807002825);
#1190=CIRCLE('',#3591,0.467989807002825);
#1191=CIRCLE('',#3593,0.467989807002825);
#1192=CIRCLE('',#3594,0.467989807002825);
#1193=CIRCLE('',#3596,0.467989807002825);
#1194=CIRCLE('',#3597,0.467989807002825);
#1195=CIRCLE('',#3599,0.467989807002825);
#1196=CIRCLE('',#3600,0.467989807002825);
#1197=CIRCLE('',#3602,0.0708661417322834);
#1198=CIRCLE('',#3603,0.0708661417322834);
#1199=CIRCLE('',#3605,0.467989807002825);
#1200=CIRCLE('',#3606,0.467989807002825);
#1201=CIRCLE('',#3608,0.467989807002825);
#1202=CIRCLE('',#3609,0.467989807002825);
#1203=CIRCLE('',#3611,0.467989807002825);
#1204=CIRCLE('',#3612,0.467989807002825);
#1205=CIRCLE('',#3614,0.467989807002825);
#1206=CIRCLE('',#3615,0.467989807002825);
#1207=CIRCLE('',#3617,0.467989807002825);
#1208=CIRCLE('',#3618,0.467989807002825);
#1209=CIRCLE('',#3620,0.467989807002825);
#1210=CIRCLE('',#3621,0.467989807002825);
#1211=CIRCLE('',#3623,0.467989807002825);
#1212=CIRCLE('',#3624,0.467989807002825);
#1213=CIRCLE('',#3626,0.562233181666359);
#1214=CIRCLE('',#3627,0.562233181666359);
#1215=CIRCLE('',#3629,0.00999999999999999);
#1216=CIRCLE('',#3631,0.123110236220473);
#1217=CIRCLE('',#3632,0.123110236220473);
#1218=CIRCLE('',#3635,0.0708661417322834);
#1219=CIRCLE('',#3637,0.0708661417322834);
#1220=CIRCLE('',#3644,0.123110236220473);
#1221=CIRCLE('',#3646,0.569747456060177);
#1222=CIRCLE('',#3649,0.389011066153285);
#1223=CIRCLE('',#3650,0.38844);
#1224=CIRCLE('',#3652,0.389011066153285);
#1225=CIRCLE('',#3653,0.38844);
#1226=VERTEX_POINT('',#4637);
#1227=VERTEX_POINT('',#4639);
#1228=VERTEX_POINT('',#4643);
#1229=VERTEX_POINT('',#4646);
#1230=VERTEX_POINT('',#4651);
#1231=VERTEX_POINT('',#4652);
#1232=VERTEX_POINT('',#4656);
#1233=VERTEX_POINT('',#4658);
#1234=VERTEX_POINT('',#4662);
#1235=VERTEX_POINT('',#4664);
#1236=VERTEX_POINT('',#4666);
#1237=VERTEX_POINT('',#4668);
#1238=VERTEX_POINT('',#4674);
#1239=VERTEX_POINT('',#4675);
#1240=VERTEX_POINT('',#4677);
#1241=VERTEX_POINT('',#4679);
#1242=VERTEX_POINT('',#4681);
#1243=VERTEX_POINT('',#4687);
#1244=VERTEX_POINT('',#4688);
#1245=VERTEX_POINT('',#4691);
#1246=VERTEX_POINT('',#4710);
#1247=VERTEX_POINT('',#4711);
#1248=VERTEX_POINT('',#4713);
#1249=VERTEX_POINT('',#4718);
#1250=VERTEX_POINT('',#4766);
#1251=VERTEX_POINT('',#4767);
#1252=VERTEX_POINT('',#4769);
#1253=VERTEX_POINT('',#4779);
#1254=VERTEX_POINT('',#4830);
#1255=VERTEX_POINT('',#4831);
#1256=VERTEX_POINT('',#4833);
#1257=VERTEX_POINT('',#4838);
#1258=VERTEX_POINT('',#4916);
#1259=VERTEX_POINT('',#4917);
#1260=VERTEX_POINT('',#4919);
#1261=VERTEX_POINT('',#4929);
#1262=VERTEX_POINT('',#4992);
#1263=VERTEX_POINT('',#4993);
#1264=VERTEX_POINT('',#4995);
#1265=VERTEX_POINT('',#5000);
#1266=VERTEX_POINT('',#5037);
#1267=VERTEX_POINT('',#5039);
#1268=VERTEX_POINT('',#5043);
#1269=VERTEX_POINT('',#5045);
#1270=VERTEX_POINT('',#5049);
#1271=VERTEX_POINT('',#5051);
#1272=VERTEX_POINT('',#5053);
#1273=VERTEX_POINT('',#5057);
#1274=VERTEX_POINT('',#5059);
#1275=VERTEX_POINT('',#5063);
#1276=VERTEX_POINT('',#5082);
#1277=VERTEX_POINT('',#5083);
#1278=VERTEX_POINT('',#5085);
#1279=VERTEX_POINT('',#5090);
#1280=VERTEX_POINT('',#5138);
#1281=VERTEX_POINT('',#5139);
#1282=VERTEX_POINT('',#5141);
#1283=VERTEX_POINT('',#5151);
#1284=VERTEX_POINT('',#5210);
#1285=VERTEX_POINT('',#5211);
#1286=VERTEX_POINT('',#5213);
#1287=VERTEX_POINT('',#5220);
#1288=VERTEX_POINT('',#5300);
#1289=VERTEX_POINT('',#5301);
#1290=VERTEX_POINT('',#5303);
#1291=VERTEX_POINT('',#5313);
#1292=VERTEX_POINT('',#5364);
#1293=VERTEX_POINT('',#5365);
#1294=VERTEX_POINT('',#5367);
#1295=VERTEX_POINT('',#5372);
#1296=VERTEX_POINT('',#5409);
#1297=VERTEX_POINT('',#5411);
#1298=VERTEX_POINT('',#5415);
#1299=VERTEX_POINT('',#5417);
#1300=VERTEX_POINT('',#5421);
#1301=VERTEX_POINT('',#5423);
#1302=VERTEX_POINT('',#5425);
#1303=VERTEX_POINT('',#5429);
#1304=VERTEX_POINT('',#5431);
#1305=VERTEX_POINT('',#5435);
#1306=VERTEX_POINT('',#5439);
#1307=VERTEX_POINT('',#5440);
#1308=VERTEX_POINT('',#5443);
#1309=VERTEX_POINT('',#5445);
#1310=VERTEX_POINT('',#5449);
#1311=VERTEX_POINT('',#5466);
#1312=VERTEX_POINT('',#5469);
#1313=VERTEX_POINT('',#5473);
#1314=VERTEX_POINT('',#5474);
#1315=VERTEX_POINT('',#5476);
#1316=VERTEX_POINT('',#5478);
#1317=VERTEX_POINT('',#5480);
#1318=VERTEX_POINT('',#5482);
#1319=VERTEX_POINT('',#5486);
#1320=VERTEX_POINT('',#5487);
#1321=VERTEX_POINT('',#5492);
#1322=VERTEX_POINT('',#5493);
#1323=VERTEX_POINT('',#5496);
#1324=VERTEX_POINT('',#5498);
#1325=VERTEX_POINT('',#5502);
#1326=VERTEX_POINT('',#5503);
#1327=VERTEX_POINT('',#5505);
#1328=VERTEX_POINT('',#5507);
#1329=VERTEX_POINT('',#5509);
#1330=VERTEX_POINT('',#5511);
#1331=VERTEX_POINT('',#5515);
#1332=VERTEX_POINT('',#5516);
#1333=VERTEX_POINT('',#5518);
#1334=VERTEX_POINT('',#5520);
#1335=VERTEX_POINT('',#5522);
#1336=VERTEX_POINT('',#5524);
#1337=VERTEX_POINT('',#5528);
#1338=VERTEX_POINT('',#5529);
#1339=VERTEX_POINT('',#5531);
#1340=VERTEX_POINT('',#5533);
#1341=VERTEX_POINT('',#5535);
#1342=VERTEX_POINT('',#5537);
#1343=VERTEX_POINT('',#5541);
#1344=VERTEX_POINT('',#5542);
#1345=VERTEX_POINT('',#5544);
#1346=VERTEX_POINT('',#5546);
#1347=VERTEX_POINT('',#5548);
#1348=VERTEX_POINT('',#5550);
#1349=VERTEX_POINT('',#5554);
#1350=VERTEX_POINT('',#5555);
#1351=VERTEX_POINT('',#5557);
#1352=VERTEX_POINT('',#5559);
#1353=VERTEX_POINT('',#5561);
#1354=VERTEX_POINT('',#5563);
#1355=VERTEX_POINT('',#5567);
#1356=VERTEX_POINT('',#5568);
#1357=VERTEX_POINT('',#5570);
#1358=VERTEX_POINT('',#5572);
#1359=VERTEX_POINT('',#5574);
#1360=VERTEX_POINT('',#5576);
#1361=VERTEX_POINT('',#5580);
#1362=VERTEX_POINT('',#5581);
#1363=VERTEX_POINT('',#5583);
#1364=VERTEX_POINT('',#5585);
#1365=VERTEX_POINT('',#5587);
#1366=VERTEX_POINT('',#5589);
#1367=VERTEX_POINT('',#5593);
#1368=VERTEX_POINT('',#5594);
#1369=VERTEX_POINT('',#5596);
#1370=VERTEX_POINT('',#5598);
#1371=VERTEX_POINT('',#5600);
#1372=VERTEX_POINT('',#5602);
#1373=VERTEX_POINT('',#5606);
#1374=VERTEX_POINT('',#5607);
#1375=VERTEX_POINT('',#5609);
#1376=VERTEX_POINT('',#5611);
#1377=VERTEX_POINT('',#5613);
#1378=VERTEX_POINT('',#5615);
#1379=VERTEX_POINT('',#5619);
#1380=VERTEX_POINT('',#5620);
#1381=VERTEX_POINT('',#5622);
#1382=VERTEX_POINT('',#5624);
#1383=VERTEX_POINT('',#5626);
#1384=VERTEX_POINT('',#5628);
#1385=VERTEX_POINT('',#5632);
#1386=VERTEX_POINT('',#5633);
#1387=VERTEX_POINT('',#5635);
#1388=VERTEX_POINT('',#5637);
#1389=VERTEX_POINT('',#5639);
#1390=VERTEX_POINT('',#5641);
#1391=VERTEX_POINT('',#5645);
#1392=VERTEX_POINT('',#5646);
#1393=VERTEX_POINT('',#5648);
#1394=VERTEX_POINT('',#5650);
#1395=VERTEX_POINT('',#5652);
#1396=VERTEX_POINT('',#5654);
#1397=VERTEX_POINT('',#5656);
#1398=VERTEX_POINT('',#5660);
#1399=VERTEX_POINT('',#5661);
#1400=VERTEX_POINT('',#5663);
#1401=VERTEX_POINT('',#5665);
#1402=VERTEX_POINT('',#5667);
#1403=VERTEX_POINT('',#5669);
#1404=VERTEX_POINT('',#5676);
#1405=VERTEX_POINT('',#5677);
#1406=VERTEX_POINT('',#5679);
#1407=VERTEX_POINT('',#5681);
#1408=VERTEX_POINT('',#5683);
#1409=VERTEX_POINT('',#5685);
#1410=VERTEX_POINT('',#5689);
#1411=VERTEX_POINT('',#5690);
#1412=VERTEX_POINT('',#5692);
#1413=VERTEX_POINT('',#5694);
#1414=VERTEX_POINT('',#5696);
#1415=VERTEX_POINT('',#5698);
#1416=VERTEX_POINT('',#5702);
#1417=VERTEX_POINT('',#5703);
#1418=VERTEX_POINT('',#5705);
#1419=VERTEX_POINT('',#5707);
#1420=VERTEX_POINT('',#5709);
#1421=VERTEX_POINT('',#5711);
#1422=VERTEX_POINT('',#5715);
#1423=VERTEX_POINT('',#5716);
#1424=VERTEX_POINT('',#5718);
#1425=VERTEX_POINT('',#5720);
#1426=VERTEX_POINT('',#5722);
#1427=VERTEX_POINT('',#5724);
#1428=VERTEX_POINT('',#5728);
#1429=VERTEX_POINT('',#5729);
#1430=VERTEX_POINT('',#5731);
#1431=VERTEX_POINT('',#5733);
#1432=VERTEX_POINT('',#5735);
#1433=VERTEX_POINT('',#5737);
#1434=VERTEX_POINT('',#5741);
#1435=VERTEX_POINT('',#5742);
#1436=VERTEX_POINT('',#5744);
#1437=VERTEX_POINT('',#5746);
#1438=VERTEX_POINT('',#5748);
#1439=VERTEX_POINT('',#5750);
#1440=VERTEX_POINT('',#5754);
#1441=VERTEX_POINT('',#5755);
#1442=VERTEX_POINT('',#5757);
#1443=VERTEX_POINT('',#5759);
#1444=VERTEX_POINT('',#5761);
#1445=VERTEX_POINT('',#5763);
#1446=VERTEX_POINT('',#5767);
#1447=VERTEX_POINT('',#5768);
#1448=VERTEX_POINT('',#5770);
#1449=VERTEX_POINT('',#5772);
#1450=VERTEX_POINT('',#5774);
#1451=VERTEX_POINT('',#5776);
#1452=VERTEX_POINT('',#5780);
#1453=VERTEX_POINT('',#5781);
#1454=VERTEX_POINT('',#5783);
#1455=VERTEX_POINT('',#5785);
#1456=VERTEX_POINT('',#5787);
#1457=VERTEX_POINT('',#5789);
#1458=VERTEX_POINT('',#5793);
#1459=VERTEX_POINT('',#5794);
#1460=VERTEX_POINT('',#5796);
#1461=VERTEX_POINT('',#5798);
#1462=VERTEX_POINT('',#5800);
#1463=VERTEX_POINT('',#5802);
#1464=VERTEX_POINT('',#5806);
#1465=VERTEX_POINT('',#5807);
#1466=VERTEX_POINT('',#5809);
#1467=VERTEX_POINT('',#5811);
#1468=VERTEX_POINT('',#5813);
#1469=VERTEX_POINT('',#5815);
#1470=VERTEX_POINT('',#5819);
#1471=VERTEX_POINT('',#5820);
#1472=VERTEX_POINT('',#5822);
#1473=VERTEX_POINT('',#5824);
#1474=VERTEX_POINT('',#5826);
#1475=VERTEX_POINT('',#5828);
#1476=VERTEX_POINT('',#5830);
#1477=VERTEX_POINT('',#5834);
#1478=VERTEX_POINT('',#5835);
#1479=VERTEX_POINT('',#5837);
#1480=VERTEX_POINT('',#5839);
#1481=VERTEX_POINT('',#5841);
#1482=VERTEX_POINT('',#5843);
#1483=VERTEX_POINT('',#5853);
#1484=VERTEX_POINT('',#5854);
#1485=VERTEX_POINT('',#5866);
#1486=VERTEX_POINT('',#5868);
#1487=VERTEX_POINT('',#5872);
#1488=VERTEX_POINT('',#5873);
#1489=VERTEX_POINT('',#5885);
#1490=VERTEX_POINT('',#5887);
#1491=VERTEX_POINT('',#5891);
#1492=VERTEX_POINT('',#5892);
#1493=VERTEX_POINT('',#5904);
#1494=VERTEX_POINT('',#5906);
#1495=VERTEX_POINT('',#5910);
#1496=VERTEX_POINT('',#5911);
#1497=VERTEX_POINT('',#5923);
#1498=VERTEX_POINT('',#5925);
#1499=VERTEX_POINT('',#5929);
#1500=VERTEX_POINT('',#5930);
#1501=VERTEX_POINT('',#5942);
#1502=VERTEX_POINT('',#5944);
#1503=VERTEX_POINT('',#5948);
#1504=VERTEX_POINT('',#5949);
#1505=VERTEX_POINT('',#5961);
#1506=VERTEX_POINT('',#5963);
#1507=VERTEX_POINT('',#5967);
#1508=VERTEX_POINT('',#5968);
#1509=VERTEX_POINT('',#5980);
#1510=VERTEX_POINT('',#5982);
#1511=VERTEX_POINT('',#5986);
#1512=VERTEX_POINT('',#5987);
#1513=VERTEX_POINT('',#5999);
#1514=VERTEX_POINT('',#6000);
#1515=VERTEX_POINT('',#6012);
#1516=VERTEX_POINT('',#6013);
#1517=VERTEX_POINT('',#6025);
#1518=VERTEX_POINT('',#6026);
#1519=VERTEX_POINT('',#6045);
#1520=VERTEX_POINT('',#6047);
#1521=VERTEX_POINT('',#6056);
#1522=VERTEX_POINT('',#6058);
#1523=VERTEX_POINT('',#6062);
#1524=VERTEX_POINT('',#6063);
#1525=VERTEX_POINT('',#6074);
#1526=VERTEX_POINT('',#6075);
#1527=VERTEX_POINT('',#6080);
#1528=VERTEX_POINT('',#6082);
#1529=VERTEX_POINT('',#6086);
#1530=VERTEX_POINT('',#6088);
#1531=VERTEX_POINT('',#6092);
#1532=VERTEX_POINT('',#6094);
#1533=VERTEX_POINT('',#6098);
#1534=VERTEX_POINT('',#6100);
#1535=VERTEX_POINT('',#6125);
#1536=VERTEX_POINT('',#6150);
#1537=VERTEX_POINT('',#6151);
#1538=VERTEX_POINT('',#6158);
#1539=VERTEX_POINT('',#6167);
#1540=VERTEX_POINT('',#6171);
#1541=VERTEX_POINT('',#6172);
#1542=VERTEX_POINT('',#6174);
#1543=VERTEX_POINT('',#6176);
#1544=VERTEX_POINT('',#6180);
#1545=VERTEX_POINT('',#6182);
#1546=VERTEX_POINT('',#6186);
#1547=VERTEX_POINT('',#6190);
#1548=VERTEX_POINT('',#6198);
#1549=VERTEX_POINT('',#6203);
#1550=VERTEX_POINT('',#6205);
#1551=VERTEX_POINT('',#6208);
#1552=VERTEX_POINT('',#6210);
#1553=EDGE_CURVE('',#1226,#1226,#1013,.T.);
#1554=EDGE_CURVE('',#1226,#1227,#543,.T.);
#1555=EDGE_CURVE('',#1227,#1227,#1014,.T.);
#1556=EDGE_CURVE('',#1228,#1228,#1015,.T.);
#1557=EDGE_CURVE('',#1228,#1229,#544,.T.);
#1558=EDGE_CURVE('',#1229,#1229,#1016,.T.);
#1559=EDGE_CURVE('',#1230,#1231,#545,.T.);
#1560=EDGE_CURVE('',#1231,#1230,#1017,.T.);
#1561=EDGE_CURVE('',#1232,#1231,#546,.T.);
#1562=EDGE_CURVE('',#1233,#1232,#83,.T.);
#1563=EDGE_CURVE('',#1234,#1233,#547,.F.);
#1564=EDGE_CURVE('',#1235,#1234,#80,.T.);
#1565=EDGE_CURVE('',#1236,#1235,#548,.F.);
#1566=EDGE_CURVE('',#1237,#1236,#84,.T.);
#1567=EDGE_CURVE('',#1237,#1230,#549,.T.);
#1568=EDGE_CURVE('',#1238,#1239,#81,.T.);
#1569=EDGE_CURVE('',#1240,#1238,#550,.F.);
#1570=EDGE_CURVE('',#1241,#1240,#551,.T.);
#1571=EDGE_CURVE('',#1242,#1241,#552,.F.);
#1572=EDGE_CURVE('',#1239,#1242,#82,.T.);
#1573=EDGE_CURVE('',#1237,#1232,#1018,.T.);
#1574=EDGE_CURVE('',#1243,#1244,#1019,.T.);
#1575=EDGE_CURVE('',#1244,#1243,#1020,.T.);
#1576=EDGE_CURVE('',#1244,#1245,#553,.T.);
#1577=EDGE_CURVE('',#1245,#1245,#1021,.T.);
#1578=EDGE_CURVE('',#1246,#1247,#554,.T.);
#1579=EDGE_CURVE('',#1247,#1248,#20,.T.);
#1580=EDGE_CURVE('',#1248,#1249,#21,.F.);
#1581=EDGE_CURVE('',#1249,#1246,#22,.T.);
#1582=EDGE_CURVE('',#1250,#1251,#555,.T.);
#1583=EDGE_CURVE('',#1251,#1252,#23,.T.);
#1584=EDGE_CURVE('',#1252,#1253,#556,.T.);
#1585=EDGE_CURVE('',#1253,#1250,#24,.T.);
#1586=EDGE_CURVE('',#1252,#1247,#25,.T.);
#1587=EDGE_CURVE('',#1246,#1253,#26,.T.);
#1588=EDGE_CURVE('',#1254,#1255,#557,.T.);
#1589=EDGE_CURVE('',#1255,#1256,#27,.T.);
#1590=EDGE_CURVE('',#1256,#1257,#558,.T.);
#1591=EDGE_CURVE('',#1257,#1254,#28,.T.);
#1592=EDGE_CURVE('',#1256,#1251,#29,.T.);
#1593=EDGE_CURVE('',#1250,#1257,#30,.T.);
#1594=EDGE_CURVE('',#1258,#1259,#559,.T.);
#1595=EDGE_CURVE('',#1259,#1260,#31,.T.);
#1596=EDGE_CURVE('',#1260,#1261,#560,.T.);
#1597=EDGE_CURVE('',#1261,#1258,#32,.T.);
#1598=EDGE_CURVE('',#1258,#1255,#33,.T.);
#1599=EDGE_CURVE('',#1254,#1259,#34,.T.);
#1600=EDGE_CURVE('',#1262,#1263,#561,.T.);
#1601=EDGE_CURVE('',#1263,#1264,#35,.T.);
#1602=EDGE_CURVE('',#1264,#1265,#36,.F.);
#1603=EDGE_CURVE('',#1265,#1262,#37,.T.);
#1604=EDGE_CURVE('',#1262,#1261,#38,.T.);
#1605=EDGE_CURVE('',#1260,#1263,#39,.T.);
#1606=EDGE_CURVE('',#1247,#1266,#562,.T.);
#1607=EDGE_CURVE('',#1267,#1266,#563,.T.);
#1608=EDGE_CURVE('',#1248,#1267,#564,.T.);
#1609=EDGE_CURVE('',#1268,#1251,#565,.T.);
#1610=EDGE_CURVE('',#1268,#1269,#1022,.T.);
#1611=EDGE_CURVE('',#1266,#1269,#1023,.T.);
#1612=EDGE_CURVE('',#1258,#1270,#566,.T.);
#1613=EDGE_CURVE('',#1271,#1270,#1024,.T.);
#1614=EDGE_CURVE('',#1271,#1272,#567,.T.);
#1615=EDGE_CURVE('',#1272,#1268,#1025,.T.);
#1616=EDGE_CURVE('',#1273,#1262,#568,.T.);
#1617=EDGE_CURVE('',#1274,#1273,#1026,.T.);
#1618=EDGE_CURVE('',#1270,#1274,#1027,.T.);
#1619=EDGE_CURVE('',#1275,#1265,#569,.T.);
#1620=EDGE_CURVE('',#1273,#1275,#570,.T.);
#1621=EDGE_CURVE('',#1276,#1277,#571,.T.);
#1622=EDGE_CURVE('',#1277,#1278,#40,.T.);
#1623=EDGE_CURVE('',#1278,#1279,#41,.F.);
#1624=EDGE_CURVE('',#1279,#1276,#42,.T.);
#1625=EDGE_CURVE('',#1280,#1281,#572,.T.);
#1626=EDGE_CURVE('',#1281,#1282,#43,.T.);
#1627=EDGE_CURVE('',#1282,#1283,#573,.T.);
#1628=EDGE_CURVE('',#1283,#1280,#44,.T.);
#1629=EDGE_CURVE('',#1282,#1277,#45,.T.);
#1630=EDGE_CURVE('',#1276,#1283,#46,.T.);
#1631=EDGE_CURVE('',#1284,#1285,#574,.T.);
#1632=EDGE_CURVE('',#1285,#1286,#47,.T.);
#1633=EDGE_CURVE('',#1286,#1287,#575,.T.);
#1634=EDGE_CURVE('',#1287,#1284,#48,.T.);
#1635=EDGE_CURVE('',#1286,#1281,#49,.T.);
#1636=EDGE_CURVE('',#1280,#1287,#50,.T.);
#1637=EDGE_CURVE('',#1288,#1289,#576,.T.);
#1638=EDGE_CURVE('',#1289,#1290,#51,.T.);
#1639=EDGE_CURVE('',#1290,#1291,#577,.T.);
#1640=EDGE_CURVE('',#1291,#1288,#52,.T.);
#1641=EDGE_CURVE('',#1288,#1285,#53,.T.);
#1642=EDGE_CURVE('',#1284,#1289,#54,.T.);
#1643=EDGE_CURVE('',#1292,#1293,#578,.T.);
#1644=EDGE_CURVE('',#1293,#1294,#55,.T.);
#1645=EDGE_CURVE('',#1294,#1295,#56,.F.);
#1646=EDGE_CURVE('',#1295,#1292,#57,.T.);
#1647=EDGE_CURVE('',#1292,#1291,#58,.T.);
#1648=EDGE_CURVE('',#1290,#1293,#59,.T.);
#1649=EDGE_CURVE('',#1277,#1296,#579,.T.);
#1650=EDGE_CURVE('',#1297,#1296,#580,.T.);
#1651=EDGE_CURVE('',#1297,#1278,#581,.T.);
#1652=EDGE_CURVE('',#1298,#1281,#582,.T.);
#1653=EDGE_CURVE('',#1299,#1298,#1028,.T.);
#1654=EDGE_CURVE('',#1296,#1299,#1029,.T.);
#1655=EDGE_CURVE('',#1288,#1300,#583,.T.);
#1656=EDGE_CURVE('',#1300,#1301,#1030,.T.);
#1657=EDGE_CURVE('',#1301,#1302,#584,.T.);
#1658=EDGE_CURVE('',#1298,#1302,#1031,.T.);
#1659=EDGE_CURVE('',#1303,#1292,#585,.T.);
#1660=EDGE_CURVE('',#1304,#1303,#1032,.T.);
#1661=EDGE_CURVE('',#1304,#1300,#1033,.T.);
#1662=EDGE_CURVE('',#1295,#1305,#586,.T.);
#1663=EDGE_CURVE('',#1305,#1303,#587,.T.);
#1664=EDGE_CURVE('',#1306,#1307,#1034,.T.);
#1665=EDGE_CURVE('',#1307,#1306,#1035,.T.);
#1666=EDGE_CURVE('',#1306,#1308,#588,.T.);
#1667=EDGE_CURVE('',#1309,#1308,#1036,.T.);
#1668=EDGE_CURVE('',#1308,#1309,#1037,.T.);
#1669=EDGE_CURVE('',#1310,#1310,#1038,.T.);
#1670=EDGE_CURVE('',#1310,#1239,#589,.T.);
#1671=EDGE_CURVE('',#1235,#1242,#60,.F.);
#1672=EDGE_CURVE('',#1238,#1234,#61,.F.);
#1673=EDGE_CURVE('',#1311,#1311,#1039,.T.);
#1674=EDGE_CURVE('',#1312,#1312,#1040,.T.);
#1675=EDGE_CURVE('',#1312,#1243,#590,.T.);
#1676=EDGE_CURVE('',#1313,#1314,#591,.T.);
#1677=EDGE_CURVE('',#1314,#1315,#1041,.T.);
#1678=EDGE_CURVE('',#1315,#1316,#1042,.T.);
#1679=EDGE_CURVE('',#1317,#1316,#1043,.T.);
#1680=EDGE_CURVE('',#1317,#1318,#592,.T.);
#1681=EDGE_CURVE('',#1318,#1313,#593,.T.);
#1682=EDGE_CURVE('',#1319,#1320,#594,.T.);
#1683=EDGE_CURVE('',#1314,#1320,#595,.T.);
#1684=EDGE_CURVE('',#1313,#1319,#596,.T.);
#1685=EDGE_CURVE('',#1321,#1322,#1044,.T.);
#1686=EDGE_CURVE('',#1320,#1321,#1045,.T.);
#1687=EDGE_CURVE('',#1323,#1319,#597,.T.);
#1688=EDGE_CURVE('',#1324,#1323,#598,.T.);
#1689=EDGE_CURVE('',#1322,#1324,#1046,.T.);
#1690=EDGE_CURVE('',#1325,#1326,#599,.T.);
#1691=EDGE_CURVE('',#1326,#1327,#1047,.T.);
#1692=EDGE_CURVE('',#1328,#1327,#1048,.T.);
#1693=EDGE_CURVE('',#1328,#1329,#1049,.T.);
#1694=EDGE_CURVE('',#1329,#1330,#600,.T.);
#1695=EDGE_CURVE('',#1330,#1325,#601,.T.);
#1696=EDGE_CURVE('',#1331,#1332,#1050,.T.);
#1697=EDGE_CURVE('',#1333,#1331,#1051,.T.);
#1698=EDGE_CURVE('',#1334,#1333,#1052,.T.);
#1699=EDGE_CURVE('',#1335,#1334,#602,.T.);
#1700=EDGE_CURVE('',#1336,#1335,#603,.T.);
#1701=EDGE_CURVE('',#1332,#1336,#604,.T.);
#1702=EDGE_CURVE('',#1337,#1338,#1053,.T.);
#1703=EDGE_CURVE('',#1339,#1337,#1054,.T.);
#1704=EDGE_CURVE('',#1340,#1339,#1055,.T.);
#1705=EDGE_CURVE('',#1341,#1340,#605,.T.);
#1706=EDGE_CURVE('',#1342,#1341,#606,.T.);
#1707=EDGE_CURVE('',#1338,#1342,#607,.T.);
#1708=EDGE_CURVE('',#1343,#1344,#1056,.T.);
#1709=EDGE_CURVE('',#1345,#1343,#1057,.T.);
#1710=EDGE_CURVE('',#1346,#1345,#1058,.T.);
#1711=EDGE_CURVE('',#1347,#1346,#608,.T.);
#1712=EDGE_CURVE('',#1348,#1347,#609,.T.);
#1713=EDGE_CURVE('',#1344,#1348,#610,.T.);
#1714=EDGE_CURVE('',#1349,#1350,#1059,.T.);
#1715=EDGE_CURVE('',#1351,#1349,#1060,.T.);
#1716=EDGE_CURVE('',#1352,#1351,#1061,.T.);
#1717=EDGE_CURVE('',#1353,#1352,#611,.T.);
#1718=EDGE_CURVE('',#1354,#1353,#612,.T.);
#1719=EDGE_CURVE('',#1350,#1354,#613,.T.);
#1720=EDGE_CURVE('',#1355,#1356,#1062,.T.);
#1721=EDGE_CURVE('',#1357,#1355,#1063,.T.);
#1722=EDGE_CURVE('',#1358,#1357,#1064,.T.);
#1723=EDGE_CURVE('',#1359,#1358,#614,.T.);
#1724=EDGE_CURVE('',#1360,#1359,#615,.T.);
#1725=EDGE_CURVE('',#1356,#1360,#616,.T.);
#1726=EDGE_CURVE('',#1361,#1362,#1065,.T.);
#1727=EDGE_CURVE('',#1363,#1361,#1066,.T.);
#1728=EDGE_CURVE('',#1364,#1363,#1067,.T.);
#1729=EDGE_CURVE('',#1365,#1364,#617,.T.);
#1730=EDGE_CURVE('',#1366,#1365,#618,.T.);
#1731=EDGE_CURVE('',#1362,#1366,#619,.T.);
#1732=EDGE_CURVE('',#1367,#1368,#1068,.T.);
#1733=EDGE_CURVE('',#1369,#1367,#1069,.T.);
#1734=EDGE_CURVE('',#1370,#1369,#1070,.T.);
#1735=EDGE_CURVE('',#1371,#1370,#620,.T.);
#1736=EDGE_CURVE('',#1372,#1371,#621,.T.);
#1737=EDGE_CURVE('',#1368,#1372,#622,.T.);
#1738=EDGE_CURVE('',#1373,#1374,#1071,.T.);
#1739=EDGE_CURVE('',#1375,#1373,#1072,.T.);
#1740=EDGE_CURVE('',#1376,#1375,#1073,.T.);
#1741=EDGE_CURVE('',#1377,#1376,#623,.T.);
#1742=EDGE_CURVE('',#1378,#1377,#624,.T.);
#1743=EDGE_CURVE('',#1374,#1378,#625,.T.);
#1744=EDGE_CURVE('',#1379,#1380,#1074,.T.);
#1745=EDGE_CURVE('',#1381,#1379,#1075,.T.);
#1746=EDGE_CURVE('',#1382,#1381,#1076,.T.);
#1747=EDGE_CURVE('',#1383,#1382,#626,.T.);
#1748=EDGE_CURVE('',#1384,#1383,#627,.T.);
#1749=EDGE_CURVE('',#1380,#1384,#628,.T.);
#1750=EDGE_CURVE('',#1385,#1386,#1077,.T.);
#1751=EDGE_CURVE('',#1387,#1385,#1078,.T.);
#1752=EDGE_CURVE('',#1388,#1387,#1079,.T.);
#1753=EDGE_CURVE('',#1389,#1388,#629,.T.);
#1754=EDGE_CURVE('',#1390,#1389,#630,.T.);
#1755=EDGE_CURVE('',#1386,#1390,#631,.T.);
#1756=EDGE_CURVE('',#1391,#1392,#1080,.T.);
#1757=EDGE_CURVE('',#1393,#1391,#1081,.T.);
#1758=EDGE_CURVE('',#1394,#1393,#1082,.T.);
#1759=EDGE_CURVE('',#1395,#1394,#1083,.T.);
#1760=EDGE_CURVE('',#1396,#1395,#632,.T.);
#1761=EDGE_CURVE('',#1397,#1396,#633,.T.);
#1762=EDGE_CURVE('',#1392,#1397,#634,.T.);
#1763=EDGE_CURVE('',#1398,#1399,#1084,.T.);
#1764=EDGE_CURVE('',#1400,#1398,#1085,.T.);
#1765=EDGE_CURVE('',#1401,#1400,#1086,.T.);
#1766=EDGE_CURVE('',#1402,#1401,#635,.T.);
#1767=EDGE_CURVE('',#1403,#1402,#636,.T.);
#1768=EDGE_CURVE('',#1399,#1403,#637,.T.);
#1769=EDGE_CURVE('',#1274,#1299,#1087,.T.);
#1770=EDGE_CURVE('',#1275,#1297,#638,.T.);
#1771=EDGE_CURVE('',#1404,#1405,#1088,.T.);
#1772=EDGE_CURVE('',#1405,#1406,#1089,.T.);
#1773=EDGE_CURVE('',#1406,#1407,#639,.T.);
#1774=EDGE_CURVE('',#1408,#1407,#640,.T.);
#1775=EDGE_CURVE('',#1408,#1409,#641,.T.);
#1776=EDGE_CURVE('',#1409,#1404,#1090,.T.);
#1777=EDGE_CURVE('',#1410,#1411,#1091,.T.);
#1778=EDGE_CURVE('',#1410,#1412,#642,.T.);
#1779=EDGE_CURVE('',#1412,#1413,#643,.T.);
#1780=EDGE_CURVE('',#1413,#1414,#644,.T.);
#1781=EDGE_CURVE('',#1414,#1415,#1092,.T.);
#1782=EDGE_CURVE('',#1415,#1411,#1093,.T.);
#1783=EDGE_CURVE('',#1416,#1417,#1094,.T.);
#1784=EDGE_CURVE('',#1416,#1418,#645,.T.);
#1785=EDGE_CURVE('',#1418,#1419,#646,.T.);
#1786=EDGE_CURVE('',#1419,#1420,#647,.T.);
#1787=EDGE_CURVE('',#1420,#1421,#1095,.T.);
#1788=EDGE_CURVE('',#1421,#1417,#1096,.T.);
#1789=EDGE_CURVE('',#1422,#1423,#1097,.T.);
#1790=EDGE_CURVE('',#1422,#1424,#648,.T.);
#1791=EDGE_CURVE('',#1424,#1425,#649,.T.);
#1792=EDGE_CURVE('',#1425,#1426,#650,.T.);
#1793=EDGE_CURVE('',#1426,#1427,#1098,.T.);
#1794=EDGE_CURVE('',#1427,#1423,#1099,.T.);
#1795=EDGE_CURVE('',#1428,#1429,#1100,.T.);
#1796=EDGE_CURVE('',#1428,#1430,#651,.T.);
#1797=EDGE_CURVE('',#1430,#1431,#652,.T.);
#1798=EDGE_CURVE('',#1431,#1432,#653,.T.);
#1799=EDGE_CURVE('',#1432,#1433,#1101,.T.);
#1800=EDGE_CURVE('',#1433,#1429,#1102,.T.);
#1801=EDGE_CURVE('',#1434,#1435,#1103,.T.);
#1802=EDGE_CURVE('',#1434,#1436,#654,.T.);
#1803=EDGE_CURVE('',#1436,#1437,#655,.T.);
#1804=EDGE_CURVE('',#1437,#1438,#656,.T.);
#1805=EDGE_CURVE('',#1438,#1439,#1104,.T.);
#1806=EDGE_CURVE('',#1439,#1435,#1105,.T.);
#1807=EDGE_CURVE('',#1440,#1441,#1106,.T.);
#1808=EDGE_CURVE('',#1440,#1442,#657,.T.);
#1809=EDGE_CURVE('',#1442,#1443,#658,.T.);
#1810=EDGE_CURVE('',#1443,#1444,#659,.T.);
#1811=EDGE_CURVE('',#1444,#1445,#1107,.T.);
#1812=EDGE_CURVE('',#1445,#1441,#1108,.T.);
#1813=EDGE_CURVE('',#1446,#1447,#1109,.T.);
#1814=EDGE_CURVE('',#1446,#1448,#660,.T.);
#1815=EDGE_CURVE('',#1448,#1449,#661,.T.);
#1816=EDGE_CURVE('',#1449,#1450,#662,.T.);
#1817=EDGE_CURVE('',#1450,#1451,#1110,.T.);
#1818=EDGE_CURVE('',#1451,#1447,#1111,.T.);
#1819=EDGE_CURVE('',#1452,#1453,#1112,.T.);
#1820=EDGE_CURVE('',#1452,#1454,#663,.T.);
#1821=EDGE_CURVE('',#1454,#1455,#664,.T.);
#1822=EDGE_CURVE('',#1455,#1456,#665,.T.);
#1823=EDGE_CURVE('',#1456,#1457,#1113,.T.);
#1824=EDGE_CURVE('',#1457,#1453,#1114,.T.);
#1825=EDGE_CURVE('',#1458,#1459,#1115,.T.);
#1826=EDGE_CURVE('',#1458,#1460,#666,.T.);
#1827=EDGE_CURVE('',#1460,#1461,#667,.T.);
#1828=EDGE_CURVE('',#1461,#1462,#668,.T.);
#1829=EDGE_CURVE('',#1462,#1463,#1116,.T.);
#1830=EDGE_CURVE('',#1463,#1459,#1117,.T.);
#1831=EDGE_CURVE('',#1464,#1465,#1118,.T.);
#1832=EDGE_CURVE('',#1464,#1466,#669,.T.);
#1833=EDGE_CURVE('',#1466,#1467,#670,.T.);
#1834=EDGE_CURVE('',#1467,#1468,#671,.T.);
#1835=EDGE_CURVE('',#1468,#1469,#1119,.T.);
#1836=EDGE_CURVE('',#1469,#1465,#1120,.T.);
#1837=EDGE_CURVE('',#1470,#1471,#1121,.T.);
#1838=EDGE_CURVE('',#1470,#1472,#672,.T.);
#1839=EDGE_CURVE('',#1472,#1473,#673,.T.);
#1840=EDGE_CURVE('',#1473,#1474,#674,.T.);
#1841=EDGE_CURVE('',#1474,#1475,#1122,.T.);
#1842=EDGE_CURVE('',#1475,#1476,#1123,.T.);
#1843=EDGE_CURVE('',#1476,#1471,#1124,.T.);
#1844=EDGE_CURVE('',#1477,#1478,#1125,.T.);
#1845=EDGE_CURVE('',#1477,#1479,#675,.T.);
#1846=EDGE_CURVE('',#1479,#1480,#676,.T.);
#1847=EDGE_CURVE('',#1480,#1481,#677,.T.);
#1848=EDGE_CURVE('',#1481,#1482,#1126,.T.);
#1849=EDGE_CURVE('',#1482,#1478,#1127,.T.);
#1850=EDGE_CURVE('',#1269,#1304,#1128,.T.);
#1851=EDGE_CURVE('',#1305,#1267,#678,.T.);
#1852=EDGE_CURVE('',#1302,#1321,#1129,.T.);
#1853=EDGE_CURVE('',#1301,#1315,#1130,.T.);
#1854=EDGE_CURVE('',#1483,#1484,#679,.T.);
#1855=EDGE_CURVE('',#1322,#1484,#1131,.T.);
#1856=EDGE_CURVE('',#1317,#1324,#680,.T.);
#1857=EDGE_CURVE('',#1316,#1483,#1132,.T.);
#1858=EDGE_CURVE('',#1318,#1323,#681,.T.);
#1859=EDGE_CURVE('',#1413,#1335,#682,.T.);
#1860=EDGE_CURVE('',#1414,#1334,#683,.T.);
#1861=EDGE_CURVE('',#1485,#1333,#1133,.T.);
#1862=EDGE_CURVE('',#1486,#1485,#684,.T.);
#1863=EDGE_CURVE('',#1486,#1415,#1134,.T.);
#1864=EDGE_CURVE('',#1487,#1488,#685,.T.);
#1865=EDGE_CURVE('',#1331,#1488,#1135,.T.);
#1866=EDGE_CURVE('',#1410,#1332,#686,.T.);
#1867=EDGE_CURVE('',#1411,#1487,#1136,.T.);
#1868=EDGE_CURVE('',#1412,#1336,#687,.T.);
#1869=EDGE_CURVE('',#1419,#1341,#688,.T.);
#1870=EDGE_CURVE('',#1420,#1340,#689,.T.);
#1871=EDGE_CURVE('',#1489,#1339,#1137,.T.);
#1872=EDGE_CURVE('',#1490,#1489,#690,.T.);
#1873=EDGE_CURVE('',#1490,#1421,#1138,.T.);
#1874=EDGE_CURVE('',#1491,#1492,#691,.T.);
#1875=EDGE_CURVE('',#1337,#1492,#1139,.T.);
#1876=EDGE_CURVE('',#1416,#1338,#692,.T.);
#1877=EDGE_CURVE('',#1417,#1491,#1140,.T.);
#1878=EDGE_CURVE('',#1418,#1342,#693,.T.);
#1879=EDGE_CURVE('',#1425,#1347,#694,.T.);
#1880=EDGE_CURVE('',#1426,#1346,#695,.T.);
#1881=EDGE_CURVE('',#1493,#1345,#1141,.T.);
#1882=EDGE_CURVE('',#1494,#1493,#696,.T.);
#1883=EDGE_CURVE('',#1494,#1427,#1142,.T.);
#1884=EDGE_CURVE('',#1495,#1496,#697,.T.);
#1885=EDGE_CURVE('',#1343,#1496,#1143,.T.);
#1886=EDGE_CURVE('',#1422,#1344,#698,.T.);
#1887=EDGE_CURVE('',#1423,#1495,#1144,.T.);
#1888=EDGE_CURVE('',#1424,#1348,#699,.T.);
#1889=EDGE_CURVE('',#1431,#1353,#700,.T.);
#1890=EDGE_CURVE('',#1432,#1352,#701,.T.);
#1891=EDGE_CURVE('',#1497,#1351,#1145,.T.);
#1892=EDGE_CURVE('',#1498,#1497,#702,.T.);
#1893=EDGE_CURVE('',#1498,#1433,#1146,.T.);
#1894=EDGE_CURVE('',#1499,#1500,#703,.T.);
#1895=EDGE_CURVE('',#1349,#1500,#1147,.T.);
#1896=EDGE_CURVE('',#1428,#1350,#704,.T.);
#1897=EDGE_CURVE('',#1429,#1499,#1148,.T.);
#1898=EDGE_CURVE('',#1430,#1354,#705,.T.);
#1899=EDGE_CURVE('',#1437,#1359,#706,.T.);
#1900=EDGE_CURVE('',#1438,#1358,#707,.T.);
#1901=EDGE_CURVE('',#1501,#1357,#1149,.T.);
#1902=EDGE_CURVE('',#1502,#1501,#708,.T.);
#1903=EDGE_CURVE('',#1502,#1439,#1150,.T.);
#1904=EDGE_CURVE('',#1503,#1504,#709,.T.);
#1905=EDGE_CURVE('',#1355,#1504,#1151,.T.);
#1906=EDGE_CURVE('',#1434,#1356,#710,.T.);
#1907=EDGE_CURVE('',#1435,#1503,#1152,.T.);
#1908=EDGE_CURVE('',#1436,#1360,#711,.T.);
#1909=EDGE_CURVE('',#1443,#1365,#712,.T.);
#1910=EDGE_CURVE('',#1444,#1364,#713,.T.);
#1911=EDGE_CURVE('',#1505,#1363,#1153,.T.);
#1912=EDGE_CURVE('',#1506,#1505,#714,.T.);
#1913=EDGE_CURVE('',#1506,#1445,#1154,.T.);
#1914=EDGE_CURVE('',#1507,#1508,#715,.T.);
#1915=EDGE_CURVE('',#1361,#1508,#1155,.T.);
#1916=EDGE_CURVE('',#1440,#1362,#716,.T.);
#1917=EDGE_CURVE('',#1441,#1507,#1156,.T.);
#1918=EDGE_CURVE('',#1442,#1366,#717,.T.);
#1919=EDGE_CURVE('',#1449,#1371,#718,.T.);
#1920=EDGE_CURVE('',#1450,#1370,#719,.T.);
#1921=EDGE_CURVE('',#1509,#1369,#1157,.T.);
#1922=EDGE_CURVE('',#1510,#1509,#720,.T.);
#1923=EDGE_CURVE('',#1510,#1451,#1158,.T.);
#1924=EDGE_CURVE('',#1511,#1512,#721,.T.);
#1925=EDGE_CURVE('',#1367,#1512,#1159,.T.);
#1926=EDGE_CURVE('',#1446,#1368,#722,.T.);
#1927=EDGE_CURVE('',#1447,#1511,#1160,.T.);
#1928=EDGE_CURVE('',#1448,#1372,#723,.T.);
#1929=EDGE_CURVE('',#1455,#1377,#724,.T.);
#1930=EDGE_CURVE('',#1456,#1376,#725,.T.);
#1931=EDGE_CURVE('',#1513,#1514,#726,.T.);
#1932=EDGE_CURVE('',#1373,#1514,#1161,.T.);
#1933=EDGE_CURVE('',#1452,#1374,#727,.T.);
#1934=EDGE_CURVE('',#1453,#1513,#1162,.T.);
#1935=EDGE_CURVE('',#1454,#1378,#728,.T.);
#1936=EDGE_CURVE('',#1461,#1383,#729,.T.);
#1937=EDGE_CURVE('',#1462,#1382,#730,.T.);
#1938=EDGE_CURVE('',#1515,#1516,#731,.T.);
#1939=EDGE_CURVE('',#1379,#1516,#1163,.T.);
#1940=EDGE_CURVE('',#1458,#1380,#732,.T.);
#1941=EDGE_CURVE('',#1459,#1515,#1164,.T.);
#1942=EDGE_CURVE('',#1460,#1384,#733,.T.);
#1943=EDGE_CURVE('',#1467,#1389,#734,.T.);
#1944=EDGE_CURVE('',#1468,#1388,#735,.T.);
#1945=EDGE_CURVE('',#1517,#1518,#736,.T.);
#1946=EDGE_CURVE('',#1385,#1518,#1165,.T.);
#1947=EDGE_CURVE('',#1464,#1386,#737,.T.);
#1948=EDGE_CURVE('',#1465,#1517,#1166,.T.);
#1949=EDGE_CURVE('',#1466,#1390,#738,.T.);
#1950=EDGE_CURVE('',#1473,#1396,#739,.T.);
#1951=EDGE_CURVE('',#1474,#1395,#740,.T.);
#1952=EDGE_CURVE('',#1470,#1392,#741,.T.);
#1953=EDGE_CURVE('',#1472,#1397,#742,.T.);
#1954=EDGE_CURVE('',#1480,#1402,#743,.T.);
#1955=EDGE_CURVE('',#1481,#1401,#744,.T.);
#1956=EDGE_CURVE('',#1519,#1400,#1167,.T.);
#1957=EDGE_CURVE('',#1520,#1519,#745,.T.);
#1958=EDGE_CURVE('',#1520,#1482,#1168,.T.);
#1959=EDGE_CURVE('',#1477,#1399,#746,.T.);
#1960=EDGE_CURVE('',#1479,#1403,#747,.T.);
#1961=EDGE_CURVE('',#1329,#1409,#748,.T.);
#1962=EDGE_CURVE('',#1521,#1328,#1169,.T.);
#1963=EDGE_CURVE('',#1522,#1521,#749,.T.);
#1964=EDGE_CURVE('',#1522,#1404,#1170,.T.);
#1965=EDGE_CURVE('',#1523,#1524,#750,.T.);
#1966=EDGE_CURVE('',#1523,#1522,#1171,.T.);
#1967=EDGE_CURVE('',#1524,#1521,#1172,.T.);
#1968=EDGE_CURVE('',#1330,#1408,#751,.T.);
#1969=EDGE_CURVE('',#1325,#1407,#752,.T.);
#1970=EDGE_CURVE('',#1406,#1326,#753,.T.);
#1971=EDGE_CURVE('',#1525,#1526,#754,.T.);
#1972=EDGE_CURVE('',#1525,#1520,#1173,.T.);
#1973=EDGE_CURVE('',#1526,#1519,#1174,.T.);
#1974=EDGE_CURVE('',#1517,#1527,#1175,.T.);
#1975=EDGE_CURVE('',#1527,#1528,#755,.T.);
#1976=EDGE_CURVE('',#1518,#1528,#1176,.T.);
#1977=EDGE_CURVE('',#1515,#1529,#1177,.T.);
#1978=EDGE_CURVE('',#1529,#1530,#756,.T.);
#1979=EDGE_CURVE('',#1516,#1530,#1178,.T.);
#1980=EDGE_CURVE('',#1513,#1531,#1179,.T.);
#1981=EDGE_CURVE('',#1531,#1532,#757,.T.);
#1982=EDGE_CURVE('',#1514,#1532,#1180,.T.);
#1983=EDGE_CURVE('',#1511,#1533,#1181,.T.);
#1984=EDGE_CURVE('',#1533,#1534,#758,.T.);
#1985=EDGE_CURVE('',#1512,#1534,#1182,.T.);
#1986=EDGE_CURVE('',#1507,#1510,#1183,.T.);
#1987=EDGE_CURVE('',#1508,#1509,#1184,.T.);
#1988=EDGE_CURVE('',#1503,#1506,#1185,.T.);
#1989=EDGE_CURVE('',#1504,#1505,#1186,.T.);
#1990=EDGE_CURVE('',#1499,#1502,#1187,.T.);
#1991=EDGE_CURVE('',#1500,#1501,#1188,.T.);
#1992=EDGE_CURVE('',#1495,#1498,#1189,.T.);
#1993=EDGE_CURVE('',#1496,#1497,#1190,.T.);
#1994=EDGE_CURVE('',#1491,#1494,#1191,.T.);
#1995=EDGE_CURVE('',#1492,#1493,#1192,.T.);
#1996=EDGE_CURVE('',#1487,#1490,#1193,.T.);
#1997=EDGE_CURVE('',#1488,#1489,#1194,.T.);
#1998=EDGE_CURVE('',#1483,#1486,#1195,.T.);
#1999=EDGE_CURVE('',#1484,#1485,#1196,.T.);
#2000=EDGE_CURVE('',#1264,#1535,#1197,.T.);
#2001=EDGE_CURVE('',#1535,#1279,#1198,.T.);
#2002=EDGE_CURVE('',#1405,#1272,#1199,.T.);
#2003=EDGE_CURVE('',#1327,#1271,#1200,.T.);
#2004=EDGE_CURVE('',#1478,#1523,#1201,.T.);
#2005=EDGE_CURVE('',#1398,#1524,#1202,.T.);
#2006=EDGE_CURVE('',#1471,#1525,#1203,.T.);
#2007=EDGE_CURVE('',#1391,#1526,#1204,.T.);
#2008=EDGE_CURVE('',#1527,#1475,#1205,.T.);
#2009=EDGE_CURVE('',#1528,#1394,#1206,.T.);
#2010=EDGE_CURVE('',#1530,#1387,#1207,.T.);
#2011=EDGE_CURVE('',#1529,#1469,#1208,.T.);
#2012=EDGE_CURVE('',#1532,#1381,#1209,.T.);
#2013=EDGE_CURVE('',#1531,#1463,#1210,.T.);
#2014=EDGE_CURVE('',#1534,#1375,#1211,.T.);
#2015=EDGE_CURVE('',#1533,#1457,#1212,.T.);
#2016=EDGE_CURVE('',#1536,#1537,#1213,.T.);
#2017=EDGE_CURVE('',#1537,#1536,#1214,.T.);
#2018=EDGE_CURVE('',#1536,#1476,#759,.T.);
#2019=EDGE_CURVE('',#1537,#1312,#1215,.T.);
#2020=EDGE_CURVE('',#1538,#1236,#1216,.F.);
#2021=EDGE_CURVE('',#1538,#1311,#760,.T.);
#2022=EDGE_CURVE('',#1233,#1538,#1217,.F.);
#2023=EDGE_CURVE('',#1307,#1393,#761,.T.);
#2024=EDGE_CURVE('',#1294,#1249,#1218,.T.);
#2025=EDGE_CURVE('',#1535,#1539,#762,.T.);
#2026=EDGE_CURVE('',#1539,#1539,#1219,.T.);
#2027=EDGE_CURVE('',#1540,#1541,#763,.T.);
#2028=EDGE_CURVE('',#1540,#1542,#764,.T.);
#2029=EDGE_CURVE('',#1542,#1543,#765,.T.);
#2030=EDGE_CURVE('',#1543,#1541,#766,.T.);
#2031=EDGE_CURVE('',#1544,#1540,#767,.T.);
#2032=EDGE_CURVE('',#1545,#1544,#768,.T.);
#2033=EDGE_CURVE('',#1542,#1545,#769,.T.);
#2034=EDGE_CURVE('',#1541,#1546,#770,.T.);
#2035=EDGE_CURVE('',#1544,#1546,#771,.T.);
#2036=EDGE_CURVE('',#1547,#1545,#772,.T.);
#2037=EDGE_CURVE('',#1543,#1547,#773,.T.);
#2038=EDGE_CURVE('',#1546,#1547,#774,.T.);
#2039=EDGE_CURVE('',#1240,#1241,#1220,.F.);
#2040=EDGE_CURVE('',#1548,#1548,#1221,.T.);
#2041=EDGE_CURVE('',#1548,#1309,#775,.T.);
#2042=EDGE_CURVE('',#1549,#1549,#1222,.T.);
#2043=EDGE_CURVE('',#1550,#1550,#1223,.T.);
#2044=EDGE_CURVE('',#1551,#1551,#1224,.T.);
#2045=EDGE_CURVE('',#1552,#1552,#1225,.T.);
#2046=EDGE_CURVE('',#1552,#1550,#776,.T.);
#2047=EDGE_CURVE('',#1549,#1551,#777,.T.);
#2048=ORIENTED_EDGE('',*,*,#1553,.T.);
#2049=ORIENTED_EDGE('',*,*,#1554,.T.);
#2050=ORIENTED_EDGE('',*,*,#1555,.T.);
#2051=ORIENTED_EDGE('',*,*,#1554,.F.);
#2052=ORIENTED_EDGE('',*,*,#1555,.F.);
#2053=ORIENTED_EDGE('',*,*,#1556,.F.);
#2054=ORIENTED_EDGE('',*,*,#1556,.T.);
#2055=ORIENTED_EDGE('',*,*,#1557,.T.);
#2056=ORIENTED_EDGE('',*,*,#1558,.T.);
#2057=ORIENTED_EDGE('',*,*,#1557,.F.);
#2058=ORIENTED_EDGE('',*,*,#1553,.F.);
#2059=ORIENTED_EDGE('',*,*,#1558,.F.);
#2060=ORIENTED_EDGE('',*,*,#1559,.F.);
#2061=ORIENTED_EDGE('',*,*,#1560,.F.);
#2062=ORIENTED_EDGE('',*,*,#1559,.T.);
#2063=ORIENTED_EDGE('',*,*,#1561,.F.);
#2064=ORIENTED_EDGE('',*,*,#1562,.F.);
#2065=ORIENTED_EDGE('',*,*,#1563,.F.);
#2066=ORIENTED_EDGE('',*,*,#1564,.F.);
#2067=ORIENTED_EDGE('',*,*,#1565,.F.);
#2068=ORIENTED_EDGE('',*,*,#1566,.F.);
#2069=ORIENTED_EDGE('',*,*,#1567,.T.);
#2070=ORIENTED_EDGE('',*,*,#1568,.F.);
#2071=ORIENTED_EDGE('',*,*,#1569,.F.);
#2072=ORIENTED_EDGE('',*,*,#1570,.F.);
#2073=ORIENTED_EDGE('',*,*,#1571,.F.);
#2074=ORIENTED_EDGE('',*,*,#1572,.F.);
#2075=ORIENTED_EDGE('',*,*,#1560,.T.);
#2076=ORIENTED_EDGE('',*,*,#1567,.F.);
#2077=ORIENTED_EDGE('',*,*,#1573,.T.);
#2078=ORIENTED_EDGE('',*,*,#1561,.T.);
#2079=ORIENTED_EDGE('',*,*,#1574,.F.);
#2080=ORIENTED_EDGE('',*,*,#1575,.F.);
#2081=ORIENTED_EDGE('',*,*,#1576,.T.);
#2082=ORIENTED_EDGE('',*,*,#1577,.F.);
#2083=ORIENTED_EDGE('',*,*,#1576,.F.);
#2084=ORIENTED_EDGE('',*,*,#1578,.T.);
#2085=ORIENTED_EDGE('',*,*,#1579,.T.);
#2086=ORIENTED_EDGE('',*,*,#1580,.T.);
#2087=ORIENTED_EDGE('',*,*,#1581,.T.);
#2088=ORIENTED_EDGE('',*,*,#1582,.T.);
#2089=ORIENTED_EDGE('',*,*,#1583,.T.);
#2090=ORIENTED_EDGE('',*,*,#1584,.T.);
#2091=ORIENTED_EDGE('',*,*,#1585,.T.);
#2092=ORIENTED_EDGE('',*,*,#1584,.F.);
#2093=ORIENTED_EDGE('',*,*,#1586,.T.);
#2094=ORIENTED_EDGE('',*,*,#1578,.F.);
#2095=ORIENTED_EDGE('',*,*,#1587,.T.);
#2096=ORIENTED_EDGE('',*,*,#1588,.T.);
#2097=ORIENTED_EDGE('',*,*,#1589,.T.);
#2098=ORIENTED_EDGE('',*,*,#1590,.T.);
#2099=ORIENTED_EDGE('',*,*,#1591,.T.);
#2100=ORIENTED_EDGE('',*,*,#1590,.F.);
#2101=ORIENTED_EDGE('',*,*,#1592,.T.);
#2102=ORIENTED_EDGE('',*,*,#1582,.F.);
#2103=ORIENTED_EDGE('',*,*,#1593,.T.);
#2104=ORIENTED_EDGE('',*,*,#1594,.T.);
#2105=ORIENTED_EDGE('',*,*,#1595,.T.);
#2106=ORIENTED_EDGE('',*,*,#1596,.T.);
#2107=ORIENTED_EDGE('',*,*,#1597,.T.);
#2108=ORIENTED_EDGE('',*,*,#1594,.F.);
#2109=ORIENTED_EDGE('',*,*,#1598,.T.);
#2110=ORIENTED_EDGE('',*,*,#1588,.F.);
#2111=ORIENTED_EDGE('',*,*,#1599,.T.);
#2112=ORIENTED_EDGE('',*,*,#1600,.T.);
#2113=ORIENTED_EDGE('',*,*,#1601,.T.);
#2114=ORIENTED_EDGE('',*,*,#1602,.T.);
#2115=ORIENTED_EDGE('',*,*,#1603,.T.);
#2116=ORIENTED_EDGE('',*,*,#1600,.F.);
#2117=ORIENTED_EDGE('',*,*,#1604,.T.);
#2118=ORIENTED_EDGE('',*,*,#1596,.F.);
#2119=ORIENTED_EDGE('',*,*,#1605,.T.);
#2120=ORIENTED_EDGE('',*,*,#1579,.F.);
#2121=ORIENTED_EDGE('',*,*,#1606,.T.);
#2122=ORIENTED_EDGE('',*,*,#1607,.F.);
#2123=ORIENTED_EDGE('',*,*,#1608,.F.);
#2124=ORIENTED_EDGE('',*,*,#1586,.F.);
#2125=ORIENTED_EDGE('',*,*,#1583,.F.);
#2126=ORIENTED_EDGE('',*,*,#1609,.F.);
#2127=ORIENTED_EDGE('',*,*,#1610,.T.);
#2128=ORIENTED_EDGE('',*,*,#1611,.F.);
#2129=ORIENTED_EDGE('',*,*,#1606,.F.);
#2130=ORIENTED_EDGE('',*,*,#1592,.F.);
#2131=ORIENTED_EDGE('',*,*,#1589,.F.);
#2132=ORIENTED_EDGE('',*,*,#1598,.F.);
#2133=ORIENTED_EDGE('',*,*,#1612,.T.);
#2134=ORIENTED_EDGE('',*,*,#1613,.F.);
#2135=ORIENTED_EDGE('',*,*,#1614,.T.);
#2136=ORIENTED_EDGE('',*,*,#1615,.T.);
#2137=ORIENTED_EDGE('',*,*,#1609,.T.);
#2138=ORIENTED_EDGE('',*,*,#1597,.F.);
#2139=ORIENTED_EDGE('',*,*,#1604,.F.);
#2140=ORIENTED_EDGE('',*,*,#1616,.F.);
#2141=ORIENTED_EDGE('',*,*,#1617,.F.);
#2142=ORIENTED_EDGE('',*,*,#1618,.F.);
#2143=ORIENTED_EDGE('',*,*,#1612,.F.);
#2144=ORIENTED_EDGE('',*,*,#1603,.F.);
#2145=ORIENTED_EDGE('',*,*,#1619,.F.);
#2146=ORIENTED_EDGE('',*,*,#1620,.F.);
#2147=ORIENTED_EDGE('',*,*,#1616,.T.);
#2148=ORIENTED_EDGE('',*,*,#1621,.T.);
#2149=ORIENTED_EDGE('',*,*,#1622,.T.);
#2150=ORIENTED_EDGE('',*,*,#1623,.T.);
#2151=ORIENTED_EDGE('',*,*,#1624,.T.);
#2152=ORIENTED_EDGE('',*,*,#1625,.T.);
#2153=ORIENTED_EDGE('',*,*,#1626,.T.);
#2154=ORIENTED_EDGE('',*,*,#1627,.T.);
#2155=ORIENTED_EDGE('',*,*,#1628,.T.);
#2156=ORIENTED_EDGE('',*,*,#1627,.F.);
#2157=ORIENTED_EDGE('',*,*,#1629,.T.);
#2158=ORIENTED_EDGE('',*,*,#1621,.F.);
#2159=ORIENTED_EDGE('',*,*,#1630,.T.);
#2160=ORIENTED_EDGE('',*,*,#1631,.T.);
#2161=ORIENTED_EDGE('',*,*,#1632,.T.);
#2162=ORIENTED_EDGE('',*,*,#1633,.T.);
#2163=ORIENTED_EDGE('',*,*,#1634,.T.);
#2164=ORIENTED_EDGE('',*,*,#1633,.F.);
#2165=ORIENTED_EDGE('',*,*,#1635,.T.);
#2166=ORIENTED_EDGE('',*,*,#1625,.F.);
#2167=ORIENTED_EDGE('',*,*,#1636,.T.);
#2168=ORIENTED_EDGE('',*,*,#1637,.T.);
#2169=ORIENTED_EDGE('',*,*,#1638,.T.);
#2170=ORIENTED_EDGE('',*,*,#1639,.T.);
#2171=ORIENTED_EDGE('',*,*,#1640,.T.);
#2172=ORIENTED_EDGE('',*,*,#1637,.F.);
#2173=ORIENTED_EDGE('',*,*,#1641,.T.);
#2174=ORIENTED_EDGE('',*,*,#1631,.F.);
#2175=ORIENTED_EDGE('',*,*,#1642,.T.);
#2176=ORIENTED_EDGE('',*,*,#1643,.T.);
#2177=ORIENTED_EDGE('',*,*,#1644,.T.);
#2178=ORIENTED_EDGE('',*,*,#1645,.T.);
#2179=ORIENTED_EDGE('',*,*,#1646,.T.);
#2180=ORIENTED_EDGE('',*,*,#1643,.F.);
#2181=ORIENTED_EDGE('',*,*,#1647,.T.);
#2182=ORIENTED_EDGE('',*,*,#1639,.F.);
#2183=ORIENTED_EDGE('',*,*,#1648,.T.);
#2184=ORIENTED_EDGE('',*,*,#1622,.F.);
#2185=ORIENTED_EDGE('',*,*,#1649,.T.);
#2186=ORIENTED_EDGE('',*,*,#1650,.F.);
#2187=ORIENTED_EDGE('',*,*,#1651,.T.);
#2188=ORIENTED_EDGE('',*,*,#1629,.F.);
#2189=ORIENTED_EDGE('',*,*,#1626,.F.);
#2190=ORIENTED_EDGE('',*,*,#1652,.F.);
#2191=ORIENTED_EDGE('',*,*,#1653,.F.);
#2192=ORIENTED_EDGE('',*,*,#1654,.F.);
#2193=ORIENTED_EDGE('',*,*,#1649,.F.);
#2194=ORIENTED_EDGE('',*,*,#1635,.F.);
#2195=ORIENTED_EDGE('',*,*,#1632,.F.);
#2196=ORIENTED_EDGE('',*,*,#1641,.F.);
#2197=ORIENTED_EDGE('',*,*,#1655,.T.);
#2198=ORIENTED_EDGE('',*,*,#1656,.T.);
#2199=ORIENTED_EDGE('',*,*,#1657,.T.);
#2200=ORIENTED_EDGE('',*,*,#1658,.F.);
#2201=ORIENTED_EDGE('',*,*,#1652,.T.);
#2202=ORIENTED_EDGE('',*,*,#1640,.F.);
#2203=ORIENTED_EDGE('',*,*,#1647,.F.);
#2204=ORIENTED_EDGE('',*,*,#1659,.F.);
#2205=ORIENTED_EDGE('',*,*,#1660,.F.);
#2206=ORIENTED_EDGE('',*,*,#1661,.T.);
#2207=ORIENTED_EDGE('',*,*,#1655,.F.);
#2208=ORIENTED_EDGE('',*,*,#1646,.F.);
#2209=ORIENTED_EDGE('',*,*,#1662,.T.);
#2210=ORIENTED_EDGE('',*,*,#1663,.T.);
#2211=ORIENTED_EDGE('',*,*,#1659,.T.);
#2212=ORIENTED_EDGE('',*,*,#1664,.T.);
#2213=ORIENTED_EDGE('',*,*,#1665,.T.);
#2214=ORIENTED_EDGE('',*,*,#1666,.T.);
#2215=ORIENTED_EDGE('',*,*,#1667,.F.);
#2216=ORIENTED_EDGE('',*,*,#1668,.F.);
#2217=ORIENTED_EDGE('',*,*,#1666,.F.);
#2218=ORIENTED_EDGE('',*,*,#1669,.T.);
#2219=ORIENTED_EDGE('',*,*,#1670,.T.);
#2220=ORIENTED_EDGE('',*,*,#1572,.T.);
#2221=ORIENTED_EDGE('',*,*,#1671,.F.);
#2222=ORIENTED_EDGE('',*,*,#1564,.T.);
#2223=ORIENTED_EDGE('',*,*,#1672,.F.);
#2224=ORIENTED_EDGE('',*,*,#1568,.T.);
#2225=ORIENTED_EDGE('',*,*,#1670,.F.);
#2226=ORIENTED_EDGE('',*,*,#1577,.T.);
#2227=ORIENTED_EDGE('',*,*,#1673,.T.);
#2228=ORIENTED_EDGE('',*,*,#1674,.F.);
#2229=ORIENTED_EDGE('',*,*,#1675,.T.);
#2230=ORIENTED_EDGE('',*,*,#1574,.T.);
#2231=ORIENTED_EDGE('',*,*,#1575,.T.);
#2232=ORIENTED_EDGE('',*,*,#1675,.F.);
#2233=ORIENTED_EDGE('',*,*,#1676,.T.);
#2234=ORIENTED_EDGE('',*,*,#1677,.T.);
#2235=ORIENTED_EDGE('',*,*,#1678,.T.);
#2236=ORIENTED_EDGE('',*,*,#1679,.F.);
#2237=ORIENTED_EDGE('',*,*,#1680,.T.);
#2238=ORIENTED_EDGE('',*,*,#1681,.T.);
#2239=ORIENTED_EDGE('',*,*,#1682,.T.);
#2240=ORIENTED_EDGE('',*,*,#1683,.F.);
#2241=ORIENTED_EDGE('',*,*,#1676,.F.);
#2242=ORIENTED_EDGE('',*,*,#1684,.T.);
#2243=ORIENTED_EDGE('',*,*,#1685,.F.);
#2244=ORIENTED_EDGE('',*,*,#1686,.F.);
#2245=ORIENTED_EDGE('',*,*,#1682,.F.);
#2246=ORIENTED_EDGE('',*,*,#1687,.F.);
#2247=ORIENTED_EDGE('',*,*,#1688,.F.);
#2248=ORIENTED_EDGE('',*,*,#1689,.F.);
#2249=ORIENTED_EDGE('',*,*,#1690,.T.);
#2250=ORIENTED_EDGE('',*,*,#1691,.T.);
#2251=ORIENTED_EDGE('',*,*,#1692,.F.);
#2252=ORIENTED_EDGE('',*,*,#1693,.T.);
#2253=ORIENTED_EDGE('',*,*,#1694,.T.);
#2254=ORIENTED_EDGE('',*,*,#1695,.T.);
#2255=ORIENTED_EDGE('',*,*,#1696,.F.);
#2256=ORIENTED_EDGE('',*,*,#1697,.F.);
#2257=ORIENTED_EDGE('',*,*,#1698,.F.);
#2258=ORIENTED_EDGE('',*,*,#1699,.F.);
#2259=ORIENTED_EDGE('',*,*,#1700,.F.);
#2260=ORIENTED_EDGE('',*,*,#1701,.F.);
#2261=ORIENTED_EDGE('',*,*,#1702,.F.);
#2262=ORIENTED_EDGE('',*,*,#1703,.F.);
#2263=ORIENTED_EDGE('',*,*,#1704,.F.);
#2264=ORIENTED_EDGE('',*,*,#1705,.F.);
#2265=ORIENTED_EDGE('',*,*,#1706,.F.);
#2266=ORIENTED_EDGE('',*,*,#1707,.F.);
#2267=ORIENTED_EDGE('',*,*,#1708,.F.);
#2268=ORIENTED_EDGE('',*,*,#1709,.F.);
#2269=ORIENTED_EDGE('',*,*,#1710,.F.);
#2270=ORIENTED_EDGE('',*,*,#1711,.F.);
#2271=ORIENTED_EDGE('',*,*,#1712,.F.);
#2272=ORIENTED_EDGE('',*,*,#1713,.F.);
#2273=ORIENTED_EDGE('',*,*,#1714,.F.);
#2274=ORIENTED_EDGE('',*,*,#1715,.F.);
#2275=ORIENTED_EDGE('',*,*,#1716,.F.);
#2276=ORIENTED_EDGE('',*,*,#1717,.F.);
#2277=ORIENTED_EDGE('',*,*,#1718,.F.);
#2278=ORIENTED_EDGE('',*,*,#1719,.F.);
#2279=ORIENTED_EDGE('',*,*,#1720,.F.);
#2280=ORIENTED_EDGE('',*,*,#1721,.F.);
#2281=ORIENTED_EDGE('',*,*,#1722,.F.);
#2282=ORIENTED_EDGE('',*,*,#1723,.F.);
#2283=ORIENTED_EDGE('',*,*,#1724,.F.);
#2284=ORIENTED_EDGE('',*,*,#1725,.F.);
#2285=ORIENTED_EDGE('',*,*,#1726,.F.);
#2286=ORIENTED_EDGE('',*,*,#1727,.F.);
#2287=ORIENTED_EDGE('',*,*,#1728,.F.);
#2288=ORIENTED_EDGE('',*,*,#1729,.F.);
#2289=ORIENTED_EDGE('',*,*,#1730,.F.);
#2290=ORIENTED_EDGE('',*,*,#1731,.F.);
#2291=ORIENTED_EDGE('',*,*,#1732,.F.);
#2292=ORIENTED_EDGE('',*,*,#1733,.F.);
#2293=ORIENTED_EDGE('',*,*,#1734,.F.);
#2294=ORIENTED_EDGE('',*,*,#1735,.F.);
#2295=ORIENTED_EDGE('',*,*,#1736,.F.);
#2296=ORIENTED_EDGE('',*,*,#1737,.F.);
#2297=ORIENTED_EDGE('',*,*,#1738,.F.);
#2298=ORIENTED_EDGE('',*,*,#1739,.F.);
#2299=ORIENTED_EDGE('',*,*,#1740,.F.);
#2300=ORIENTED_EDGE('',*,*,#1741,.F.);
#2301=ORIENTED_EDGE('',*,*,#1742,.F.);
#2302=ORIENTED_EDGE('',*,*,#1743,.F.);
#2303=ORIENTED_EDGE('',*,*,#1744,.F.);
#2304=ORIENTED_EDGE('',*,*,#1745,.F.);
#2305=ORIENTED_EDGE('',*,*,#1746,.F.);
#2306=ORIENTED_EDGE('',*,*,#1747,.F.);
#2307=ORIENTED_EDGE('',*,*,#1748,.F.);
#2308=ORIENTED_EDGE('',*,*,#1749,.F.);
#2309=ORIENTED_EDGE('',*,*,#1750,.F.);
#2310=ORIENTED_EDGE('',*,*,#1751,.F.);
#2311=ORIENTED_EDGE('',*,*,#1752,.F.);
#2312=ORIENTED_EDGE('',*,*,#1753,.F.);
#2313=ORIENTED_EDGE('',*,*,#1754,.F.);
#2314=ORIENTED_EDGE('',*,*,#1755,.F.);
#2315=ORIENTED_EDGE('',*,*,#1756,.F.);
#2316=ORIENTED_EDGE('',*,*,#1757,.F.);
#2317=ORIENTED_EDGE('',*,*,#1758,.F.);
#2318=ORIENTED_EDGE('',*,*,#1759,.F.);
#2319=ORIENTED_EDGE('',*,*,#1760,.F.);
#2320=ORIENTED_EDGE('',*,*,#1761,.F.);
#2321=ORIENTED_EDGE('',*,*,#1762,.F.);
#2322=ORIENTED_EDGE('',*,*,#1763,.F.);
#2323=ORIENTED_EDGE('',*,*,#1764,.F.);
#2324=ORIENTED_EDGE('',*,*,#1765,.F.);
#2325=ORIENTED_EDGE('',*,*,#1766,.F.);
#2326=ORIENTED_EDGE('',*,*,#1767,.F.);
#2327=ORIENTED_EDGE('',*,*,#1768,.F.);
#2328=ORIENTED_EDGE('',*,*,#1650,.T.);
#2329=ORIENTED_EDGE('',*,*,#1654,.T.);
#2330=ORIENTED_EDGE('',*,*,#1769,.F.);
#2331=ORIENTED_EDGE('',*,*,#1617,.T.);
#2332=ORIENTED_EDGE('',*,*,#1620,.T.);
#2333=ORIENTED_EDGE('',*,*,#1770,.T.);
#2334=ORIENTED_EDGE('',*,*,#1771,.T.);
#2335=ORIENTED_EDGE('',*,*,#1772,.T.);
#2336=ORIENTED_EDGE('',*,*,#1773,.T.);
#2337=ORIENTED_EDGE('',*,*,#1774,.F.);
#2338=ORIENTED_EDGE('',*,*,#1775,.T.);
#2339=ORIENTED_EDGE('',*,*,#1776,.T.);
#2340=ORIENTED_EDGE('',*,*,#1777,.F.);
#2341=ORIENTED_EDGE('',*,*,#1778,.T.);
#2342=ORIENTED_EDGE('',*,*,#1779,.T.);
#2343=ORIENTED_EDGE('',*,*,#1780,.T.);
#2344=ORIENTED_EDGE('',*,*,#1781,.T.);
#2345=ORIENTED_EDGE('',*,*,#1782,.T.);
#2346=ORIENTED_EDGE('',*,*,#1783,.F.);
#2347=ORIENTED_EDGE('',*,*,#1784,.T.);
#2348=ORIENTED_EDGE('',*,*,#1785,.T.);
#2349=ORIENTED_EDGE('',*,*,#1786,.T.);
#2350=ORIENTED_EDGE('',*,*,#1787,.T.);
#2351=ORIENTED_EDGE('',*,*,#1788,.T.);
#2352=ORIENTED_EDGE('',*,*,#1789,.F.);
#2353=ORIENTED_EDGE('',*,*,#1790,.T.);
#2354=ORIENTED_EDGE('',*,*,#1791,.T.);
#2355=ORIENTED_EDGE('',*,*,#1792,.T.);
#2356=ORIENTED_EDGE('',*,*,#1793,.T.);
#2357=ORIENTED_EDGE('',*,*,#1794,.T.);
#2358=ORIENTED_EDGE('',*,*,#1795,.F.);
#2359=ORIENTED_EDGE('',*,*,#1796,.T.);
#2360=ORIENTED_EDGE('',*,*,#1797,.T.);
#2361=ORIENTED_EDGE('',*,*,#1798,.T.);
#2362=ORIENTED_EDGE('',*,*,#1799,.T.);
#2363=ORIENTED_EDGE('',*,*,#1800,.T.);
#2364=ORIENTED_EDGE('',*,*,#1801,.F.);
#2365=ORIENTED_EDGE('',*,*,#1802,.T.);
#2366=ORIENTED_EDGE('',*,*,#1803,.T.);
#2367=ORIENTED_EDGE('',*,*,#1804,.T.);
#2368=ORIENTED_EDGE('',*,*,#1805,.T.);
#2369=ORIENTED_EDGE('',*,*,#1806,.T.);
#2370=ORIENTED_EDGE('',*,*,#1807,.F.);
#2371=ORIENTED_EDGE('',*,*,#1808,.T.);
#2372=ORIENTED_EDGE('',*,*,#1809,.T.);
#2373=ORIENTED_EDGE('',*,*,#1810,.T.);
#2374=ORIENTED_EDGE('',*,*,#1811,.T.);
#2375=ORIENTED_EDGE('',*,*,#1812,.T.);
#2376=ORIENTED_EDGE('',*,*,#1813,.F.);
#2377=ORIENTED_EDGE('',*,*,#1814,.T.);
#2378=ORIENTED_EDGE('',*,*,#1815,.T.);
#2379=ORIENTED_EDGE('',*,*,#1816,.T.);
#2380=ORIENTED_EDGE('',*,*,#1817,.T.);
#2381=ORIENTED_EDGE('',*,*,#1818,.T.);
#2382=ORIENTED_EDGE('',*,*,#1819,.F.);
#2383=ORIENTED_EDGE('',*,*,#1820,.T.);
#2384=ORIENTED_EDGE('',*,*,#1821,.T.);
#2385=ORIENTED_EDGE('',*,*,#1822,.T.);
#2386=ORIENTED_EDGE('',*,*,#1823,.T.);
#2387=ORIENTED_EDGE('',*,*,#1824,.T.);
#2388=ORIENTED_EDGE('',*,*,#1825,.F.);
#2389=ORIENTED_EDGE('',*,*,#1826,.T.);
#2390=ORIENTED_EDGE('',*,*,#1827,.T.);
#2391=ORIENTED_EDGE('',*,*,#1828,.T.);
#2392=ORIENTED_EDGE('',*,*,#1829,.T.);
#2393=ORIENTED_EDGE('',*,*,#1830,.T.);
#2394=ORIENTED_EDGE('',*,*,#1831,.F.);
#2395=ORIENTED_EDGE('',*,*,#1832,.T.);
#2396=ORIENTED_EDGE('',*,*,#1833,.T.);
#2397=ORIENTED_EDGE('',*,*,#1834,.T.);
#2398=ORIENTED_EDGE('',*,*,#1835,.T.);
#2399=ORIENTED_EDGE('',*,*,#1836,.T.);
#2400=ORIENTED_EDGE('',*,*,#1837,.F.);
#2401=ORIENTED_EDGE('',*,*,#1838,.T.);
#2402=ORIENTED_EDGE('',*,*,#1839,.T.);
#2403=ORIENTED_EDGE('',*,*,#1840,.T.);
#2404=ORIENTED_EDGE('',*,*,#1841,.T.);
#2405=ORIENTED_EDGE('',*,*,#1842,.T.);
#2406=ORIENTED_EDGE('',*,*,#1843,.T.);
#2407=ORIENTED_EDGE('',*,*,#1844,.F.);
#2408=ORIENTED_EDGE('',*,*,#1845,.T.);
#2409=ORIENTED_EDGE('',*,*,#1846,.T.);
#2410=ORIENTED_EDGE('',*,*,#1847,.T.);
#2411=ORIENTED_EDGE('',*,*,#1848,.T.);
#2412=ORIENTED_EDGE('',*,*,#1849,.T.);
#2413=ORIENTED_EDGE('',*,*,#1850,.T.);
#2414=ORIENTED_EDGE('',*,*,#1660,.T.);
#2415=ORIENTED_EDGE('',*,*,#1663,.F.);
#2416=ORIENTED_EDGE('',*,*,#1851,.T.);
#2417=ORIENTED_EDGE('',*,*,#1607,.T.);
#2418=ORIENTED_EDGE('',*,*,#1611,.T.);
#2419=ORIENTED_EDGE('',*,*,#1683,.T.);
#2420=ORIENTED_EDGE('',*,*,#1686,.T.);
#2421=ORIENTED_EDGE('',*,*,#1852,.F.);
#2422=ORIENTED_EDGE('',*,*,#1657,.F.);
#2423=ORIENTED_EDGE('',*,*,#1853,.T.);
#2424=ORIENTED_EDGE('',*,*,#1677,.F.);
#2425=ORIENTED_EDGE('',*,*,#1854,.T.);
#2426=ORIENTED_EDGE('',*,*,#1855,.F.);
#2427=ORIENTED_EDGE('',*,*,#1689,.T.);
#2428=ORIENTED_EDGE('',*,*,#1856,.F.);
#2429=ORIENTED_EDGE('',*,*,#1679,.T.);
#2430=ORIENTED_EDGE('',*,*,#1857,.T.);
#2431=ORIENTED_EDGE('',*,*,#1856,.T.);
#2432=ORIENTED_EDGE('',*,*,#1688,.T.);
#2433=ORIENTED_EDGE('',*,*,#1858,.F.);
#2434=ORIENTED_EDGE('',*,*,#1680,.F.);
#2435=ORIENTED_EDGE('',*,*,#1858,.T.);
#2436=ORIENTED_EDGE('',*,*,#1687,.T.);
#2437=ORIENTED_EDGE('',*,*,#1684,.F.);
#2438=ORIENTED_EDGE('',*,*,#1681,.F.);
#2439=ORIENTED_EDGE('',*,*,#1859,.T.);
#2440=ORIENTED_EDGE('',*,*,#1699,.T.);
#2441=ORIENTED_EDGE('',*,*,#1860,.F.);
#2442=ORIENTED_EDGE('',*,*,#1780,.F.);
#2443=ORIENTED_EDGE('',*,*,#1860,.T.);
#2444=ORIENTED_EDGE('',*,*,#1698,.T.);
#2445=ORIENTED_EDGE('',*,*,#1861,.F.);
#2446=ORIENTED_EDGE('',*,*,#1862,.F.);
#2447=ORIENTED_EDGE('',*,*,#1863,.T.);
#2448=ORIENTED_EDGE('',*,*,#1781,.F.);
#2449=ORIENTED_EDGE('',*,*,#1864,.T.);
#2450=ORIENTED_EDGE('',*,*,#1865,.F.);
#2451=ORIENTED_EDGE('',*,*,#1696,.T.);
#2452=ORIENTED_EDGE('',*,*,#1866,.F.);
#2453=ORIENTED_EDGE('',*,*,#1777,.T.);
#2454=ORIENTED_EDGE('',*,*,#1867,.T.);
#2455=ORIENTED_EDGE('',*,*,#1866,.T.);
#2456=ORIENTED_EDGE('',*,*,#1701,.T.);
#2457=ORIENTED_EDGE('',*,*,#1868,.F.);
#2458=ORIENTED_EDGE('',*,*,#1778,.F.);
#2459=ORIENTED_EDGE('',*,*,#1868,.T.);
#2460=ORIENTED_EDGE('',*,*,#1700,.T.);
#2461=ORIENTED_EDGE('',*,*,#1859,.F.);
#2462=ORIENTED_EDGE('',*,*,#1779,.F.);
#2463=ORIENTED_EDGE('',*,*,#1869,.T.);
#2464=ORIENTED_EDGE('',*,*,#1705,.T.);
#2465=ORIENTED_EDGE('',*,*,#1870,.F.);
#2466=ORIENTED_EDGE('',*,*,#1786,.F.);
#2467=ORIENTED_EDGE('',*,*,#1870,.T.);
#2468=ORIENTED_EDGE('',*,*,#1704,.T.);
#2469=ORIENTED_EDGE('',*,*,#1871,.F.);
#2470=ORIENTED_EDGE('',*,*,#1872,.F.);
#2471=ORIENTED_EDGE('',*,*,#1873,.T.);
#2472=ORIENTED_EDGE('',*,*,#1787,.F.);
#2473=ORIENTED_EDGE('',*,*,#1874,.T.);
#2474=ORIENTED_EDGE('',*,*,#1875,.F.);
#2475=ORIENTED_EDGE('',*,*,#1702,.T.);
#2476=ORIENTED_EDGE('',*,*,#1876,.F.);
#2477=ORIENTED_EDGE('',*,*,#1783,.T.);
#2478=ORIENTED_EDGE('',*,*,#1877,.T.);
#2479=ORIENTED_EDGE('',*,*,#1876,.T.);
#2480=ORIENTED_EDGE('',*,*,#1707,.T.);
#2481=ORIENTED_EDGE('',*,*,#1878,.F.);
#2482=ORIENTED_EDGE('',*,*,#1784,.F.);
#2483=ORIENTED_EDGE('',*,*,#1878,.T.);
#2484=ORIENTED_EDGE('',*,*,#1706,.T.);
#2485=ORIENTED_EDGE('',*,*,#1869,.F.);
#2486=ORIENTED_EDGE('',*,*,#1785,.F.);
#2487=ORIENTED_EDGE('',*,*,#1879,.T.);
#2488=ORIENTED_EDGE('',*,*,#1711,.T.);
#2489=ORIENTED_EDGE('',*,*,#1880,.F.);
#2490=ORIENTED_EDGE('',*,*,#1792,.F.);
#2491=ORIENTED_EDGE('',*,*,#1880,.T.);
#2492=ORIENTED_EDGE('',*,*,#1710,.T.);
#2493=ORIENTED_EDGE('',*,*,#1881,.F.);
#2494=ORIENTED_EDGE('',*,*,#1882,.F.);
#2495=ORIENTED_EDGE('',*,*,#1883,.T.);
#2496=ORIENTED_EDGE('',*,*,#1793,.F.);
#2497=ORIENTED_EDGE('',*,*,#1884,.T.);
#2498=ORIENTED_EDGE('',*,*,#1885,.F.);
#2499=ORIENTED_EDGE('',*,*,#1708,.T.);
#2500=ORIENTED_EDGE('',*,*,#1886,.F.);
#2501=ORIENTED_EDGE('',*,*,#1789,.T.);
#2502=ORIENTED_EDGE('',*,*,#1887,.T.);
#2503=ORIENTED_EDGE('',*,*,#1886,.T.);
#2504=ORIENTED_EDGE('',*,*,#1713,.T.);
#2505=ORIENTED_EDGE('',*,*,#1888,.F.);
#2506=ORIENTED_EDGE('',*,*,#1790,.F.);
#2507=ORIENTED_EDGE('',*,*,#1888,.T.);
#2508=ORIENTED_EDGE('',*,*,#1712,.T.);
#2509=ORIENTED_EDGE('',*,*,#1879,.F.);
#2510=ORIENTED_EDGE('',*,*,#1791,.F.);
#2511=ORIENTED_EDGE('',*,*,#1889,.T.);
#2512=ORIENTED_EDGE('',*,*,#1717,.T.);
#2513=ORIENTED_EDGE('',*,*,#1890,.F.);
#2514=ORIENTED_EDGE('',*,*,#1798,.F.);
#2515=ORIENTED_EDGE('',*,*,#1890,.T.);
#2516=ORIENTED_EDGE('',*,*,#1716,.T.);
#2517=ORIENTED_EDGE('',*,*,#1891,.F.);
#2518=ORIENTED_EDGE('',*,*,#1892,.F.);
#2519=ORIENTED_EDGE('',*,*,#1893,.T.);
#2520=ORIENTED_EDGE('',*,*,#1799,.F.);
#2521=ORIENTED_EDGE('',*,*,#1894,.T.);
#2522=ORIENTED_EDGE('',*,*,#1895,.F.);
#2523=ORIENTED_EDGE('',*,*,#1714,.T.);
#2524=ORIENTED_EDGE('',*,*,#1896,.F.);
#2525=ORIENTED_EDGE('',*,*,#1795,.T.);
#2526=ORIENTED_EDGE('',*,*,#1897,.T.);
#2527=ORIENTED_EDGE('',*,*,#1896,.T.);
#2528=ORIENTED_EDGE('',*,*,#1719,.T.);
#2529=ORIENTED_EDGE('',*,*,#1898,.F.);
#2530=ORIENTED_EDGE('',*,*,#1796,.F.);
#2531=ORIENTED_EDGE('',*,*,#1898,.T.);
#2532=ORIENTED_EDGE('',*,*,#1718,.T.);
#2533=ORIENTED_EDGE('',*,*,#1889,.F.);
#2534=ORIENTED_EDGE('',*,*,#1797,.F.);
#2535=ORIENTED_EDGE('',*,*,#1899,.T.);
#2536=ORIENTED_EDGE('',*,*,#1723,.T.);
#2537=ORIENTED_EDGE('',*,*,#1900,.F.);
#2538=ORIENTED_EDGE('',*,*,#1804,.F.);
#2539=ORIENTED_EDGE('',*,*,#1900,.T.);
#2540=ORIENTED_EDGE('',*,*,#1722,.T.);
#2541=ORIENTED_EDGE('',*,*,#1901,.F.);
#2542=ORIENTED_EDGE('',*,*,#1902,.F.);
#2543=ORIENTED_EDGE('',*,*,#1903,.T.);
#2544=ORIENTED_EDGE('',*,*,#1805,.F.);
#2545=ORIENTED_EDGE('',*,*,#1904,.T.);
#2546=ORIENTED_EDGE('',*,*,#1905,.F.);
#2547=ORIENTED_EDGE('',*,*,#1720,.T.);
#2548=ORIENTED_EDGE('',*,*,#1906,.F.);
#2549=ORIENTED_EDGE('',*,*,#1801,.T.);
#2550=ORIENTED_EDGE('',*,*,#1907,.T.);
#2551=ORIENTED_EDGE('',*,*,#1906,.T.);
#2552=ORIENTED_EDGE('',*,*,#1725,.T.);
#2553=ORIENTED_EDGE('',*,*,#1908,.F.);
#2554=ORIENTED_EDGE('',*,*,#1802,.F.);
#2555=ORIENTED_EDGE('',*,*,#1908,.T.);
#2556=ORIENTED_EDGE('',*,*,#1724,.T.);
#2557=ORIENTED_EDGE('',*,*,#1899,.F.);
#2558=ORIENTED_EDGE('',*,*,#1803,.F.);
#2559=ORIENTED_EDGE('',*,*,#1909,.T.);
#2560=ORIENTED_EDGE('',*,*,#1729,.T.);
#2561=ORIENTED_EDGE('',*,*,#1910,.F.);
#2562=ORIENTED_EDGE('',*,*,#1810,.F.);
#2563=ORIENTED_EDGE('',*,*,#1910,.T.);
#2564=ORIENTED_EDGE('',*,*,#1728,.T.);
#2565=ORIENTED_EDGE('',*,*,#1911,.F.);
#2566=ORIENTED_EDGE('',*,*,#1912,.F.);
#2567=ORIENTED_EDGE('',*,*,#1913,.T.);
#2568=ORIENTED_EDGE('',*,*,#1811,.F.);
#2569=ORIENTED_EDGE('',*,*,#1914,.T.);
#2570=ORIENTED_EDGE('',*,*,#1915,.F.);
#2571=ORIENTED_EDGE('',*,*,#1726,.T.);
#2572=ORIENTED_EDGE('',*,*,#1916,.F.);
#2573=ORIENTED_EDGE('',*,*,#1807,.T.);
#2574=ORIENTED_EDGE('',*,*,#1917,.T.);
#2575=ORIENTED_EDGE('',*,*,#1916,.T.);
#2576=ORIENTED_EDGE('',*,*,#1731,.T.);
#2577=ORIENTED_EDGE('',*,*,#1918,.F.);
#2578=ORIENTED_EDGE('',*,*,#1808,.F.);
#2579=ORIENTED_EDGE('',*,*,#1918,.T.);
#2580=ORIENTED_EDGE('',*,*,#1730,.T.);
#2581=ORIENTED_EDGE('',*,*,#1909,.F.);
#2582=ORIENTED_EDGE('',*,*,#1809,.F.);
#2583=ORIENTED_EDGE('',*,*,#1919,.T.);
#2584=ORIENTED_EDGE('',*,*,#1735,.T.);
#2585=ORIENTED_EDGE('',*,*,#1920,.F.);
#2586=ORIENTED_EDGE('',*,*,#1816,.F.);
#2587=ORIENTED_EDGE('',*,*,#1920,.T.);
#2588=ORIENTED_EDGE('',*,*,#1734,.T.);
#2589=ORIENTED_EDGE('',*,*,#1921,.F.);
#2590=ORIENTED_EDGE('',*,*,#1922,.F.);
#2591=ORIENTED_EDGE('',*,*,#1923,.T.);
#2592=ORIENTED_EDGE('',*,*,#1817,.F.);
#2593=ORIENTED_EDGE('',*,*,#1924,.T.);
#2594=ORIENTED_EDGE('',*,*,#1925,.F.);
#2595=ORIENTED_EDGE('',*,*,#1732,.T.);
#2596=ORIENTED_EDGE('',*,*,#1926,.F.);
#2597=ORIENTED_EDGE('',*,*,#1813,.T.);
#2598=ORIENTED_EDGE('',*,*,#1927,.T.);
#2599=ORIENTED_EDGE('',*,*,#1926,.T.);
#2600=ORIENTED_EDGE('',*,*,#1737,.T.);
#2601=ORIENTED_EDGE('',*,*,#1928,.F.);
#2602=ORIENTED_EDGE('',*,*,#1814,.F.);
#2603=ORIENTED_EDGE('',*,*,#1928,.T.);
#2604=ORIENTED_EDGE('',*,*,#1736,.T.);
#2605=ORIENTED_EDGE('',*,*,#1919,.F.);
#2606=ORIENTED_EDGE('',*,*,#1815,.F.);
#2607=ORIENTED_EDGE('',*,*,#1929,.T.);
#2608=ORIENTED_EDGE('',*,*,#1741,.T.);
#2609=ORIENTED_EDGE('',*,*,#1930,.F.);
#2610=ORIENTED_EDGE('',*,*,#1822,.F.);
#2611=ORIENTED_EDGE('',*,*,#1931,.T.);
#2612=ORIENTED_EDGE('',*,*,#1932,.F.);
#2613=ORIENTED_EDGE('',*,*,#1738,.T.);
#2614=ORIENTED_EDGE('',*,*,#1933,.F.);
#2615=ORIENTED_EDGE('',*,*,#1819,.T.);
#2616=ORIENTED_EDGE('',*,*,#1934,.T.);
#2617=ORIENTED_EDGE('',*,*,#1933,.T.);
#2618=ORIENTED_EDGE('',*,*,#1743,.T.);
#2619=ORIENTED_EDGE('',*,*,#1935,.F.);
#2620=ORIENTED_EDGE('',*,*,#1820,.F.);
#2621=ORIENTED_EDGE('',*,*,#1935,.T.);
#2622=ORIENTED_EDGE('',*,*,#1742,.T.);
#2623=ORIENTED_EDGE('',*,*,#1929,.F.);
#2624=ORIENTED_EDGE('',*,*,#1821,.F.);
#2625=ORIENTED_EDGE('',*,*,#1936,.T.);
#2626=ORIENTED_EDGE('',*,*,#1747,.T.);
#2627=ORIENTED_EDGE('',*,*,#1937,.F.);
#2628=ORIENTED_EDGE('',*,*,#1828,.F.);
#2629=ORIENTED_EDGE('',*,*,#1938,.T.);
#2630=ORIENTED_EDGE('',*,*,#1939,.F.);
#2631=ORIENTED_EDGE('',*,*,#1744,.T.);
#2632=ORIENTED_EDGE('',*,*,#1940,.F.);
#2633=ORIENTED_EDGE('',*,*,#1825,.T.);
#2634=ORIENTED_EDGE('',*,*,#1941,.T.);
#2635=ORIENTED_EDGE('',*,*,#1940,.T.);
#2636=ORIENTED_EDGE('',*,*,#1749,.T.);
#2637=ORIENTED_EDGE('',*,*,#1942,.F.);
#2638=ORIENTED_EDGE('',*,*,#1826,.F.);
#2639=ORIENTED_EDGE('',*,*,#1942,.T.);
#2640=ORIENTED_EDGE('',*,*,#1748,.T.);
#2641=ORIENTED_EDGE('',*,*,#1936,.F.);
#2642=ORIENTED_EDGE('',*,*,#1827,.F.);
#2643=ORIENTED_EDGE('',*,*,#1943,.T.);
#2644=ORIENTED_EDGE('',*,*,#1753,.T.);
#2645=ORIENTED_EDGE('',*,*,#1944,.F.);
#2646=ORIENTED_EDGE('',*,*,#1834,.F.);
#2647=ORIENTED_EDGE('',*,*,#1945,.T.);
#2648=ORIENTED_EDGE('',*,*,#1946,.F.);
#2649=ORIENTED_EDGE('',*,*,#1750,.T.);
#2650=ORIENTED_EDGE('',*,*,#1947,.F.);
#2651=ORIENTED_EDGE('',*,*,#1831,.T.);
#2652=ORIENTED_EDGE('',*,*,#1948,.T.);
#2653=ORIENTED_EDGE('',*,*,#1947,.T.);
#2654=ORIENTED_EDGE('',*,*,#1755,.T.);
#2655=ORIENTED_EDGE('',*,*,#1949,.F.);
#2656=ORIENTED_EDGE('',*,*,#1832,.F.);
#2657=ORIENTED_EDGE('',*,*,#1949,.T.);
#2658=ORIENTED_EDGE('',*,*,#1754,.T.);
#2659=ORIENTED_EDGE('',*,*,#1943,.F.);
#2660=ORIENTED_EDGE('',*,*,#1833,.F.);
#2661=ORIENTED_EDGE('',*,*,#1950,.T.);
#2662=ORIENTED_EDGE('',*,*,#1760,.T.);
#2663=ORIENTED_EDGE('',*,*,#1951,.F.);
#2664=ORIENTED_EDGE('',*,*,#1840,.F.);
#2665=ORIENTED_EDGE('',*,*,#1952,.T.);
#2666=ORIENTED_EDGE('',*,*,#1762,.T.);
#2667=ORIENTED_EDGE('',*,*,#1953,.F.);
#2668=ORIENTED_EDGE('',*,*,#1838,.F.);
#2669=ORIENTED_EDGE('',*,*,#1953,.T.);
#2670=ORIENTED_EDGE('',*,*,#1761,.T.);
#2671=ORIENTED_EDGE('',*,*,#1950,.F.);
#2672=ORIENTED_EDGE('',*,*,#1839,.F.);
#2673=ORIENTED_EDGE('',*,*,#1954,.T.);
#2674=ORIENTED_EDGE('',*,*,#1766,.T.);
#2675=ORIENTED_EDGE('',*,*,#1955,.F.);
#2676=ORIENTED_EDGE('',*,*,#1847,.F.);
#2677=ORIENTED_EDGE('',*,*,#1955,.T.);
#2678=ORIENTED_EDGE('',*,*,#1765,.T.);
#2679=ORIENTED_EDGE('',*,*,#1956,.F.);
#2680=ORIENTED_EDGE('',*,*,#1957,.F.);
#2681=ORIENTED_EDGE('',*,*,#1958,.T.);
#2682=ORIENTED_EDGE('',*,*,#1848,.F.);
#2683=ORIENTED_EDGE('',*,*,#1959,.T.);
#2684=ORIENTED_EDGE('',*,*,#1768,.T.);
#2685=ORIENTED_EDGE('',*,*,#1960,.F.);
#2686=ORIENTED_EDGE('',*,*,#1845,.F.);
#2687=ORIENTED_EDGE('',*,*,#1960,.T.);
#2688=ORIENTED_EDGE('',*,*,#1767,.T.);
#2689=ORIENTED_EDGE('',*,*,#1954,.F.);
#2690=ORIENTED_EDGE('',*,*,#1846,.F.);
#2691=ORIENTED_EDGE('',*,*,#1961,.F.);
#2692=ORIENTED_EDGE('',*,*,#1693,.F.);
#2693=ORIENTED_EDGE('',*,*,#1962,.F.);
#2694=ORIENTED_EDGE('',*,*,#1963,.F.);
#2695=ORIENTED_EDGE('',*,*,#1964,.T.);
#2696=ORIENTED_EDGE('',*,*,#1776,.F.);
#2697=ORIENTED_EDGE('',*,*,#1965,.F.);
#2698=ORIENTED_EDGE('',*,*,#1966,.T.);
#2699=ORIENTED_EDGE('',*,*,#1963,.T.);
#2700=ORIENTED_EDGE('',*,*,#1967,.F.);
#2701=ORIENTED_EDGE('',*,*,#1694,.F.);
#2702=ORIENTED_EDGE('',*,*,#1961,.T.);
#2703=ORIENTED_EDGE('',*,*,#1775,.F.);
#2704=ORIENTED_EDGE('',*,*,#1968,.F.);
#2705=ORIENTED_EDGE('',*,*,#1695,.F.);
#2706=ORIENTED_EDGE('',*,*,#1968,.T.);
#2707=ORIENTED_EDGE('',*,*,#1774,.T.);
#2708=ORIENTED_EDGE('',*,*,#1969,.F.);
#2709=ORIENTED_EDGE('',*,*,#1773,.F.);
#2710=ORIENTED_EDGE('',*,*,#1970,.T.);
#2711=ORIENTED_EDGE('',*,*,#1690,.F.);
#2712=ORIENTED_EDGE('',*,*,#1969,.T.);
#2713=ORIENTED_EDGE('',*,*,#1971,.F.);
#2714=ORIENTED_EDGE('',*,*,#1972,.T.);
#2715=ORIENTED_EDGE('',*,*,#1957,.T.);
#2716=ORIENTED_EDGE('',*,*,#1973,.F.);
#2717=ORIENTED_EDGE('',*,*,#1945,.F.);
#2718=ORIENTED_EDGE('',*,*,#1974,.T.);
#2719=ORIENTED_EDGE('',*,*,#1975,.T.);
#2720=ORIENTED_EDGE('',*,*,#1976,.F.);
#2721=ORIENTED_EDGE('',*,*,#1938,.F.);
#2722=ORIENTED_EDGE('',*,*,#1977,.T.);
#2723=ORIENTED_EDGE('',*,*,#1978,.T.);
#2724=ORIENTED_EDGE('',*,*,#1979,.F.);
#2725=ORIENTED_EDGE('',*,*,#1931,.F.);
#2726=ORIENTED_EDGE('',*,*,#1980,.T.);
#2727=ORIENTED_EDGE('',*,*,#1981,.T.);
#2728=ORIENTED_EDGE('',*,*,#1982,.F.);
#2729=ORIENTED_EDGE('',*,*,#1924,.F.);
#2730=ORIENTED_EDGE('',*,*,#1983,.T.);
#2731=ORIENTED_EDGE('',*,*,#1984,.T.);
#2732=ORIENTED_EDGE('',*,*,#1985,.F.);
#2733=ORIENTED_EDGE('',*,*,#1914,.F.);
#2734=ORIENTED_EDGE('',*,*,#1986,.T.);
#2735=ORIENTED_EDGE('',*,*,#1922,.T.);
#2736=ORIENTED_EDGE('',*,*,#1987,.F.);
#2737=ORIENTED_EDGE('',*,*,#1904,.F.);
#2738=ORIENTED_EDGE('',*,*,#1988,.T.);
#2739=ORIENTED_EDGE('',*,*,#1912,.T.);
#2740=ORIENTED_EDGE('',*,*,#1989,.F.);
#2741=ORIENTED_EDGE('',*,*,#1894,.F.);
#2742=ORIENTED_EDGE('',*,*,#1990,.T.);
#2743=ORIENTED_EDGE('',*,*,#1902,.T.);
#2744=ORIENTED_EDGE('',*,*,#1991,.F.);
#2745=ORIENTED_EDGE('',*,*,#1884,.F.);
#2746=ORIENTED_EDGE('',*,*,#1992,.T.);
#2747=ORIENTED_EDGE('',*,*,#1892,.T.);
#2748=ORIENTED_EDGE('',*,*,#1993,.F.);
#2749=ORIENTED_EDGE('',*,*,#1874,.F.);
#2750=ORIENTED_EDGE('',*,*,#1994,.T.);
#2751=ORIENTED_EDGE('',*,*,#1882,.T.);
#2752=ORIENTED_EDGE('',*,*,#1995,.F.);
#2753=ORIENTED_EDGE('',*,*,#1864,.F.);
#2754=ORIENTED_EDGE('',*,*,#1996,.T.);
#2755=ORIENTED_EDGE('',*,*,#1872,.T.);
#2756=ORIENTED_EDGE('',*,*,#1997,.F.);
#2757=ORIENTED_EDGE('',*,*,#1854,.F.);
#2758=ORIENTED_EDGE('',*,*,#1998,.T.);
#2759=ORIENTED_EDGE('',*,*,#1862,.T.);
#2760=ORIENTED_EDGE('',*,*,#1999,.F.);
#2761=ORIENTED_EDGE('',*,*,#1651,.F.);
#2762=ORIENTED_EDGE('',*,*,#1770,.F.);
#2763=ORIENTED_EDGE('',*,*,#1619,.T.);
#2764=ORIENTED_EDGE('',*,*,#1602,.F.);
#2765=ORIENTED_EDGE('',*,*,#2000,.T.);
#2766=ORIENTED_EDGE('',*,*,#2001,.T.);
#2767=ORIENTED_EDGE('',*,*,#1623,.F.);
#2768=ORIENTED_EDGE('',*,*,#1772,.F.);
#2769=ORIENTED_EDGE('',*,*,#2002,.T.);
#2770=ORIENTED_EDGE('',*,*,#1614,.F.);
#2771=ORIENTED_EDGE('',*,*,#2003,.F.);
#2772=ORIENTED_EDGE('',*,*,#1691,.F.);
#2773=ORIENTED_EDGE('',*,*,#1970,.F.);
#2774=ORIENTED_EDGE('',*,*,#1844,.T.);
#2775=ORIENTED_EDGE('',*,*,#2004,.T.);
#2776=ORIENTED_EDGE('',*,*,#1965,.T.);
#2777=ORIENTED_EDGE('',*,*,#2005,.F.);
#2778=ORIENTED_EDGE('',*,*,#1763,.T.);
#2779=ORIENTED_EDGE('',*,*,#1959,.F.);
#2780=ORIENTED_EDGE('',*,*,#1837,.T.);
#2781=ORIENTED_EDGE('',*,*,#2006,.T.);
#2782=ORIENTED_EDGE('',*,*,#1971,.T.);
#2783=ORIENTED_EDGE('',*,*,#2007,.F.);
#2784=ORIENTED_EDGE('',*,*,#1756,.T.);
#2785=ORIENTED_EDGE('',*,*,#1952,.F.);
#2786=ORIENTED_EDGE('',*,*,#2008,.T.);
#2787=ORIENTED_EDGE('',*,*,#1841,.F.);
#2788=ORIENTED_EDGE('',*,*,#1951,.T.);
#2789=ORIENTED_EDGE('',*,*,#1759,.T.);
#2790=ORIENTED_EDGE('',*,*,#2009,.F.);
#2791=ORIENTED_EDGE('',*,*,#1975,.F.);
#2792=ORIENTED_EDGE('',*,*,#1835,.F.);
#2793=ORIENTED_EDGE('',*,*,#1944,.T.);
#2794=ORIENTED_EDGE('',*,*,#1752,.T.);
#2795=ORIENTED_EDGE('',*,*,#2010,.F.);
#2796=ORIENTED_EDGE('',*,*,#1978,.F.);
#2797=ORIENTED_EDGE('',*,*,#2011,.T.);
#2798=ORIENTED_EDGE('',*,*,#1829,.F.);
#2799=ORIENTED_EDGE('',*,*,#1937,.T.);
#2800=ORIENTED_EDGE('',*,*,#1746,.T.);
#2801=ORIENTED_EDGE('',*,*,#2012,.F.);
#2802=ORIENTED_EDGE('',*,*,#1981,.F.);
#2803=ORIENTED_EDGE('',*,*,#2013,.T.);
#2804=ORIENTED_EDGE('',*,*,#1823,.F.);
#2805=ORIENTED_EDGE('',*,*,#1930,.T.);
#2806=ORIENTED_EDGE('',*,*,#1740,.T.);
#2807=ORIENTED_EDGE('',*,*,#2014,.F.);
#2808=ORIENTED_EDGE('',*,*,#1984,.F.);
#2809=ORIENTED_EDGE('',*,*,#2015,.T.);
#2810=ORIENTED_EDGE('',*,*,#2016,.T.);
#2811=ORIENTED_EDGE('',*,*,#2017,.T.);
#2812=ORIENTED_EDGE('',*,*,#2018,.T.);
#2813=ORIENTED_EDGE('',*,*,#1842,.F.);
#2814=ORIENTED_EDGE('',*,*,#2008,.F.);
#2815=ORIENTED_EDGE('',*,*,#1974,.F.);
#2816=ORIENTED_EDGE('',*,*,#1948,.F.);
#2817=ORIENTED_EDGE('',*,*,#1836,.F.);
#2818=ORIENTED_EDGE('',*,*,#2011,.F.);
#2819=ORIENTED_EDGE('',*,*,#1977,.F.);
#2820=ORIENTED_EDGE('',*,*,#1941,.F.);
#2821=ORIENTED_EDGE('',*,*,#1830,.F.);
#2822=ORIENTED_EDGE('',*,*,#2013,.F.);
#2823=ORIENTED_EDGE('',*,*,#1980,.F.);
#2824=ORIENTED_EDGE('',*,*,#1934,.F.);
#2825=ORIENTED_EDGE('',*,*,#1824,.F.);
#2826=ORIENTED_EDGE('',*,*,#2015,.F.);
#2827=ORIENTED_EDGE('',*,*,#1983,.F.);
#2828=ORIENTED_EDGE('',*,*,#1927,.F.);
#2829=ORIENTED_EDGE('',*,*,#1818,.F.);
#2830=ORIENTED_EDGE('',*,*,#1923,.F.);
#2831=ORIENTED_EDGE('',*,*,#1986,.F.);
#2832=ORIENTED_EDGE('',*,*,#1917,.F.);
#2833=ORIENTED_EDGE('',*,*,#1812,.F.);
#2834=ORIENTED_EDGE('',*,*,#1913,.F.);
#2835=ORIENTED_EDGE('',*,*,#1988,.F.);
#2836=ORIENTED_EDGE('',*,*,#1907,.F.);
#2837=ORIENTED_EDGE('',*,*,#1806,.F.);
#2838=ORIENTED_EDGE('',*,*,#1903,.F.);
#2839=ORIENTED_EDGE('',*,*,#1990,.F.);
#2840=ORIENTED_EDGE('',*,*,#1897,.F.);
#2841=ORIENTED_EDGE('',*,*,#1800,.F.);
#2842=ORIENTED_EDGE('',*,*,#1893,.F.);
#2843=ORIENTED_EDGE('',*,*,#1992,.F.);
#2844=ORIENTED_EDGE('',*,*,#1887,.F.);
#2845=ORIENTED_EDGE('',*,*,#1794,.F.);
#2846=ORIENTED_EDGE('',*,*,#1883,.F.);
#2847=ORIENTED_EDGE('',*,*,#1994,.F.);
#2848=ORIENTED_EDGE('',*,*,#1877,.F.);
#2849=ORIENTED_EDGE('',*,*,#1788,.F.);
#2850=ORIENTED_EDGE('',*,*,#1873,.F.);
#2851=ORIENTED_EDGE('',*,*,#1996,.F.);
#2852=ORIENTED_EDGE('',*,*,#1867,.F.);
#2853=ORIENTED_EDGE('',*,*,#1782,.F.);
#2854=ORIENTED_EDGE('',*,*,#1863,.F.);
#2855=ORIENTED_EDGE('',*,*,#1998,.F.);
#2856=ORIENTED_EDGE('',*,*,#1857,.F.);
#2857=ORIENTED_EDGE('',*,*,#1678,.F.);
#2858=ORIENTED_EDGE('',*,*,#1853,.F.);
#2859=ORIENTED_EDGE('',*,*,#1656,.F.);
#2860=ORIENTED_EDGE('',*,*,#1661,.F.);
#2861=ORIENTED_EDGE('',*,*,#1850,.F.);
#2862=ORIENTED_EDGE('',*,*,#1610,.F.);
#2863=ORIENTED_EDGE('',*,*,#1615,.F.);
#2864=ORIENTED_EDGE('',*,*,#2002,.F.);
#2865=ORIENTED_EDGE('',*,*,#1771,.F.);
#2866=ORIENTED_EDGE('',*,*,#1964,.F.);
#2867=ORIENTED_EDGE('',*,*,#1966,.F.);
#2868=ORIENTED_EDGE('',*,*,#2004,.F.);
#2869=ORIENTED_EDGE('',*,*,#1849,.F.);
#2870=ORIENTED_EDGE('',*,*,#1958,.F.);
#2871=ORIENTED_EDGE('',*,*,#1972,.F.);
#2872=ORIENTED_EDGE('',*,*,#2006,.F.);
#2873=ORIENTED_EDGE('',*,*,#1843,.F.);
#2874=ORIENTED_EDGE('',*,*,#2018,.F.);
#2875=ORIENTED_EDGE('',*,*,#2016,.F.);
#2876=ORIENTED_EDGE('',*,*,#2017,.F.);
#2877=ORIENTED_EDGE('',*,*,#2019,.T.);
#2878=ORIENTED_EDGE('',*,*,#1674,.T.);
#2879=ORIENTED_EDGE('',*,*,#2019,.F.);
#2880=ORIENTED_EDGE('',*,*,#1573,.F.);
#2881=ORIENTED_EDGE('',*,*,#1566,.T.);
#2882=ORIENTED_EDGE('',*,*,#2020,.F.);
#2883=ORIENTED_EDGE('',*,*,#2021,.T.);
#2884=ORIENTED_EDGE('',*,*,#1673,.F.);
#2885=ORIENTED_EDGE('',*,*,#2021,.F.);
#2886=ORIENTED_EDGE('',*,*,#2022,.F.);
#2887=ORIENTED_EDGE('',*,*,#1562,.T.);
#2888=ORIENTED_EDGE('',*,*,#1664,.F.);
#2889=ORIENTED_EDGE('',*,*,#1665,.F.);
#2890=ORIENTED_EDGE('',*,*,#2023,.T.);
#2891=ORIENTED_EDGE('',*,*,#1757,.T.);
#2892=ORIENTED_EDGE('',*,*,#2007,.T.);
#2893=ORIENTED_EDGE('',*,*,#1973,.T.);
#2894=ORIENTED_EDGE('',*,*,#1956,.T.);
#2895=ORIENTED_EDGE('',*,*,#1764,.T.);
#2896=ORIENTED_EDGE('',*,*,#2005,.T.);
#2897=ORIENTED_EDGE('',*,*,#1967,.T.);
#2898=ORIENTED_EDGE('',*,*,#1962,.T.);
#2899=ORIENTED_EDGE('',*,*,#1692,.T.);
#2900=ORIENTED_EDGE('',*,*,#2003,.T.);
#2901=ORIENTED_EDGE('',*,*,#1613,.T.);
#2902=ORIENTED_EDGE('',*,*,#1618,.T.);
#2903=ORIENTED_EDGE('',*,*,#1769,.T.);
#2904=ORIENTED_EDGE('',*,*,#1653,.T.);
#2905=ORIENTED_EDGE('',*,*,#1658,.T.);
#2906=ORIENTED_EDGE('',*,*,#1852,.T.);
#2907=ORIENTED_EDGE('',*,*,#1685,.T.);
#2908=ORIENTED_EDGE('',*,*,#1855,.T.);
#2909=ORIENTED_EDGE('',*,*,#1999,.T.);
#2910=ORIENTED_EDGE('',*,*,#1861,.T.);
#2911=ORIENTED_EDGE('',*,*,#1697,.T.);
#2912=ORIENTED_EDGE('',*,*,#1865,.T.);
#2913=ORIENTED_EDGE('',*,*,#1997,.T.);
#2914=ORIENTED_EDGE('',*,*,#1871,.T.);
#2915=ORIENTED_EDGE('',*,*,#1703,.T.);
#2916=ORIENTED_EDGE('',*,*,#1875,.T.);
#2917=ORIENTED_EDGE('',*,*,#1995,.T.);
#2918=ORIENTED_EDGE('',*,*,#1881,.T.);
#2919=ORIENTED_EDGE('',*,*,#1709,.T.);
#2920=ORIENTED_EDGE('',*,*,#1885,.T.);
#2921=ORIENTED_EDGE('',*,*,#1993,.T.);
#2922=ORIENTED_EDGE('',*,*,#1891,.T.);
#2923=ORIENTED_EDGE('',*,*,#1715,.T.);
#2924=ORIENTED_EDGE('',*,*,#1895,.T.);
#2925=ORIENTED_EDGE('',*,*,#1991,.T.);
#2926=ORIENTED_EDGE('',*,*,#1901,.T.);
#2927=ORIENTED_EDGE('',*,*,#1721,.T.);
#2928=ORIENTED_EDGE('',*,*,#1905,.T.);
#2929=ORIENTED_EDGE('',*,*,#1989,.T.);
#2930=ORIENTED_EDGE('',*,*,#1911,.T.);
#2931=ORIENTED_EDGE('',*,*,#1727,.T.);
#2932=ORIENTED_EDGE('',*,*,#1915,.T.);
#2933=ORIENTED_EDGE('',*,*,#1987,.T.);
#2934=ORIENTED_EDGE('',*,*,#1921,.T.);
#2935=ORIENTED_EDGE('',*,*,#1733,.T.);
#2936=ORIENTED_EDGE('',*,*,#1925,.T.);
#2937=ORIENTED_EDGE('',*,*,#1985,.T.);
#2938=ORIENTED_EDGE('',*,*,#2014,.T.);
#2939=ORIENTED_EDGE('',*,*,#1739,.T.);
#2940=ORIENTED_EDGE('',*,*,#1932,.T.);
#2941=ORIENTED_EDGE('',*,*,#1982,.T.);
#2942=ORIENTED_EDGE('',*,*,#2012,.T.);
#2943=ORIENTED_EDGE('',*,*,#1745,.T.);
#2944=ORIENTED_EDGE('',*,*,#1939,.T.);
#2945=ORIENTED_EDGE('',*,*,#1979,.T.);
#2946=ORIENTED_EDGE('',*,*,#2010,.T.);
#2947=ORIENTED_EDGE('',*,*,#1751,.T.);
#2948=ORIENTED_EDGE('',*,*,#1946,.T.);
#2949=ORIENTED_EDGE('',*,*,#1976,.T.);
#2950=ORIENTED_EDGE('',*,*,#2009,.T.);
#2951=ORIENTED_EDGE('',*,*,#1758,.T.);
#2952=ORIENTED_EDGE('',*,*,#2023,.F.);
#2953=ORIENTED_EDGE('',*,*,#1608,.T.);
#2954=ORIENTED_EDGE('',*,*,#1851,.F.);
#2955=ORIENTED_EDGE('',*,*,#1662,.F.);
#2956=ORIENTED_EDGE('',*,*,#1645,.F.);
#2957=ORIENTED_EDGE('',*,*,#2024,.T.);
#2958=ORIENTED_EDGE('',*,*,#1580,.F.);
#2959=ORIENTED_EDGE('',*,*,#2024,.F.);
#2960=ORIENTED_EDGE('',*,*,#1644,.F.);
#2961=ORIENTED_EDGE('',*,*,#1648,.F.);
#2962=ORIENTED_EDGE('',*,*,#1638,.F.);
#2963=ORIENTED_EDGE('',*,*,#1642,.F.);
#2964=ORIENTED_EDGE('',*,*,#1634,.F.);
#2965=ORIENTED_EDGE('',*,*,#1636,.F.);
#2966=ORIENTED_EDGE('',*,*,#1628,.F.);
#2967=ORIENTED_EDGE('',*,*,#1630,.F.);
#2968=ORIENTED_EDGE('',*,*,#1624,.F.);
#2969=ORIENTED_EDGE('',*,*,#2001,.F.);
#2970=ORIENTED_EDGE('',*,*,#2025,.T.);
#2971=ORIENTED_EDGE('',*,*,#2026,.T.);
#2972=ORIENTED_EDGE('',*,*,#2025,.F.);
#2973=ORIENTED_EDGE('',*,*,#2000,.F.);
#2974=ORIENTED_EDGE('',*,*,#1601,.F.);
#2975=ORIENTED_EDGE('',*,*,#1605,.F.);
#2976=ORIENTED_EDGE('',*,*,#1595,.F.);
#2977=ORIENTED_EDGE('',*,*,#1599,.F.);
#2978=ORIENTED_EDGE('',*,*,#1591,.F.);
#2979=ORIENTED_EDGE('',*,*,#1593,.F.);
#2980=ORIENTED_EDGE('',*,*,#1585,.F.);
#2981=ORIENTED_EDGE('',*,*,#1587,.F.);
#2982=ORIENTED_EDGE('',*,*,#1581,.F.);
#2983=ORIENTED_EDGE('',*,*,#2027,.F.);
#2984=ORIENTED_EDGE('',*,*,#2028,.T.);
#2985=ORIENTED_EDGE('',*,*,#2029,.T.);
#2986=ORIENTED_EDGE('',*,*,#2030,.T.);
#2987=ORIENTED_EDGE('',*,*,#2031,.F.);
#2988=ORIENTED_EDGE('',*,*,#2032,.F.);
#2989=ORIENTED_EDGE('',*,*,#2033,.F.);
#2990=ORIENTED_EDGE('',*,*,#2028,.F.);
#2991=ORIENTED_EDGE('',*,*,#1669,.F.);
#2992=ORIENTED_EDGE('',*,*,#2034,.T.);
#2993=ORIENTED_EDGE('',*,*,#2035,.F.);
#2994=ORIENTED_EDGE('',*,*,#2031,.T.);
#2995=ORIENTED_EDGE('',*,*,#2027,.T.);
#2996=ORIENTED_EDGE('',*,*,#2033,.T.);
#2997=ORIENTED_EDGE('',*,*,#2036,.F.);
#2998=ORIENTED_EDGE('',*,*,#2037,.F.);
#2999=ORIENTED_EDGE('',*,*,#2029,.F.);
#3000=ORIENTED_EDGE('',*,*,#2037,.T.);
#3001=ORIENTED_EDGE('',*,*,#2038,.F.);
#3002=ORIENTED_EDGE('',*,*,#2034,.F.);
#3003=ORIENTED_EDGE('',*,*,#2030,.F.);
#3004=ORIENTED_EDGE('',*,*,#2026,.F.);
#3005=ORIENTED_EDGE('',*,*,#1671,.T.);
#3006=ORIENTED_EDGE('',*,*,#1571,.T.);
#3007=ORIENTED_EDGE('',*,*,#2039,.F.);
#3008=ORIENTED_EDGE('',*,*,#1569,.T.);
#3009=ORIENTED_EDGE('',*,*,#1672,.T.);
#3010=ORIENTED_EDGE('',*,*,#1563,.T.);
#3011=ORIENTED_EDGE('',*,*,#2022,.T.);
#3012=ORIENTED_EDGE('',*,*,#2020,.T.);
#3013=ORIENTED_EDGE('',*,*,#1565,.T.);
#3014=ORIENTED_EDGE('',*,*,#2040,.F.);
#3015=ORIENTED_EDGE('',*,*,#2041,.T.);
#3016=ORIENTED_EDGE('',*,*,#1667,.T.);
#3017=ORIENTED_EDGE('',*,*,#1668,.T.);
#3018=ORIENTED_EDGE('',*,*,#2041,.F.);
#3019=ORIENTED_EDGE('',*,*,#2040,.T.);
#3020=ORIENTED_EDGE('',*,*,#2035,.T.);
#3021=ORIENTED_EDGE('',*,*,#2038,.T.);
#3022=ORIENTED_EDGE('',*,*,#2036,.T.);
#3023=ORIENTED_EDGE('',*,*,#2032,.T.);
#3024=ORIENTED_EDGE('',*,*,#2039,.T.);
#3025=ORIENTED_EDGE('',*,*,#1570,.T.);
#3026=ORIENTED_EDGE('',*,*,#2042,.T.);
#3027=ORIENTED_EDGE('',*,*,#2043,.T.);
#3028=ORIENTED_EDGE('',*,*,#2044,.F.);
#3029=ORIENTED_EDGE('',*,*,#2045,.F.);
#3030=ORIENTED_EDGE('',*,*,#2045,.T.);
#3031=ORIENTED_EDGE('',*,*,#2046,.T.);
#3032=ORIENTED_EDGE('',*,*,#2043,.F.);
#3033=ORIENTED_EDGE('',*,*,#2046,.F.);
#3034=ORIENTED_EDGE('',*,*,#2042,.F.);
#3035=ORIENTED_EDGE('',*,*,#2047,.T.);
#3036=ORIENTED_EDGE('',*,*,#2044,.T.);
#3037=ORIENTED_EDGE('',*,*,#2047,.F.);
#3038=CYLINDRICAL_SURFACE('',#3285,0.389011066153285);
#3039=CYLINDRICAL_SURFACE('',#3290,0.38844);
#3040=CYLINDRICAL_SURFACE('',#3300,0.118110236220473);
#3041=CYLINDRICAL_SURFACE('',#3302,0.565727729060728);
#3042=CYLINDRICAL_SURFACE('',#3307,0.024);
#3043=CYLINDRICAL_SURFACE('',#3310,0.468);
#3044=CYLINDRICAL_SURFACE('',#3313,0.024);
#3045=CYLINDRICAL_SURFACE('',#3318,0.024);
#3046=CYLINDRICAL_SURFACE('',#3321,0.468);
#3047=CYLINDRICAL_SURFACE('',#3324,0.024);
#3048=CYLINDRICAL_SURFACE('',#3333,0.0708661417322834);
#3049=CYLINDRICAL_SURFACE('',#3458,0.0240000000000203);
#3050=CYLINDRICAL_SURFACE('',#3461,0.024);
#3051=CYLINDRICAL_SURFACE('',#3467,0.0240000000000203);
#3052=CYLINDRICAL_SURFACE('',#3470,0.024);
#3053=CYLINDRICAL_SURFACE('',#3476,0.0240000000000203);
#3054=CYLINDRICAL_SURFACE('',#3479,0.024);
#3055=CYLINDRICAL_SURFACE('',#3485,0.0240000000000203);
#3056=CYLINDRICAL_SURFACE('',#3488,0.024);
#3057=CYLINDRICAL_SURFACE('',#3494,0.0240000000000203);
#3058=CYLINDRICAL_SURFACE('',#3497,0.024);
#3059=CYLINDRICAL_SURFACE('',#3503,0.0240000000000203);
#3060=CYLINDRICAL_SURFACE('',#3506,0.024);
#3061=CYLINDRICAL_SURFACE('',#3512,0.0240000000000202);
#3062=CYLINDRICAL_SURFACE('',#3515,0.024);
#3063=CYLINDRICAL_SURFACE('',#3521,0.0240000000000203);
#3064=CYLINDRICAL_SURFACE('',#3524,0.024);
#3065=CYLINDRICAL_SURFACE('',#3530,0.024);
#3066=CYLINDRICAL_SURFACE('',#3536,0.024);
#3067=CYLINDRICAL_SURFACE('',#3542,0.024);
#3068=CYLINDRICAL_SURFACE('',#3551,0.0240000000000203);
#3069=CYLINDRICAL_SURFACE('',#3556,0.024);
#3070=CYLINDRICAL_SURFACE('',#3559,0.468);
#3071=CYLINDRICAL_SURFACE('',#3565,0.468);
#3072=CYLINDRICAL_SURFACE('',#3568,0.468);
#3073=CYLINDRICAL_SURFACE('',#3571,0.468);
#3074=CYLINDRICAL_SURFACE('',#3574,0.468);
#3075=CYLINDRICAL_SURFACE('',#3577,0.468);
#3076=CYLINDRICAL_SURFACE('',#3580,0.468);
#3077=CYLINDRICAL_SURFACE('',#3583,0.468);
#3078=CYLINDRICAL_SURFACE('',#3586,0.468);
#3079=CYLINDRICAL_SURFACE('',#3589,0.468);
#3080=CYLINDRICAL_SURFACE('',#3592,0.468);
#3081=CYLINDRICAL_SURFACE('',#3595,0.468);
#3082=CYLINDRICAL_SURFACE('',#3598,0.468);
#3083=CYLINDRICAL_SURFACE('',#3604,0.024);
#3084=CYLINDRICAL_SURFACE('',#3607,0.024);
#3085=CYLINDRICAL_SURFACE('',#3610,0.024);
#3086=CYLINDRICAL_SURFACE('',#3613,0.0240000000000202);
#3087=CYLINDRICAL_SURFACE('',#3616,0.0240000000000203);
#3088=CYLINDRICAL_SURFACE('',#3619,0.0240000000000202);
#3089=CYLINDRICAL_SURFACE('',#3622,0.0240000000000203);
#3090=CYLINDRICAL_SURFACE('',#3636,0.0708661417322834);
#3091=CYLINDRICAL_SURFACE('',#3643,0.123110236220473);
#3092=CYLINDRICAL_SURFACE('',#3645,0.569747456060177);
#3093=CYLINDRICAL_SURFACE('',#3654,0.38844);
#3094=CYLINDRICAL_SURFACE('',#3655,0.389011066153285);
#3095=ADVANCED_FACE('',(#188),#3038,.F.);
#3096=ADVANCED_FACE('',(#189,#87),#96,.F.);
#3097=ADVANCED_FACE('',(#190),#3039,.T.);
#3098=ADVANCED_FACE('',(#191,#88),#97,.F.);
#3099=ADVANCED_FACE('',(#192),#98,.F.);
#3100=ADVANCED_FACE('',(#193),#99,.T.);
#3101=ADVANCED_FACE('',(#194),#100,.T.);
#3102=ADVANCED_FACE('',(#195),#3040,.T.);
#3103=ADVANCED_FACE('',(#196),#3041,.T.);
#3104=ADVANCED_FACE('',(#197),#62,.T.);
#3105=ADVANCED_FACE('',(#198),#63,.T.);
#3106=ADVANCED_FACE('',(#199),#64,.T.);
#3107=ADVANCED_FACE('',(#200),#65,.T.);
#3108=ADVANCED_FACE('',(#201),#66,.T.);
#3109=ADVANCED_FACE('',(#202),#67,.T.);
#3110=ADVANCED_FACE('',(#203),#68,.T.);
#3111=ADVANCED_FACE('',(#204),#69,.T.);
#3112=ADVANCED_FACE('',(#205),#70,.T.);
#3113=ADVANCED_FACE('',(#206),#101,.F.);
#3114=ADVANCED_FACE('',(#207),#3042,.T.);
#3115=ADVANCED_FACE('',(#208),#3043,.T.);
#3116=ADVANCED_FACE('',(#209),#3044,.T.);
#3117=ADVANCED_FACE('',(#210),#102,.F.);
#3118=ADVANCED_FACE('',(#211),#71,.T.);
#3119=ADVANCED_FACE('',(#212),#72,.T.);
#3120=ADVANCED_FACE('',(#213),#73,.T.);
#3121=ADVANCED_FACE('',(#214),#74,.T.);
#3122=ADVANCED_FACE('',(#215),#75,.T.);
#3123=ADVANCED_FACE('',(#216),#76,.T.);
#3124=ADVANCED_FACE('',(#217),#77,.T.);
#3125=ADVANCED_FACE('',(#218),#78,.T.);
#3126=ADVANCED_FACE('',(#219),#79,.T.);
#3127=ADVANCED_FACE('',(#220),#103,.F.);
#3128=ADVANCED_FACE('',(#221),#3045,.T.);
#3129=ADVANCED_FACE('',(#222),#3046,.T.);
#3130=ADVANCED_FACE('',(#223),#3047,.T.);
#3131=ADVANCED_FACE('',(#224),#104,.F.);
#3132=ADVANCED_FACE('',(#225),#15,.T.);
#3133=ADVANCED_FACE('',(#226),#3048,.F.);
#3134=ADVANCED_FACE('',(#227,#89),#105,.T.);
#3135=ADVANCED_FACE('',(#228),#16,.T.);
#3136=ADVANCED_FACE('',(#229),#106,.T.);
#3137=ADVANCED_FACE('',(#230),#107,.F.);
#3138=ADVANCED_FACE('',(#231),#108,.T.);
#3139=ADVANCED_FACE('',(#232),#109,.T.);
#3140=ADVANCED_FACE('',(#233),#110,.T.);
#3141=ADVANCED_FACE('',(#234),#111,.T.);
#3142=ADVANCED_FACE('',(#235),#112,.T.);
#3143=ADVANCED_FACE('',(#236),#113,.T.);
#3144=ADVANCED_FACE('',(#237),#114,.T.);
#3145=ADVANCED_FACE('',(#238),#115,.T.);
#3146=ADVANCED_FACE('',(#239),#116,.T.);
#3147=ADVANCED_FACE('',(#240),#117,.T.);
#3148=ADVANCED_FACE('',(#241),#118,.T.);
#3149=ADVANCED_FACE('',(#242),#119,.T.);
#3150=ADVANCED_FACE('',(#243),#120,.T.);
#3151=ADVANCED_FACE('',(#244),#121,.T.);
#3152=ADVANCED_FACE('',(#245),#122,.T.);
#3153=ADVANCED_FACE('',(#246),#123,.T.);
#3154=ADVANCED_FACE('',(#247),#124,.T.);
#3155=ADVANCED_FACE('',(#248),#125,.T.);
#3156=ADVANCED_FACE('',(#249),#126,.T.);
#3157=ADVANCED_FACE('',(#250),#127,.T.);
#3158=ADVANCED_FACE('',(#251),#128,.T.);
#3159=ADVANCED_FACE('',(#252),#129,.T.);
#3160=ADVANCED_FACE('',(#253),#130,.T.);
#3161=ADVANCED_FACE('',(#254),#131,.T.);
#3162=ADVANCED_FACE('',(#255),#132,.T.);
#3163=ADVANCED_FACE('',(#256),#133,.T.);
#3164=ADVANCED_FACE('',(#257),#134,.T.);
#3165=ADVANCED_FACE('',(#258),#135,.T.);
#3166=ADVANCED_FACE('',(#259),#136,.T.);
#3167=ADVANCED_FACE('',(#260),#3049,.T.);
#3168=ADVANCED_FACE('',(#261),#3050,.T.);
#3169=ADVANCED_FACE('',(#262),#137,.F.);
#3170=ADVANCED_FACE('',(#263),#138,.F.);
#3171=ADVANCED_FACE('',(#264),#139,.F.);
#3172=ADVANCED_FACE('',(#265),#3051,.T.);
#3173=ADVANCED_FACE('',(#266),#3052,.T.);
#3174=ADVANCED_FACE('',(#267),#140,.F.);
#3175=ADVANCED_FACE('',(#268),#141,.F.);
#3176=ADVANCED_FACE('',(#269),#142,.F.);
#3177=ADVANCED_FACE('',(#270),#3053,.T.);
#3178=ADVANCED_FACE('',(#271),#3054,.T.);
#3179=ADVANCED_FACE('',(#272),#143,.F.);
#3180=ADVANCED_FACE('',(#273),#144,.F.);
#3181=ADVANCED_FACE('',(#274),#145,.F.);
#3182=ADVANCED_FACE('',(#275),#3055,.T.);
#3183=ADVANCED_FACE('',(#276),#3056,.T.);
#3184=ADVANCED_FACE('',(#277),#146,.F.);
#3185=ADVANCED_FACE('',(#278),#147,.F.);
#3186=ADVANCED_FACE('',(#279),#148,.F.);
#3187=ADVANCED_FACE('',(#280),#3057,.T.);
#3188=ADVANCED_FACE('',(#281),#3058,.T.);
#3189=ADVANCED_FACE('',(#282),#149,.F.);
#3190=ADVANCED_FACE('',(#283),#150,.F.);
#3191=ADVANCED_FACE('',(#284),#151,.F.);
#3192=ADVANCED_FACE('',(#285),#3059,.T.);
#3193=ADVANCED_FACE('',(#286),#3060,.T.);
#3194=ADVANCED_FACE('',(#287),#152,.F.);
#3195=ADVANCED_FACE('',(#288),#153,.F.);
#3196=ADVANCED_FACE('',(#289),#154,.F.);
#3197=ADVANCED_FACE('',(#290),#3061,.T.);
#3198=ADVANCED_FACE('',(#291),#3062,.T.);
#3199=ADVANCED_FACE('',(#292),#155,.F.);
#3200=ADVANCED_FACE('',(#293),#156,.F.);
#3201=ADVANCED_FACE('',(#294),#157,.F.);
#3202=ADVANCED_FACE('',(#295),#3063,.T.);
#3203=ADVANCED_FACE('',(#296),#3064,.T.);
#3204=ADVANCED_FACE('',(#297),#158,.F.);
#3205=ADVANCED_FACE('',(#298),#159,.F.);
#3206=ADVANCED_FACE('',(#299),#160,.F.);
#3207=ADVANCED_FACE('',(#300),#3065,.T.);
#3208=ADVANCED_FACE('',(#301),#161,.F.);
#3209=ADVANCED_FACE('',(#302),#162,.F.);
#3210=ADVANCED_FACE('',(#303),#163,.F.);
#3211=ADVANCED_FACE('',(#304),#3066,.T.);
#3212=ADVANCED_FACE('',(#305),#164,.F.);
#3213=ADVANCED_FACE('',(#306),#165,.F.);
#3214=ADVANCED_FACE('',(#307),#166,.F.);
#3215=ADVANCED_FACE('',(#308),#3067,.T.);
#3216=ADVANCED_FACE('',(#309),#167,.F.);
#3217=ADVANCED_FACE('',(#310),#168,.F.);
#3218=ADVANCED_FACE('',(#311),#169,.F.);
#3219=ADVANCED_FACE('',(#312),#170,.F.);
#3220=ADVANCED_FACE('',(#313),#171,.F.);
#3221=ADVANCED_FACE('',(#314),#172,.F.);
#3222=ADVANCED_FACE('',(#315),#3068,.T.);
#3223=ADVANCED_FACE('',(#316),#173,.F.);
#3224=ADVANCED_FACE('',(#317),#174,.F.);
#3225=ADVANCED_FACE('',(#318),#3069,.T.);
#3226=ADVANCED_FACE('',(#319),#3070,.T.);
#3227=ADVANCED_FACE('',(#320),#175,.F.);
#3228=ADVANCED_FACE('',(#321),#176,.F.);
#3229=ADVANCED_FACE('',(#322),#177,.F.);
#3230=ADVANCED_FACE('',(#323),#3071,.T.);
#3231=ADVANCED_FACE('',(#324),#3072,.T.);
#3232=ADVANCED_FACE('',(#325),#3073,.T.);
#3233=ADVANCED_FACE('',(#326),#3074,.T.);
#3234=ADVANCED_FACE('',(#327),#3075,.T.);
#3235=ADVANCED_FACE('',(#328),#3076,.T.);
#3236=ADVANCED_FACE('',(#329),#3077,.T.);
#3237=ADVANCED_FACE('',(#330),#3078,.T.);
#3238=ADVANCED_FACE('',(#331),#3079,.T.);
#3239=ADVANCED_FACE('',(#332),#3080,.T.);
#3240=ADVANCED_FACE('',(#333),#3081,.T.);
#3241=ADVANCED_FACE('',(#334),#3082,.T.);
#3242=ADVANCED_FACE('',(#335),#178,.F.);
#3243=ADVANCED_FACE('',(#336),#3083,.T.);
#3244=ADVANCED_FACE('',(#337),#3084,.T.);
#3245=ADVANCED_FACE('',(#338),#3085,.T.);
#3246=ADVANCED_FACE('',(#339),#3086,.T.);
#3247=ADVANCED_FACE('',(#340),#3087,.T.);
#3248=ADVANCED_FACE('',(#341),#3088,.T.);
#3249=ADVANCED_FACE('',(#342),#3089,.T.);
#3250=ADVANCED_FACE('',(#343),#17,.T.);
#3251=ADVANCED_FACE('',(#344),#14,.T.);
#3252=ADVANCED_FACE('',(#345),#18,.F.);
#3253=ADVANCED_FACE('',(#346),#19,.T.);
#3254=ADVANCED_FACE('',(#347),#179,.F.);
#3255=ADVANCED_FACE('',(#348),#3090,.F.);
#3256=ADVANCED_FACE('',(#349),#180,.F.);
#3257=ADVANCED_FACE('',(#350,#90),#181,.F.);
#3258=ADVANCED_FACE('',(#351),#182,.F.);
#3259=ADVANCED_FACE('',(#352),#183,.F.);
#3260=ADVANCED_FACE('',(#353,#91),#184,.F.);
#3261=ADVANCED_FACE('',(#354),#3091,.F.);
#3262=ADVANCED_FACE('',(#355),#3092,.T.);
#3263=ADVANCED_FACE('',(#356,#92,#93),#185,.T.);
#3264=ADVANCED_FACE('',(#357,#94),#186,.F.);
#3265=ADVANCED_FACE('',(#358,#95),#187,.T.);
#3266=ADVANCED_FACE('',(#359),#3093,.T.);
#3267=ADVANCED_FACE('',(#360),#3094,.F.);
#3268=CLOSED_SHELL('',(#3095,#3096,#3097,#3098));
#3269=CLOSED_SHELL('',(#3099,#3100,#3101,#3102,#3103,#3104,#3105,#3106,
#3107,#3108,#3109,#3110,#3111,#3112,#3113,#3114,#3115,#3116,#3117,#3118,
#3119,#3120,#3121,#3122,#3123,#3124,#3125,#3126,#3127,#3128,#3129,#3130,
#3131,#3132,#3133,#3134,#3135,#3136,#3137,#3138,#3139,#3140,#3141,#3142,
#3143,#3144,#3145,#3146,#3147,#3148,#3149,#3150,#3151,#3152,#3153,#3154,
#3155,#3156,#3157,#3158,#3159,#3160,#3161,#3162,#3163,#3164,#3165,#3166,
#3167,#3168,#3169,#3170,#3171,#3172,#3173,#3174,#3175,#3176,#3177,#3178,
#3179,#3180,#3181,#3182,#3183,#3184,#3185,#3186,#3187,#3188,#3189,#3190,
#3191,#3192,#3193,#3194,#3195,#3196,#3197,#3198,#3199,#3200,#3201,#3202,
#3203,#3204,#3205,#3206,#3207,#3208,#3209,#3210,#3211,#3212,#3213,#3214,
#3215,#3216,#3217,#3218,#3219,#3220,#3221,#3222,#3223,#3224,#3225,#3226,
#3227,#3228,#3229,#3230,#3231,#3232,#3233,#3234,#3235,#3236,#3237,#3238,
#3239,#3240,#3241,#3242,#3243,#3244,#3245,#3246,#3247,#3248,#3249,#3250,
#3251,#3252,#3253,#3254,#3255,#3256,#3257,#3258,#3259,#3260,#3261,#3262,
#3263));
#3270=CLOSED_SHELL('',(#3264,#3265,#3266,#3267));
#3271=BREP_WITH_VOIDS('Lifter Pulley',#3269,(#85,#86));
#3272=DERIVED_UNIT_ELEMENT(#3274,1.);
#3273=DERIVED_UNIT_ELEMENT(#6223,-3.);
#3274=(
MASS_UNIT()
NAMED_UNIT(*)
SI_UNIT(.KILO.,.GRAM.)
);
#3275=DERIVED_UNIT((#3272,#3273));
#3276=MEASURE_REPRESENTATION_ITEM('density measure',
POSITIVE_RATIO_MEASURE(7850.),#3275);
#3277=PROPERTY_DEFINITION_REPRESENTATION(#3282,#3279);
#3278=PROPERTY_DEFINITION_REPRESENTATION(#3283,#3280);
#3279=REPRESENTATION('material name',(#3281),#6218);
#3280=REPRESENTATION('density',(#3276),#6218);
#3281=DESCRIPTIVE_REPRESENTATION_ITEM('Steel','Steel');
#3282=PROPERTY_DEFINITION('material property','material name',#6231);
#3283=PROPERTY_DEFINITION('material property','density of part',#6231);
#3284=AXIS2_PLACEMENT_3D('',#4635,#3656,#3657);
#3285=AXIS2_PLACEMENT_3D('',#4636,#3658,#3659);
#3286=AXIS2_PLACEMENT_3D('',#4638,#3660,#3661);
#3287=AXIS2_PLACEMENT_3D('',#4641,#3663,#3664);
#3288=AXIS2_PLACEMENT_3D('',#4642,#3665,#3666);
#3289=AXIS2_PLACEMENT_3D('',#4644,#3667,#3668);
#3290=AXIS2_PLACEMENT_3D('',#4645,#3669,#3670);
#3291=AXIS2_PLACEMENT_3D('',#4648,#3672,#3673);
#3292=AXIS2_PLACEMENT_3D('',#4649,#3674,#3675);
#3293=AXIS2_PLACEMENT_3D('',#4650,#3676,#3677);
#3294=AXIS2_PLACEMENT_3D('',#4654,#3679,#3680);
#3295=AXIS2_PLACEMENT_3D('',#4655,#3681,#3682);
#3296=AXIS2_PLACEMENT_3D('',#4665,#3685,#3686);
#3297=AXIS2_PLACEMENT_3D('',#4673,#3689,#3690);
#3298=AXIS2_PLACEMENT_3D('',#4676,#3691,#3692);
#3299=AXIS2_PLACEMENT_3D('',#4683,#3696,#3697);
#3300=AXIS2_PLACEMENT_3D('',#4684,#3698,#3699);
#3301=AXIS2_PLACEMENT_3D('',#4685,#3700,#3701);
#3302=AXIS2_PLACEMENT_3D('',#4686,#3702,#3703);
#3303=AXIS2_PLACEMENT_3D('',#4689,#3704,#3705);
#3304=AXIS2_PLACEMENT_3D('',#4690,#3706,#3707);
#3305=AXIS2_PLACEMENT_3D('',#4693,#3709,#3710);
#3306=AXIS2_PLACEMENT_3D('',#5036,#3719,#3720);
#3307=AXIS2_PLACEMENT_3D('',#5042,#3724,#3725);
#3308=AXIS2_PLACEMENT_3D('',#5046,#3727,#3728);
#3309=AXIS2_PLACEMENT_3D('',#5047,#3729,#3730);
#3310=AXIS2_PLACEMENT_3D('',#5048,#3731,#3732);
#3311=AXIS2_PLACEMENT_3D('',#5052,#3734,#3735);
#3312=AXIS2_PLACEMENT_3D('',#5055,#3737,#3738);
#3313=AXIS2_PLACEMENT_3D('',#5056,#3739,#3740);
#3314=AXIS2_PLACEMENT_3D('',#5060,#3742,#3743);
#3315=AXIS2_PLACEMENT_3D('',#5061,#3744,#3745);
#3316=AXIS2_PLACEMENT_3D('',#5062,#3746,#3747);
#3317=AXIS2_PLACEMENT_3D('',#5408,#3758,#3759);
#3318=AXIS2_PLACEMENT_3D('',#5414,#3763,#3764);
#3319=AXIS2_PLACEMENT_3D('',#5418,#3766,#3767);
#3320=AXIS2_PLACEMENT_3D('',#5419,#3768,#3769);
#3321=AXIS2_PLACEMENT_3D('',#5420,#3770,#3771);
#3322=AXIS2_PLACEMENT_3D('',#5424,#3773,#3774);
#3323=AXIS2_PLACEMENT_3D('',#5427,#3776,#3777);
#3324=AXIS2_PLACEMENT_3D('',#5428,#3778,#3779);
#3325=AXIS2_PLACEMENT_3D('',#5432,#3781,#3782);
#3326=AXIS2_PLACEMENT_3D('',#5433,#3783,#3784);
#3327=AXIS2_PLACEMENT_3D('',#5434,#3785,#3786);
#3328=AXIS2_PLACEMENT_3D('',#5438,#3789,#3790);
#3329=AXIS2_PLACEMENT_3D('',#5441,#3791,#3792);
#3330=AXIS2_PLACEMENT_3D('',#5442,#3793,#3794);
#3331=AXIS2_PLACEMENT_3D('',#5446,#3796,#3797);
#3332=AXIS2_PLACEMENT_3D('',#5447,#3798,#3799);
#3333=AXIS2_PLACEMENT_3D('',#5448,#3800,#3801);
#3334=AXIS2_PLACEMENT_3D('',#5450,#3802,#3803);
#3335=AXIS2_PLACEMENT_3D('',#5465,#3805,#3806);
#3336=AXIS2_PLACEMENT_3D('',#5467,#3807,#3808);
#3337=AXIS2_PLACEMENT_3D('',#5468,#3809,#3810);
#3338=AXIS2_PLACEMENT_3D('',#5470,#3811,#3812);
#3339=AXIS2_PLACEMENT_3D('',#5472,#3814,#3815);
#3340=AXIS2_PLACEMENT_3D('',#5477,#3817,#3818);
#3341=AXIS2_PLACEMENT_3D('',#5479,#3819,#3820);
#3342=AXIS2_PLACEMENT_3D('',#5481,#3821,#3822);
#3343=AXIS2_PLACEMENT_3D('',#5485,#3825,#3826);
#3344=AXIS2_PLACEMENT_3D('',#5491,#3830,#3831);
#3345=AXIS2_PLACEMENT_3D('',#5494,#3832,#3833);
#3346=AXIS2_PLACEMENT_3D('',#5495,#3834,#3835);
#3347=AXIS2_PLACEMENT_3D('',#5500,#3838,#3839);
#3348=AXIS2_PLACEMENT_3D('',#5501,#3840,#3841);
#3349=AXIS2_PLACEMENT_3D('',#5506,#3843,#3844);
#3350=AXIS2_PLACEMENT_3D('',#5508,#3845,#3846);
#3351=AXIS2_PLACEMENT_3D('',#5510,#3847,#3848);
#3352=AXIS2_PLACEMENT_3D('',#5514,#3851,#3852);
#3353=AXIS2_PLACEMENT_3D('',#5517,#3853,#3854);
#3354=AXIS2_PLACEMENT_3D('',#5519,#3855,#3856);
#3355=AXIS2_PLACEMENT_3D('',#5521,#3857,#3858);
#3356=AXIS2_PLACEMENT_3D('',#5527,#3862,#3863);
#3357=AXIS2_PLACEMENT_3D('',#5530,#3864,#3865);
#3358=AXIS2_PLACEMENT_3D('',#5532,#3866,#3867);
#3359=AXIS2_PLACEMENT_3D('',#5534,#3868,#3869);
#3360=AXIS2_PLACEMENT_3D('',#5540,#3873,#3874);
#3361=AXIS2_PLACEMENT_3D('',#5543,#3875,#3876);
#3362=AXIS2_PLACEMENT_3D('',#5545,#3877,#3878);
#3363=AXIS2_PLACEMENT_3D('',#5547,#3879,#3880);
#3364=AXIS2_PLACEMENT_3D('',#5553,#3884,#3885);
#3365=AXIS2_PLACEMENT_3D('',#5556,#3886,#3887);
#3366=AXIS2_PLACEMENT_3D('',#5558,#3888,#3889);
#3367=AXIS2_PLACEMENT_3D('',#5560,#3890,#3891);
#3368=AXIS2_PLACEMENT_3D('',#5566,#3895,#3896);
#3369=AXIS2_PLACEMENT_3D('',#5569,#3897,#3898);
#3370=AXIS2_PLACEMENT_3D('',#5571,#3899,#3900);
#3371=AXIS2_PLACEMENT_3D('',#5573,#3901,#3902);
#3372=AXIS2_PLACEMENT_3D('',#5579,#3906,#3907);
#3373=AXIS2_PLACEMENT_3D('',#5582,#3908,#3909);
#3374=AXIS2_PLACEMENT_3D('',#5584,#3910,#3911);
#3375=AXIS2_PLACEMENT_3D('',#5586,#3912,#3913);
#3376=AXIS2_PLACEMENT_3D('',#5592,#3917,#3918);
#3377=AXIS2_PLACEMENT_3D('',#5595,#3919,#3920);
#3378=AXIS2_PLACEMENT_3D('',#5597,#3921,#3922);
#3379=AXIS2_PLACEMENT_3D('',#5599,#3923,#3924);
#3380=AXIS2_PLACEMENT_3D('',#5605,#3928,#3929);
#3381=AXIS2_PLACEMENT_3D('',#5608,#3930,#3931);
#3382=AXIS2_PLACEMENT_3D('',#5610,#3932,#3933);
#3383=AXIS2_PLACEMENT_3D('',#5612,#3934,#3935);
#3384=AXIS2_PLACEMENT_3D('',#5618,#3939,#3940);
#3385=AXIS2_PLACEMENT_3D('',#5621,#3941,#3942);
#3386=AXIS2_PLACEMENT_3D('',#5623,#3943,#3944);
#3387=AXIS2_PLACEMENT_3D('',#5625,#3945,#3946);
#3388=AXIS2_PLACEMENT_3D('',#5631,#3950,#3951);
#3389=AXIS2_PLACEMENT_3D('',#5634,#3952,#3953);
#3390=AXIS2_PLACEMENT_3D('',#5636,#3954,#3955);
#3391=AXIS2_PLACEMENT_3D('',#5638,#3956,#3957);
#3392=AXIS2_PLACEMENT_3D('',#5644,#3961,#3962);
#3393=AXIS2_PLACEMENT_3D('',#5647,#3963,#3964);
#3394=AXIS2_PLACEMENT_3D('',#5649,#3965,#3966);
#3395=AXIS2_PLACEMENT_3D('',#5651,#3967,#3968);
#3396=AXIS2_PLACEMENT_3D('',#5653,#3969,#3970);
#3397=AXIS2_PLACEMENT_3D('',#5659,#3974,#3975);
#3398=AXIS2_PLACEMENT_3D('',#5662,#3976,#3977);
#3399=AXIS2_PLACEMENT_3D('',#5664,#3978,#3979);
#3400=AXIS2_PLACEMENT_3D('',#5666,#3980,#3981);
#3401=AXIS2_PLACEMENT_3D('',#5672,#3985,#3986);
#3402=AXIS2_PLACEMENT_3D('',#5673,#3987,#3988);
#3403=AXIS2_PLACEMENT_3D('',#5675,#3990,#3991);
#3404=AXIS2_PLACEMENT_3D('',#5678,#3992,#3993);
#3405=AXIS2_PLACEMENT_3D('',#5680,#3994,#3995);
#3406=AXIS2_PLACEMENT_3D('',#5687,#3999,#4000);
#3407=AXIS2_PLACEMENT_3D('',#5688,#4001,#4002);
#3408=AXIS2_PLACEMENT_3D('',#5691,#4003,#4004);
#3409=AXIS2_PLACEMENT_3D('',#5699,#4008,#4009);
#3410=AXIS2_PLACEMENT_3D('',#5700,#4010,#4011);
#3411=AXIS2_PLACEMENT_3D('',#5701,#4012,#4013);
#3412=AXIS2_PLACEMENT_3D('',#5704,#4014,#4015);
#3413=AXIS2_PLACEMENT_3D('',#5712,#4019,#4020);
#3414=AXIS2_PLACEMENT_3D('',#5713,#4021,#4022);
#3415=AXIS2_PLACEMENT_3D('',#5714,#4023,#4024);
#3416=AXIS2_PLACEMENT_3D('',#5717,#4025,#4026);
#3417=AXIS2_PLACEMENT_3D('',#5725,#4030,#4031);
#3418=AXIS2_PLACEMENT_3D('',#5726,#4032,#4033);
#3419=AXIS2_PLACEMENT_3D('',#5727,#4034,#4035);
#3420=AXIS2_PLACEMENT_3D('',#5730,#4036,#4037);
#3421=AXIS2_PLACEMENT_3D('',#5738,#4041,#4042);
#3422=AXIS2_PLACEMENT_3D('',#5739,#4043,#4044);
#3423=AXIS2_PLACEMENT_3D('',#5740,#4045,#4046);
#3424=AXIS2_PLACEMENT_3D('',#5743,#4047,#4048);
#3425=AXIS2_PLACEMENT_3D('',#5751,#4052,#4053);
#3426=AXIS2_PLACEMENT_3D('',#5752,#4054,#4055);
#3427=AXIS2_PLACEMENT_3D('',#5753,#4056,#4057);
#3428=AXIS2_PLACEMENT_3D('',#5756,#4058,#4059);
#3429=AXIS2_PLACEMENT_3D('',#5764,#4063,#4064);
#3430=AXIS2_PLACEMENT_3D('',#5765,#4065,#4066);
#3431=AXIS2_PLACEMENT_3D('',#5766,#4067,#4068);
#3432=AXIS2_PLACEMENT_3D('',#5769,#4069,#4070);
#3433=AXIS2_PLACEMENT_3D('',#5777,#4074,#4075);
#3434=AXIS2_PLACEMENT_3D('',#5778,#4076,#4077);
#3435=AXIS2_PLACEMENT_3D('',#5779,#4078,#4079);
#3436=AXIS2_PLACEMENT_3D('',#5782,#4080,#4081);
#3437=AXIS2_PLACEMENT_3D('',#5790,#4085,#4086);
#3438=AXIS2_PLACEMENT_3D('',#5791,#4087,#4088);
#3439=AXIS2_PLACEMENT_3D('',#5792,#4089,#4090);
#3440=AXIS2_PLACEMENT_3D('',#5795,#4091,#4092);
#3441=AXIS2_PLACEMENT_3D('',#5803,#4096,#4097);
#3442=AXIS2_PLACEMENT_3D('',#5804,#4098,#4099);
#3443=AXIS2_PLACEMENT_3D('',#5805,#4100,#4101);
#3444=AXIS2_PLACEMENT_3D('',#5808,#4102,#4103);
#3445=AXIS2_PLACEMENT_3D('',#5816,#4107,#4108);
#3446=AXIS2_PLACEMENT_3D('',#5817,#4109,#4110);
#3447=AXIS2_PLACEMENT_3D('',#5818,#4111,#4112);
#3448=AXIS2_PLACEMENT_3D('',#5821,#4113,#4114);
#3449=AXIS2_PLACEMENT_3D('',#5829,#4118,#4119);
#3450=AXIS2_PLACEMENT_3D('',#5831,#4120,#4121);
#3451=AXIS2_PLACEMENT_3D('',#5832,#4122,#4123);
#3452=AXIS2_PLACEMENT_3D('',#5833,#4124,#4125);
#3453=AXIS2_PLACEMENT_3D('',#5836,#4126,#4127);
#3454=AXIS2_PLACEMENT_3D('',#5844,#4131,#4132);
#3455=AXIS2_PLACEMENT_3D('',#5845,#4133,#4134);
#3456=AXIS2_PLACEMENT_3D('',#5846,#4135,#4136);
#3457=AXIS2_PLACEMENT_3D('',#5847,#4137,#4138);
#3458=AXIS2_PLACEMENT_3D('',#5849,#4140,#4141);
#3459=AXIS2_PLACEMENT_3D('',#5850,#4142,#4143);
#3460=AXIS2_PLACEMENT_3D('',#5851,#4144,#4145);
#3461=AXIS2_PLACEMENT_3D('',#5852,#4146,#4147);
#3462=AXIS2_PLACEMENT_3D('',#5856,#4149,#4150);
#3463=AXIS2_PLACEMENT_3D('',#5858,#4152,#4153);
#3464=AXIS2_PLACEMENT_3D('',#5859,#4154,#4155);
#3465=AXIS2_PLACEMENT_3D('',#5861,#4157,#4158);
#3466=AXIS2_PLACEMENT_3D('',#5862,#4159,#4160);
#3467=AXIS2_PLACEMENT_3D('',#5865,#4163,#4164);
#3468=AXIS2_PLACEMENT_3D('',#5867,#4165,#4166);
#3469=AXIS2_PLACEMENT_3D('',#5870,#4168,#4169);
#3470=AXIS2_PLACEMENT_3D('',#5871,#4170,#4171);
#3471=AXIS2_PLACEMENT_3D('',#5875,#4173,#4174);
#3472=AXIS2_PLACEMENT_3D('',#5877,#4176,#4177);
#3473=AXIS2_PLACEMENT_3D('',#5878,#4178,#4179);
#3474=AXIS2_PLACEMENT_3D('',#5880,#4181,#4182);
#3475=AXIS2_PLACEMENT_3D('',#5881,#4183,#4184);
#3476=AXIS2_PLACEMENT_3D('',#5884,#4187,#4188);
#3477=AXIS2_PLACEMENT_3D('',#5886,#4189,#4190);
#3478=AXIS2_PLACEMENT_3D('',#5889,#4192,#4193);
#3479=AXIS2_PLACEMENT_3D('',#5890,#4194,#4195);
#3480=AXIS2_PLACEMENT_3D('',#5894,#4197,#4198);
#3481=AXIS2_PLACEMENT_3D('',#5896,#4200,#4201);
#3482=AXIS2_PLACEMENT_3D('',#5897,#4202,#4203);
#3483=AXIS2_PLACEMENT_3D('',#5899,#4205,#4206);
#3484=AXIS2_PLACEMENT_3D('',#5900,#4207,#4208);
#3485=AXIS2_PLACEMENT_3D('',#5903,#4211,#4212);
#3486=AXIS2_PLACEMENT_3D('',#5905,#4213,#4214);
#3487=AXIS2_PLACEMENT_3D('',#5908,#4216,#4217);
#3488=AXIS2_PLACEMENT_3D('',#5909,#4218,#4219);
#3489=AXIS2_PLACEMENT_3D('',#5913,#4221,#4222);
#3490=AXIS2_PLACEMENT_3D('',#5915,#4224,#4225);
#3491=AXIS2_PLACEMENT_3D('',#5916,#4226,#4227);
#3492=AXIS2_PLACEMENT_3D('',#5918,#4229,#4230);
#3493=AXIS2_PLACEMENT_3D('',#5919,#4231,#4232);
#3494=AXIS2_PLACEMENT_3D('',#5922,#4235,#4236);
#3495=AXIS2_PLACEMENT_3D('',#5924,#4237,#4238);
#3496=AXIS2_PLACEMENT_3D('',#5927,#4240,#4241);
#3497=AXIS2_PLACEMENT_3D('',#5928,#4242,#4243);
#3498=AXIS2_PLACEMENT_3D('',#5932,#4245,#4246);
#3499=AXIS2_PLACEMENT_3D('',#5934,#4248,#4249);
#3500=AXIS2_PLACEMENT_3D('',#5935,#4250,#4251);
#3501=AXIS2_PLACEMENT_3D('',#5937,#4253,#4254);
#3502=AXIS2_PLACEMENT_3D('',#5938,#4255,#4256);
#3503=AXIS2_PLACEMENT_3D('',#5941,#4259,#4260);
#3504=AXIS2_PLACEMENT_3D('',#5943,#4261,#4262);
#3505=AXIS2_PLACEMENT_3D('',#5946,#4264,#4265);
#3506=AXIS2_PLACEMENT_3D('',#5947,#4266,#4267);
#3507=AXIS2_PLACEMENT_3D('',#5951,#4269,#4270);
#3508=AXIS2_PLACEMENT_3D('',#5953,#4272,#4273);
#3509=AXIS2_PLACEMENT_3D('',#5954,#4274,#4275);
#3510=AXIS2_PLACEMENT_3D('',#5956,#4277,#4278);
#3511=AXIS2_PLACEMENT_3D('',#5957,#4279,#4280);
#3512=AXIS2_PLACEMENT_3D('',#5960,#4283,#4284);
#3513=AXIS2_PLACEMENT_3D('',#5962,#4285,#4286);
#3514=AXIS2_PLACEMENT_3D('',#5965,#4288,#4289);
#3515=AXIS2_PLACEMENT_3D('',#5966,#4290,#4291);
#3516=AXIS2_PLACEMENT_3D('',#5970,#4293,#4294);
#3517=AXIS2_PLACEMENT_3D('',#5972,#4296,#4297);
#3518=AXIS2_PLACEMENT_3D('',#5973,#4298,#4299);
#3519=AXIS2_PLACEMENT_3D('',#5975,#4301,#4302);
#3520=AXIS2_PLACEMENT_3D('',#5976,#4303,#4304);
#3521=AXIS2_PLACEMENT_3D('',#5979,#4307,#4308);
#3522=AXIS2_PLACEMENT_3D('',#5981,#4309,#4310);
#3523=AXIS2_PLACEMENT_3D('',#5984,#4312,#4313);
#3524=AXIS2_PLACEMENT_3D('',#5985,#4314,#4315);
#3525=AXIS2_PLACEMENT_3D('',#5989,#4317,#4318);
#3526=AXIS2_PLACEMENT_3D('',#5991,#4320,#4321);
#3527=AXIS2_PLACEMENT_3D('',#5992,#4322,#4323);
#3528=AXIS2_PLACEMENT_3D('',#5994,#4325,#4326);
#3529=AXIS2_PLACEMENT_3D('',#5995,#4327,#4328);
#3530=AXIS2_PLACEMENT_3D('',#5998,#4331,#4332);
#3531=AXIS2_PLACEMENT_3D('',#6002,#4334,#4335);
#3532=AXIS2_PLACEMENT_3D('',#6004,#4337,#4338);
#3533=AXIS2_PLACEMENT_3D('',#6005,#4339,#4340);
#3534=AXIS2_PLACEMENT_3D('',#6007,#4342,#4343);
#3535=AXIS2_PLACEMENT_3D('',#6008,#4344,#4345);
#3536=AXIS2_PLACEMENT_3D('',#6011,#4348,#4349);
#3537=AXIS2_PLACEMENT_3D('',#6015,#4351,#4352);
#3538=AXIS2_PLACEMENT_3D('',#6017,#4354,#4355);
#3539=AXIS2_PLACEMENT_3D('',#6018,#4356,#4357);
#3540=AXIS2_PLACEMENT_3D('',#6020,#4359,#4360);
#3541=AXIS2_PLACEMENT_3D('',#6021,#4361,#4362);
#3542=AXIS2_PLACEMENT_3D('',#6024,#4365,#4366);
#3543=AXIS2_PLACEMENT_3D('',#6028,#4368,#4369);
#3544=AXIS2_PLACEMENT_3D('',#6030,#4371,#4372);
#3545=AXIS2_PLACEMENT_3D('',#6031,#4373,#4374);
#3546=AXIS2_PLACEMENT_3D('',#6033,#4376,#4377);
#3547=AXIS2_PLACEMENT_3D('',#6034,#4378,#4379);
#3548=AXIS2_PLACEMENT_3D('',#6037,#4382,#4383);
#3549=AXIS2_PLACEMENT_3D('',#6040,#4386,#4387);
#3550=AXIS2_PLACEMENT_3D('',#6041,#4388,#4389);
#3551=AXIS2_PLACEMENT_3D('',#6044,#4392,#4393);
#3552=AXIS2_PLACEMENT_3D('',#6046,#4394,#4395);
#3553=AXIS2_PLACEMENT_3D('',#6049,#4397,#4398);
#3554=AXIS2_PLACEMENT_3D('',#6050,#4399,#4400);
#3555=AXIS2_PLACEMENT_3D('',#6053,#4403,#4404);
#3556=AXIS2_PLACEMENT_3D('',#6054,#4405,#4406);
#3557=AXIS2_PLACEMENT_3D('',#6057,#4408,#4409);
#3558=AXIS2_PLACEMENT_3D('',#6060,#4411,#4412);
#3559=AXIS2_PLACEMENT_3D('',#6061,#4413,#4414);
#3560=AXIS2_PLACEMENT_3D('',#6065,#4416,#4417);
#3561=AXIS2_PLACEMENT_3D('',#6066,#4418,#4419);
#3562=AXIS2_PLACEMENT_3D('',#6067,#4420,#4421);
#3563=AXIS2_PLACEMENT_3D('',#6069,#4423,#4424);
#3564=AXIS2_PLACEMENT_3D('',#6071,#4426,#4427);
#3565=AXIS2_PLACEMENT_3D('',#6073,#4429,#4430);
#3566=AXIS2_PLACEMENT_3D('',#6077,#4432,#4433);
#3567=AXIS2_PLACEMENT_3D('',#6078,#4434,#4435);
#3568=AXIS2_PLACEMENT_3D('',#6079,#4436,#4437);
#3569=AXIS2_PLACEMENT_3D('',#6081,#4438,#4439);
#3570=AXIS2_PLACEMENT_3D('',#6084,#4441,#4442);
#3571=AXIS2_PLACEMENT_3D('',#6085,#4443,#4444);
#3572=AXIS2_PLACEMENT_3D('',#6087,#4445,#4446);
#3573=AXIS2_PLACEMENT_3D('',#6090,#4448,#4449);
#3574=AXIS2_PLACEMENT_3D('',#6091,#4450,#4451);
#3575=AXIS2_PLACEMENT_3D('',#6093,#4452,#4453);
#3576=AXIS2_PLACEMENT_3D('',#6096,#4455,#4456);
#3577=AXIS2_PLACEMENT_3D('',#6097,#4457,#4458);
#3578=AXIS2_PLACEMENT_3D('',#6099,#4459,#4460);
#3579=AXIS2_PLACEMENT_3D('',#6102,#4462,#4463);
#3580=AXIS2_PLACEMENT_3D('',#6103,#4464,#4465);
#3581=AXIS2_PLACEMENT_3D('',#6104,#4466,#4467);
#3582=AXIS2_PLACEMENT_3D('',#6105,#4468,#4469);
#3583=AXIS2_PLACEMENT_3D('',#6106,#4470,#4471);
#3584=AXIS2_PLACEMENT_3D('',#6107,#4472,#4473);
#3585=AXIS2_PLACEMENT_3D('',#6108,#4474,#4475);
#3586=AXIS2_PLACEMENT_3D('',#6109,#4476,#4477);
#3587=AXIS2_PLACEMENT_3D('',#6110,#4478,#4479);
#3588=AXIS2_PLACEMENT_3D('',#6111,#4480,#4481);
#3589=AXIS2_PLACEMENT_3D('',#6112,#4482,#4483);
#3590=AXIS2_PLACEMENT_3D('',#6113,#4484,#4485);
#3591=AXIS2_PLACEMENT_3D('',#6114,#4486,#4487);
#3592=AXIS2_PLACEMENT_3D('',#6115,#4488,#4489);
#3593=AXIS2_PLACEMENT_3D('',#6116,#4490,#4491);
#3594=AXIS2_PLACEMENT_3D('',#6117,#4492,#4493);
#3595=AXIS2_PLACEMENT_3D('',#6118,#4494,#4495);
#3596=AXIS2_PLACEMENT_3D('',#6119,#4496,#4497);
#3597=AXIS2_PLACEMENT_3D('',#6120,#4498,#4499);
#3598=AXIS2_PLACEMENT_3D('',#6121,#4500,#4501);
#3599=AXIS2_PLACEMENT_3D('',#6122,#4502,#4503);
#3600=AXIS2_PLACEMENT_3D('',#6123,#4504,#4505);
#3601=AXIS2_PLACEMENT_3D('',#6124,#4506,#4507);
#3602=AXIS2_PLACEMENT_3D('',#6126,#4508,#4509);
#3603=AXIS2_PLACEMENT_3D('',#6127,#4510,#4511);
#3604=AXIS2_PLACEMENT_3D('',#6128,#4512,#4513);
#3605=AXIS2_PLACEMENT_3D('',#6129,#4514,#4515);
#3606=AXIS2_PLACEMENT_3D('',#6130,#4516,#4517);
#3607=AXIS2_PLACEMENT_3D('',#6131,#4518,#4519);
#3608=AXIS2_PLACEMENT_3D('',#6132,#4520,#4521);
#3609=AXIS2_PLACEMENT_3D('',#6133,#4522,#4523);
#3610=AXIS2_PLACEMENT_3D('',#6134,#4524,#4525);
#3611=AXIS2_PLACEMENT_3D('',#6135,#4526,#4527);
#3612=AXIS2_PLACEMENT_3D('',#6136,#4528,#4529);
#3613=AXIS2_PLACEMENT_3D('',#6137,#4530,#4531);
#3614=AXIS2_PLACEMENT_3D('',#6138,#4532,#4533);
#3615=AXIS2_PLACEMENT_3D('',#6139,#4534,#4535);
#3616=AXIS2_PLACEMENT_3D('',#6140,#4536,#4537);
#3617=AXIS2_PLACEMENT_3D('',#6141,#4538,#4539);
#3618=AXIS2_PLACEMENT_3D('',#6142,#4540,#4541);
#3619=AXIS2_PLACEMENT_3D('',#6143,#4542,#4543);
#3620=AXIS2_PLACEMENT_3D('',#6144,#4544,#4545);
#3621=AXIS2_PLACEMENT_3D('',#6145,#4546,#4547);
#3622=AXIS2_PLACEMENT_3D('',#6146,#4548,#4549);
#3623=AXIS2_PLACEMENT_3D('',#6147,#4550,#4551);
#3624=AXIS2_PLACEMENT_3D('',#6148,#4552,#4553);
#3625=AXIS2_PLACEMENT_3D('',#6149,#4554,#4555);
#3626=AXIS2_PLACEMENT_3D('',#6152,#4556,#4557);
#3627=AXIS2_PLACEMENT_3D('',#6153,#4558,#4559);
#3628=AXIS2_PLACEMENT_3D('',#6155,#4561,#4562);
#3629=AXIS2_PLACEMENT_3D('',#6156,#4563,#4564);
#3630=AXIS2_PLACEMENT_3D('',#6157,#4565,#4566);
#3631=AXIS2_PLACEMENT_3D('',#6159,#4567,#4568);
#3632=AXIS2_PLACEMENT_3D('',#6161,#4570,#4571);
#3633=AXIS2_PLACEMENT_3D('',#6162,#4572,#4573);
#3634=AXIS2_PLACEMENT_3D('',#6164,#4575,#4576);
#3635=AXIS2_PLACEMENT_3D('',#6165,#4577,#4578);
#3636=AXIS2_PLACEMENT_3D('',#6166,#4579,#4580);
#3637=AXIS2_PLACEMENT_3D('',#6169,#4582,#4583);
#3638=AXIS2_PLACEMENT_3D('',#6170,#4584,#4585);
#3639=AXIS2_PLACEMENT_3D('',#6179,#4590,#4591);
#3640=AXIS2_PLACEMENT_3D('',#6185,#4595,#4596);
#3641=AXIS2_PLACEMENT_3D('',#6189,#4599,#4600);
#3642=AXIS2_PLACEMENT_3D('',#6193,#4603,#4604);
#3643=AXIS2_PLACEMENT_3D('',#6195,#4606,#4607);
#3644=AXIS2_PLACEMENT_3D('',#6196,#4608,#4609);
#3645=AXIS2_PLACEMENT_3D('',#6197,#4610,#4611);
#3646=AXIS2_PLACEMENT_3D('',#6199,#4612,#4613);
#3647=AXIS2_PLACEMENT_3D('',#6201,#4615,#4616);
#3648=AXIS2_PLACEMENT_3D('',#6202,#4617,#4618);
#3649=AXIS2_PLACEMENT_3D('',#6204,#4619,#4620);
#3650=AXIS2_PLACEMENT_3D('',#6206,#4621,#4622);
#3651=AXIS2_PLACEMENT_3D('',#6207,#4623,#4624);
#3652=AXIS2_PLACEMENT_3D('',#6209,#4625,#4626);
#3653=AXIS2_PLACEMENT_3D('',#6211,#4627,#4628);
#3654=AXIS2_PLACEMENT_3D('',#6212,#4629,#4630);
#3655=AXIS2_PLACEMENT_3D('',#6214,#4632,#4633);
#3656=DIRECTION('axis',(0.,0.,1.));
#3657=DIRECTION('refdir',(1.,0.,0.));
#3658=DIRECTION('center_axis',(-1.12345480573129E-16,-5.14920195895394E-13,
1.));
#3659=DIRECTION('ref_axis',(0.98915941211438,-0.14684569256718,-7.55026851935697E-14));
#3660=DIRECTION('center_axis',(0.,0.,-1.));
#3661=DIRECTION('ref_axis',(0.98915941211438,-0.14684569256718,-7.55026851935697E-14));
#3662=DIRECTION('',(-1.12345480573129E-16,-5.14920195895394E-13,1.));
#3663=DIRECTION('center_axis',(-1.12345480573129E-16,-5.14920195895394E-13,
1.));
#3664=DIRECTION('ref_axis',(0.98915941211438,-0.14684569256718,-7.55026851935697E-14));
#3665=DIRECTION('center_axis',(-1.19800953141885E-16,-5.14970416305228E-13,
1.));
#3666=DIRECTION('ref_axis',(-0.14684569256718,-0.98915941211438,-5.09405426502711E-13));
#3667=DIRECTION('center_axis',(1.19800953141885E-16,5.14970416305228E-13,
-1.));
#3668=DIRECTION('ref_axis',(-0.14684569256718,-0.98915941211438,-5.09405426502711E-13));
#3669=DIRECTION('center_axis',(-1.19800953141885E-16,-5.14970416305228E-13,
1.));
#3670=DIRECTION('ref_axis',(-0.14684569256718,-0.98915941211438,-5.09405426502711E-13));
#3671=DIRECTION('',(1.19800953141885E-16,5.14970416305228E-13,-1.));
#3672=DIRECTION('center_axis',(0.,0.,1.));
#3673=DIRECTION('ref_axis',(-0.14684569256718,-0.98915941211438,-5.09405426502711E-13));
#3674=DIRECTION('center_axis',(0.,0.,-1.));
#3675=DIRECTION('ref_axis',(-1.,0.,0.));
#3676=DIRECTION('center_axis',(-1.06055303696458E-47,-3.82104500966428E-31,
1.));
#3677=DIRECTION('ref_axis',(1.,-2.77555756156289E-17,1.94235040245938E-90));
#3678=DIRECTION('',(0.95489088475188,-0.296956896228681,-1.13468566641999E-31));
#3679=DIRECTION('center_axis',(-1.06055303696458E-47,-3.82104500966428E-31,
1.));
#3680=DIRECTION('ref_axis',(1.,-2.77555756156289E-17,0.));
#3681=DIRECTION('center_axis',(-0.296956896228681,-0.95489088475188,0.));
#3682=DIRECTION('ref_axis',(-0.95489088475188,0.296956896228681,1.20206751651218E-29));
#3683=DIRECTION('',(0.,0.,-1.));
#3684=DIRECTION('',(0.,0.,1.));
#3685=DIRECTION('center_axis',(-0.296956896228681,-0.95489088475188,0.));
#3686=DIRECTION('ref_axis',(0.95489088475188,-0.296956896228681,-2.54090254080539E-31));
#3687=DIRECTION('',(0.,0.,-1.));
#3688=DIRECTION('',(0.,0.,-1.));
#3689=DIRECTION('center_axis',(-0.296956896228681,-0.95489088475188,0.));
#3690=DIRECTION('ref_axis',(-0.95489088475188,0.296956896228681,1.20206751651218E-29));
#3691=DIRECTION('center_axis',(-0.296956896228681,-0.95489088475188,0.));
#3692=DIRECTION('ref_axis',(0.95489088475188,-0.296956896228681,-2.54090254080539E-31));
#3693=DIRECTION('',(0.,0.,1.));
#3694=DIRECTION('',(0.95489088475188,-0.296956896228681,-1.20206751651218E-29));
#3695=DIRECTION('',(0.,0.,-1.));
#3696=DIRECTION('center_axis',(-0.296956896228681,-0.95489088475188,0.));
#3697=DIRECTION('ref_axis',(0.95489088475188,-0.296956896228681,-2.54090254080539E-31));
#3698=DIRECTION('center_axis',(0.,0.,-1.));
#3699=DIRECTION('ref_axis',(1.,-2.77555756156289E-17,0.));
#3700=DIRECTION('center_axis',(1.19800953141885E-16,5.14970416305228E-13,
-1.));
#3701=DIRECTION('ref_axis',(0.14684569256718,0.98915941211438,5.09405426502711E-13));
#3702=DIRECTION('center_axis',(0.,0.,1.));
#3703=DIRECTION('ref_axis',(-1.,0.,0.));
#3704=DIRECTION('center_axis',(-1.12345480573129E-16,-5.14920195895394E-13,
1.));
#3705=DIRECTION('ref_axis',(0.98915941211438,-0.14684569256718,-7.55026851935697E-14));
#3706=DIRECTION('center_axis',(-1.12345480573129E-16,-5.14920195895394E-13,
1.));
#3707=DIRECTION('ref_axis',(0.98915941211438,-0.14684569256718,-7.55026851935697E-14));
#3708=DIRECTION('',(0.,0.,-1.));
#3709=DIRECTION('center_axis',(0.,0.,-1.));
#3710=DIRECTION('ref_axis',(-1.,0.,0.));
#3711=DIRECTION('',(-0.154227159477987,0.505652141869988,-0.84884032344231));
#3712=DIRECTION('',(0.74303360907645,0.501979117515857,-0.442626277304936));
#3713=DIRECTION('',(0.132461668757848,-0.503910647705794,0.853538496752556));
#3714=DIRECTION('',(0.905022501752121,0.384797975669757,0.181286483894386));
#3715=DIRECTION('',(-0.905022501752188,-0.384797975669807,0.181286483893944));
#3716=DIRECTION('',(-0.743033609076361,-0.501979117515608,-0.442626277305368));
#3717=DIRECTION('',(-0.132461668757461,0.503910647705494,0.853538496752793));
#3718=DIRECTION('',(0.154227159450466,-0.505652141628684,-0.848840323591055));
#3719=DIRECTION('center_axis',(0.726044725525036,-0.687647479845069,-3.5400200718519E-13));
#3720=DIRECTION('ref_axis',(0.687647479845069,0.726044725525036,3.73932346382757E-13));
#3721=DIRECTION('',(1.12345480573129E-16,5.14920195895394E-13,-1.));
#3722=DIRECTION('',(0.687647479845069,0.726044725525036,3.73932346382757E-13));
#3723=DIRECTION('',(1.12345480573043E-16,5.14920195895394E-13,-1.));
#3724=DIRECTION('center_axis',(-1.12345480573129E-16,-5.14920195895394E-13,
1.));
#3725=DIRECTION('ref_axis',(0.98915941211438,-0.14684569256718,-7.55026851935696E-14));
#3726=DIRECTION('',(-1.12345480573129E-16,-5.14920195895394E-13,1.));
#3727=DIRECTION('center_axis',(-1.12345480573129E-16,-5.14920195895394E-13,
1.));
#3728=DIRECTION('ref_axis',(0.98915941211438,-0.14684569256718,-7.55026851935697E-14));
#3729=DIRECTION('center_axis',(1.12345480573129E-16,5.14920195895394E-13,
-1.));
#3730=DIRECTION('ref_axis',(-0.98915941211438,0.14684569256718,7.55026851935696E-14));
#3731=DIRECTION('center_axis',(-1.12345480573129E-16,-5.14920195895394E-13,
1.));
#3732=DIRECTION('ref_axis',(0.98915941211438,-0.14684569256718,-7.55026851935697E-14));
#3733=DIRECTION('',(-1.12345480573129E-16,-5.14920195895394E-13,1.));
#3734=DIRECTION('center_axis',(-1.12345480573129E-16,-5.14920195895394E-13,
1.));
#3735=DIRECTION('ref_axis',(0.98915941211438,-0.14684569256718,-7.55026851935697E-14));
#3736=DIRECTION('',(1.12345480573129E-16,5.14920195895394E-13,-1.));
#3737=DIRECTION('center_axis',(-1.12345480573129E-16,-5.14920195895394E-13,
1.));
#3738=DIRECTION('ref_axis',(0.98915941211438,-0.14684569256718,-7.55026851935697E-14));
#3739=DIRECTION('center_axis',(-1.12345480573129E-16,-5.14920195895394E-13,
1.));
#3740=DIRECTION('ref_axis',(0.98915941211438,-0.14684569256718,-7.55026851935696E-14));
#3741=DIRECTION('',(1.12345480573129E-16,5.14920195895394E-13,-1.));
#3742=DIRECTION('center_axis',(-1.12345480573129E-16,-5.14920195895394E-13,
1.));
#3743=DIRECTION('ref_axis',(-0.989159412114381,0.146845692567174,7.55026851935667E-14));
#3744=DIRECTION('center_axis',(-1.12345480573129E-16,-5.14920195895394E-13,
1.));
#3745=DIRECTION('ref_axis',(0.98915941211438,-0.14684569256718,-7.55026851935697E-14));
#3746=DIRECTION('center_axis',(0.726044725525036,-0.687647479845069,-3.5400200718519E-13));
#3747=DIRECTION('ref_axis',(0.687647479845069,0.726044725525036,3.73932346382757E-13));
#3748=DIRECTION('',(1.12345480573043E-16,5.14920195895394E-13,-1.));
#3749=DIRECTION('',(-0.687647479845069,-0.726044725525036,-3.73932346382757E-13));
#3750=DIRECTION('',(0.426873454366576,0.311847975992252,0.848840322926923));
#3751=DIRECTION('',(-0.292966527020197,0.847497842288858,0.442626277305645));
#3752=DIRECTION('',(-0.408419922302371,-0.323520017352318,-0.853538496752713));
#3753=DIRECTION('',(-0.492865205469391,0.851010634478199,-0.18128648389394));
#3754=DIRECTION('',(0.492865205469269,-0.851010634478081,-0.181286483894827));
#3755=DIRECTION('',(0.292966527020378,-0.847497842289192,0.442626277304886));
#3756=DIRECTION('',(0.408419922302328,0.323520017352533,-0.853538496752652));
#3757=DIRECTION('',(-0.426873454366601,-0.311847975992507,0.848840322926816));
#3758=DIRECTION('center_axis',(-0.99346108440585,-0.114171247567643,-5.89006920261103E-14));
#3759=DIRECTION('ref_axis',(0.114171247567643,-0.99346108440585,-5.11540349573035E-13));
#3760=DIRECTION('',(-1.12345480573129E-16,-5.14920195895394E-13,1.));
#3761=DIRECTION('',(-0.114171247567642,0.99346108440585,5.11540349573035E-13));
#3762=DIRECTION('',(1.12345480573117E-16,5.14920195895394E-13,-1.));
#3763=DIRECTION('center_axis',(-1.12345480573129E-16,-5.14920195895394E-13,
1.));
#3764=DIRECTION('ref_axis',(0.98915941211438,-0.14684569256718,-7.55026851935697E-14));
#3765=DIRECTION('',(1.12345480573129E-16,5.14920195895394E-13,-1.));
#3766=DIRECTION('center_axis',(-1.12345480573129E-16,-5.14920195895394E-13,
1.));
#3767=DIRECTION('ref_axis',(0.98915941211438,-0.14684569256718,-7.55026851935697E-14));
#3768=DIRECTION('center_axis',(-1.12345480573129E-16,-5.14920195895394E-13,
1.));
#3769=DIRECTION('ref_axis',(0.98915941211438,-0.14684569256718,-7.55026851935696E-14));
#3770=DIRECTION('center_axis',(-1.12345480573129E-16,-5.14920195895394E-13,
1.));
#3771=DIRECTION('ref_axis',(0.98915941211438,-0.14684569256718,-7.55026851935697E-14));
#3772=DIRECTION('',(1.12345480573129E-16,5.14920195895394E-13,-1.));
#3773=DIRECTION('center_axis',(-1.12345480573129E-16,-5.14920195895394E-13,
1.));
#3774=DIRECTION('ref_axis',(0.98915941211438,-0.14684569256718,-7.55026851935697E-14));
#3775=DIRECTION('',(-1.12345480573129E-16,-5.14920195895394E-13,1.));
#3776=DIRECTION('center_axis',(-1.12345480573129E-16,-5.14920195895394E-13,
1.));
#3777=DIRECTION('ref_axis',(0.98915941211438,-0.14684569256718,-7.55026851935697E-14));
#3778=DIRECTION('center_axis',(-1.12345480573129E-16,-5.14920195895394E-13,
1.));
#3779=DIRECTION('ref_axis',(0.98915941211438,-0.14684569256718,-7.55026851935697E-14));
#3780=DIRECTION('',(-1.12345480573129E-16,-5.14920195895394E-13,1.));
#3781=DIRECTION('center_axis',(1.12345480573129E-16,5.14920195895394E-13,
-1.));
#3782=DIRECTION('ref_axis',(0.98915941211438,-0.146845692567177,-7.55026851935682E-14));
#3783=DIRECTION('center_axis',(-1.12345480573129E-16,-5.14920195895394E-13,
1.));
#3784=DIRECTION('ref_axis',(0.98915941211438,-0.14684569256718,-7.55026851935697E-14));
#3785=DIRECTION('center_axis',(-0.99346108440585,-0.114171247567643,-5.89006920261103E-14));
#3786=DIRECTION('ref_axis',(0.114171247567643,-0.99346108440585,-5.11540349573035E-13));
#3787=DIRECTION('',(1.12345480573117E-16,5.14920195895394E-13,-1.));
#3788=DIRECTION('',(-0.114171247567534,0.993461084405863,5.11540349573042E-13));
#3789=DIRECTION('center_axis',(1.12345480573129E-16,5.14920195895394E-13,
-1.));
#3790=DIRECTION('ref_axis',(0.98915941211438,-0.14684569256718,-7.55026851935697E-14));
#3791=DIRECTION('center_axis',(-1.12345480573129E-16,-5.14920195895394E-13,
1.));
#3792=DIRECTION('ref_axis',(0.98915941211438,-0.14684569256718,-7.55026851935697E-14));
#3793=DIRECTION('center_axis',(-1.12345480573129E-16,-5.14920195895394E-13,
1.));
#3794=DIRECTION('ref_axis',(0.98915941211438,-0.14684569256718,-7.55026851935697E-14));
#3795=DIRECTION('',(0.220897266424019,-0.0327933108429823,0.974745606017463));
#3796=DIRECTION('center_axis',(0.,0.,1.));
#3797=DIRECTION('ref_axis',(1.,0.,0.));
#3798=DIRECTION('center_axis',(0.,0.,1.));
#3799=DIRECTION('ref_axis',(1.,0.,0.));
#3800=DIRECTION('center_axis',(-0.316380505872333,-0.948632371102719,0.));
#3801=DIRECTION('ref_axis',(-2.41088440313169E-31,8.04059454745224E-32,
-1.));
#3802=DIRECTION('center_axis',(0.316380505872545,0.948632371102648,0.));
#3803=DIRECTION('ref_axis',(-2.41088440313169E-31,8.04059454745224E-32,
-1.));
#3804=DIRECTION('',(-0.316380505872333,-0.948632371102719,0.));
#3805=DIRECTION('center_axis',(1.19800953141885E-16,5.14970416305228E-13,
-1.));
#3806=DIRECTION('ref_axis',(0.14684569256718,0.98915941211438,5.09405426502711E-13));
#3807=DIRECTION('center_axis',(-1.19800953141885E-16,-5.14970416305228E-13,
1.));
#3808=DIRECTION('ref_axis',(0.14684569256718,0.98915941211438,5.09405426502711E-13));
#3809=DIRECTION('center_axis',(-1.12345480573129E-16,-5.14920195895394E-13,
1.));
#3810=DIRECTION('ref_axis',(0.98915941211438,-0.14684569256718,-7.55026851935697E-14));
#3811=DIRECTION('center_axis',(-1.12345480573129E-16,-5.14920195895394E-13,
1.));
#3812=DIRECTION('ref_axis',(0.98915941211438,-0.14684569256718,-7.55026851935697E-14));
#3813=DIRECTION('',(0.220897266424019,-0.0327933108419784,-0.974745606017497));
#3814=DIRECTION('center_axis',(-1.12345480573129E-16,-5.14920195895394E-13,
1.));
#3815=DIRECTION('ref_axis',(0.98915941211438,-0.14684569256718,-7.55026851935697E-14));
#3816=DIRECTION('',(0.332888237288487,0.942966288620629,4.85639622540878E-13));
#3817=DIRECTION('center_axis',(1.19800953141885E-16,5.14970416305228E-13,
-1.));
#3818=DIRECTION('ref_axis',(-0.146845692567181,-0.98915941211438,-5.09405426502711E-13));
#3819=DIRECTION('center_axis',(-1.12345480573129E-16,-5.14920195895394E-13,
1.));
#3820=DIRECTION('ref_axis',(0.98915941211438,-0.14684569256718,-7.55026851935697E-14));
#3821=DIRECTION('center_axis',(-1.12345480573129E-16,-5.14920195895394E-13,
1.));
#3822=DIRECTION('ref_axis',(0.98915941211438,-0.14684569256718,-7.55026851935696E-14));
#3823=DIRECTION('',(0.508377651106525,-0.861134231032196,-4.43397749322174E-13));
#3824=DIRECTION('',(0.995302338486755,0.0968155721090187,4.99763936426253E-14));
#3825=DIRECTION('center_axis',(0.942966288620629,-0.332888237288487,-1.71304938355001E-13));
#3826=DIRECTION('ref_axis',(0.332888237288487,0.942966288620629,4.85589784548282E-13));
#3827=DIRECTION('',(0.332888237288487,0.942966288620629,4.85589784548282E-13));
#3828=DIRECTION('',(-1.12345480573129E-16,-5.14920195895394E-13,1.));
#3829=DIRECTION('',(-1.12345480573129E-16,-5.14920195895394E-13,1.));
#3830=DIRECTION('center_axis',(1.12345480573129E-16,5.14920195895394E-13,
-1.));
#3831=DIRECTION('ref_axis',(0.98915941211438,-0.14684569256718,-7.55026851935697E-14));
#3832=DIRECTION('center_axis',(-1.12345480573129E-16,-5.14920195895394E-13,
1.));
#3833=DIRECTION('ref_axis',(0.98915941211438,-0.14684569256718,-7.55026851935697E-14));
#3834=DIRECTION('center_axis',(1.12345480573129E-16,5.14920195895394E-13,
-1.));
#3835=DIRECTION('ref_axis',(0.98915941211438,-0.14684569256718,-7.55026851935697E-14));
#3836=DIRECTION('',(0.995302338486755,0.0968155721090187,4.99641110756334E-14));
#3837=DIRECTION('',(0.508377651106525,-0.861134231032196,-4.43358293003802E-13));
#3838=DIRECTION('center_axis',(1.12345480573129E-16,5.14920195895394E-13,
-1.));
#3839=DIRECTION('ref_axis',(-0.98915941211438,0.14684569256718,7.55026851935696E-14));
#3840=DIRECTION('center_axis',(1.12345480573129E-16,5.14920195895394E-13,
-1.));
#3841=DIRECTION('ref_axis',(0.98915941211438,-0.14684569256718,-7.55026851935697E-14));
#3842=DIRECTION('',(0.29977640188882,0.954009490975112,4.91272432502904E-13));
#3843=DIRECTION('center_axis',(-1.12345480573129E-16,-5.14920195895394E-13,
1.));
#3844=DIRECTION('ref_axis',(0.98915941211438,-0.14684569256718,-7.55026851935696E-14));
#3845=DIRECTION('center_axis',(-1.12345480573129E-16,-5.14920195895394E-13,
1.));
#3846=DIRECTION('ref_axis',(0.98915941211438,-0.14684569256718,-7.55026851935697E-14));
#3847=DIRECTION('center_axis',(-1.12345480573129E-16,-5.14920195895394E-13,
1.));
#3848=DIRECTION('ref_axis',(-0.989159412114381,0.146845692567174,7.55026851935667E-14));
#3849=DIRECTION('',(-0.923506226054741,-0.383583433477164,-1.97618608459067E-13));
#3850=DIRECTION('',(-0.737935248700492,0.674871520161684,3.47422071675729E-13));
#3851=DIRECTION('center_axis',(1.12345480573129E-16,5.14920195895394E-13,
-1.));
#3852=DIRECTION('ref_axis',(0.98915941211438,-0.14684569256718,-7.55026851935697E-14));
#3853=DIRECTION('center_axis',(1.12345480573129E-16,5.14920195895394E-13,
-1.));
#3854=DIRECTION('ref_axis',(-0.98915941211438,0.14684569256718,7.55026851935696E-14));
#3855=DIRECTION('center_axis',(-1.12345480573129E-16,-5.14920195895394E-13,
1.));
#3856=DIRECTION('ref_axis',(0.98915941211438,-0.14684569256718,-7.55026851935697E-14));
#3857=DIRECTION('center_axis',(1.12345480573129E-16,5.14920195895394E-13,
-1.));
#3858=DIRECTION('ref_axis',(0.98915941211438,-0.14684569256718,-7.55026851935697E-14));
#3859=DIRECTION('',(-0.0794304056896527,0.996840413833617,5.13284337520552E-13));
#3860=DIRECTION('',(0.869875489508546,0.493271358130864,2.54093110938239E-13));
#3861=DIRECTION('',(0.814680940303077,-0.579909445954189,-2.98515559790568E-13));
#3862=DIRECTION('center_axis',(1.12345480573129E-16,5.14920195895394E-13,
-1.));
#3863=DIRECTION('ref_axis',(0.98915941211438,-0.14684569256718,-7.55026851935697E-14));
#3864=DIRECTION('center_axis',(1.12345480573129E-16,5.14920195895394E-13,
-1.));
#3865=DIRECTION('ref_axis',(-0.98915941211438,0.14684569256718,7.55026851935696E-14));
#3866=DIRECTION('center_axis',(-1.12345480573129E-16,-5.14920195895394E-13,
1.));
#3867=DIRECTION('ref_axis',(0.98915941211438,-0.14684569256718,-7.55026851935697E-14));
#3868=DIRECTION('center_axis',(1.12345480573129E-16,5.14920195895394E-13,
-1.));
#3869=DIRECTION('ref_axis',(0.98915941211438,-0.14684569256718,-7.55026851935697E-14));
#3870=DIRECTION('',(-0.478014809921471,0.878351775483912,4.52227365493701E-13));
#3871=DIRECTION('',(0.594039265823578,0.804436045102272,4.14287103556176E-13));
#3872=DIRECTION('',(0.980118493777233,-0.198413049358776,-1.02056774360821E-13));
#3873=DIRECTION('center_axis',(1.12345480573129E-16,5.14920195895394E-13,
-1.));
#3874=DIRECTION('ref_axis',(0.98915941211438,-0.14684569256718,-7.55026851935697E-14));
#3875=DIRECTION('center_axis',(1.12345480573129E-16,5.14920195895394E-13,
-1.));
#3876=DIRECTION('ref_axis',(-0.98915941211438,0.14684569256718,7.55026851935696E-14));
#3877=DIRECTION('center_axis',(-1.12345480573129E-16,-5.14920195895394E-13,
1.));
#3878=DIRECTION('ref_axis',(0.98915941211438,-0.14684569256718,-7.55026851935697E-14));
#3879=DIRECTION('center_axis',(1.12345480573129E-16,5.14920195895394E-13,
-1.));
#3880=DIRECTION('ref_axis',(0.98915941211438,-0.14684569256718,-7.55026851935697E-14));
#3881=DIRECTION('',(-0.793946110889646,0.607988135577666,3.1297617361635E-13));
#3882=DIRECTION('',(0.215488256400403,0.976506431803454,5.0284709228907E-13));
#3883=DIRECTION('',(0.97608465558032,0.217390765996736,1.120485545126E-13));
#3884=DIRECTION('center_axis',(1.12345480573129E-16,5.14920195895394E-13,
-1.));
#3885=DIRECTION('ref_axis',(0.98915941211438,-0.14684569256718,-7.55026851935697E-14));
#3886=DIRECTION('center_axis',(1.12345480573129E-16,5.14920195895394E-13,
-1.));
#3887=DIRECTION('ref_axis',(-0.98915941211438,0.14684569256718,7.55026851935696E-14));
#3888=DIRECTION('center_axis',(-1.12345480573129E-16,-5.14920195895394E-13,
1.));
#3889=DIRECTION('ref_axis',(0.98915941211438,-0.14684569256718,-7.55026851935697E-14));
#3890=DIRECTION('center_axis',(1.12345480573129E-16,5.14920195895394E-13,
-1.));
#3891=DIRECTION('ref_axis',(0.98915941211438,-0.14684569256718,-7.55026851935697E-14));
#3892=DIRECTION('',(-0.972596916511019,0.232497823631229,1.19608558021456E-13));
#3893=DIRECTION('',(-0.200322630203753,0.979729985163387,5.04460250542763E-13));
#3894=DIRECTION('',(0.803276912982854,0.595605742978303,3.06779670381632E-13));
#3895=DIRECTION('center_axis',(1.12345480573129E-16,5.14920195895394E-13,
-1.));
#3896=DIRECTION('ref_axis',(0.98915941211438,-0.14684569256718,-7.55026851935697E-14));
#3897=DIRECTION('center_axis',(1.12345480573129E-16,5.14920195895394E-13,
-1.));
#3898=DIRECTION('ref_axis',(-0.98915941211438,0.14684569256718,7.55026851935696E-14));
#3899=DIRECTION('center_axis',(-1.12345480573129E-16,-5.14920195895394E-13,
1.));
#3900=DIRECTION('ref_axis',(0.98915941211438,-0.14684569256718,-7.55026851935697E-14));
#3901=DIRECTION('center_axis',(1.12345480573129E-16,5.14920195895394E-13,
-1.));
#3902=DIRECTION('ref_axis',(0.98915941211438,-0.14684569256718,-7.55026851935697E-14));
#3903=DIRECTION('',(-0.983076879502036,-0.183193474197469,-9.44404638649863E-14));
#3904=DIRECTION('',(-0.581495914171718,0.813549323521075,4.18847648600108E-13));
#3905=DIRECTION('',(0.491575294588993,0.870835076090614,4.48465794235867E-13));
#3906=DIRECTION('center_axis',(1.12345480573129E-16,5.14920195895394E-13,
-1.));
#3907=DIRECTION('ref_axis',(0.98915941211438,-0.14684569256718,-7.55026851935697E-14));
#3908=DIRECTION('center_axis',(1.12345480573129E-16,5.14920195895394E-13,
-1.));
#3909=DIRECTION('ref_axis',(-0.98915941211438,0.14684569256718,7.55026851935696E-14));
#3910=DIRECTION('center_axis',(-1.12345480573129E-16,-5.14920195895394E-13,
1.));
#3911=DIRECTION('ref_axis',(0.98915941211438,-0.14684569256718,-7.55026851935697E-14));
#3912=DIRECTION('center_axis',(1.12345480573129E-16,5.14920195895394E-13,
-1.));
#3913=DIRECTION('ref_axis',(0.98915941211438,-0.14684569256718,-7.55026851935696E-14));
#3914=DIRECTION('',(-0.823573919054076,-0.567208956076956,-2.92159871584491E-13));
#3915=DIRECTION('',(-0.862123271854855,0.50669859297839,2.60812483103063E-13));
#3916=DIRECTION('',(0.0948758419393424,0.995489113258553,5.12608108082883E-13));
#3917=DIRECTION('center_axis',(1.12345480573129E-16,5.14920195895394E-13,
-1.));
#3918=DIRECTION('ref_axis',(0.98915941211438,-0.14684569256718,-7.55026851935697E-14));
#3919=DIRECTION('center_axis',(1.12345480573129E-16,5.14920195895394E-13,
-1.));
#3920=DIRECTION('ref_axis',(-0.98915941211438,0.14684569256718,7.55026851935696E-14));
#3921=DIRECTION('center_axis',(-1.12345480573129E-16,-5.14920195895394E-13,
1.));
#3922=DIRECTION('ref_axis',(0.98915941211438,-0.14684569256718,-7.55026851935697E-14));
#3923=DIRECTION('center_axis',(1.12345480573129E-16,5.14920195895394E-13,
-1.));
#3924=DIRECTION('ref_axis',(0.98915941211438,-0.14684569256718,-7.55026851935697E-14));
#3925=DIRECTION('',(-0.521667546067496,-0.853148856519141,-4.39362183317929E-13));
#3926=DIRECTION('',(-0.993681683690241,0.112235072497535,5.76804698704733E-14));
#3927=DIRECTION('',(-0.318228505701586,0.94801403900941,4.88115823143904E-13));
#3928=DIRECTION('center_axis',(1.12345480573129E-16,5.14920195895394E-13,
-1.));
#3929=DIRECTION('ref_axis',(0.98915941211438,-0.14684569256718,-7.55026851935697E-14));
#3930=DIRECTION('center_axis',(1.12345480573129E-16,5.14920195895394E-13,
-1.));
#3931=DIRECTION('ref_axis',(-0.98915941211438,0.14684569256718,7.55026851935697E-14));
#3932=DIRECTION('center_axis',(-1.12345480573129E-16,-5.14920195895394E-13,
1.));
#3933=DIRECTION('ref_axis',(0.98915941211438,-0.14684569256718,-7.55026851935697E-14));
#3934=DIRECTION('center_axis',(1.12345480573129E-16,5.14920195895394E-13,
-1.));
#3935=DIRECTION('ref_axis',(0.98915941211438,-0.14684569256718,-7.55026851935696E-14));
#3936=DIRECTION('',(-0.129560115164969,-0.991571569055124,-5.10594782075568E-13));
#3937=DIRECTION('',(-0.953423505100888,-0.301634911641767,-1.55425020613339E-13));
#3938=DIRECTION('',(-0.676308253691493,0.736618724978372,3.79223877990302E-13));
#3939=DIRECTION('center_axis',(1.12345480573129E-16,5.14920195895394E-13,
-1.));
#3940=DIRECTION('ref_axis',(0.98915941211438,-0.14684569256718,-7.55026851935697E-14));
#3941=DIRECTION('center_axis',(1.12345480573129E-16,5.14920195895394E-13,
-1.));
#3942=DIRECTION('ref_axis',(-0.98915941211438,0.14684569256718,7.55026851935696E-14));
#3943=DIRECTION('center_axis',(-1.12345480573129E-16,-5.14920195895394E-13,
1.));
#3944=DIRECTION('ref_axis',(0.98915941211438,-0.14684569256718,-7.55026851935697E-14));
#3945=DIRECTION('center_axis',(1.12345480573129E-16,5.14920195895394E-13,
-1.));
#3946=DIRECTION('ref_axis',(0.98915941211438,-0.14684569256718,-7.55026851935696E-14));
#3947=DIRECTION('',(0.284949436666277,-0.958542549156568,-4.93540904404369E-13));
#3948=DIRECTION('',(-0.748309740898965,-0.663349479291063,-3.41656113041121E-13));
#3949=DIRECTION('',(-0.917448160550544,0.397855341427539,2.04760679191399E-13));
#3950=DIRECTION('center_axis',(1.12345480573129E-16,5.14920195895394E-13,
-1.));
#3951=DIRECTION('ref_axis',(0.98915941211438,-0.14684569256718,-7.55026851935697E-14));
#3952=DIRECTION('center_axis',(1.12345480573129E-16,5.14920195895394E-13,
-1.));
#3953=DIRECTION('ref_axis',(-0.98915941211438,0.14684569256718,7.55026851935696E-14));
#3954=DIRECTION('center_axis',(-1.12345480573129E-16,-5.14920195895394E-13,
1.));
#3955=DIRECTION('ref_axis',(0.98915941211438,-0.14684569256718,-7.55026851935697E-14));
#3956=DIRECTION('center_axis',(1.12345480573129E-16,5.14920195895394E-13,
-1.));
#3957=DIRECTION('ref_axis',(0.98915941211438,-0.14684569256718,-7.55026851935697E-14));
#3958=DIRECTION('',(0.650188642213559,-0.759772814423159,-3.91149320683295E-13));
#3959=DIRECTION('',(-0.413806424315033,-0.910364895630102,-4.68811759675746E-13));
#3960=DIRECTION('',(-0.999952945695523,-0.00970084505842321,-5.10750123206883E-15));
#3961=DIRECTION('center_axis',(1.12345480573129E-16,5.14920195895394E-13,
-1.));
#3962=DIRECTION('ref_axis',(0.98915941211438,-0.14684569256718,-7.55026851935697E-14));
#3963=DIRECTION('center_axis',(1.12345480573129E-16,5.14920195895394E-13,
-1.));
#3964=DIRECTION('ref_axis',(-0.98915941211438,0.14684569256718,7.55026851935696E-14));
#3965=DIRECTION('center_axis',(-1.12345480573129E-16,-5.14920195895394E-13,
1.));
#3966=DIRECTION('ref_axis',(0.98915941211438,-0.14684569256718,-7.55026851935697E-14));
#3967=DIRECTION('center_axis',(-1.12345480573129E-16,-5.14920195895394E-13,
1.));
#3968=DIRECTION('ref_axis',(0.98915941211438,-0.14684569256718,-7.55026851935697E-14));
#3969=DIRECTION('center_axis',(1.12345480573129E-16,5.14920195895394E-13,
-1.));
#3970=DIRECTION('ref_axis',(0.98915941211438,-0.14684569256718,-7.55026851935696E-14));
#3971=DIRECTION('',(0.903004324743736,-0.429631457756657,-2.21124465936058E-13));
#3972=DIRECTION('',(-0.00775221765368537,-0.999969951109257,-5.14905594041304E-13));
#3973=DIRECTION('',(-0.909556782242421,-0.415579667304372,-2.14092548292319E-13));
#3974=DIRECTION('center_axis',(1.12345480573129E-16,5.14920195895394E-13,
-1.));
#3975=DIRECTION('ref_axis',(0.98915941211438,-0.14684569256718,-7.55026851935697E-14));
#3976=DIRECTION('center_axis',(1.12345480573129E-16,5.14920195895394E-13,
-1.));
#3977=DIRECTION('ref_axis',(-0.98915941211438,0.14684569256718,7.55026851935696E-14));
#3978=DIRECTION('center_axis',(-1.12345480573129E-16,-5.14920195895394E-13,
1.));
#3979=DIRECTION('ref_axis',(0.98915941211438,-0.14684569256718,-7.55026851935697E-14));
#3980=DIRECTION('center_axis',(1.12345480573129E-16,5.14920195895394E-13,
-1.));
#3981=DIRECTION('ref_axis',(0.98915941211438,-0.14684569256718,-7.55026851935697E-14));
#3982=DIRECTION('',(0.999682355988969,-0.0252029189647649,-1.28651821757684E-14));
#3983=DIRECTION('',(0.399642417866671,-0.916671117599808,-4.7196757342665E-13));
#3984=DIRECTION('',(-0.661889988075645,-0.749600989650642,-3.86059048783087E-13));
#3985=DIRECTION('center_axis',(1.12345480573129E-16,5.14920195895394E-13,
-1.));
#3986=DIRECTION('ref_axis',(0.98915941211438,-0.14684569256718,-7.55026851935697E-14));
#3987=DIRECTION('center_axis',(-1.12345480573129E-16,-5.14920195895394E-13,
1.));
#3988=DIRECTION('ref_axis',(0.98915941211438,-0.14684569256718,-7.55026851935697E-14));
#3989=DIRECTION('',(-0.948632371102849,0.316380505871944,1.62804137501446E-13));
#3990=DIRECTION('center_axis',(-1.12345480573129E-16,-5.14920195895394E-13,
1.));
#3991=DIRECTION('ref_axis',(0.98915941211438,-0.14684569256718,-7.55026851935697E-14));
#3992=DIRECTION('center_axis',(-1.12345480573129E-16,-5.14920195895394E-13,
1.));
#3993=DIRECTION('ref_axis',(0.98915941211438,-0.14684569256718,-7.55026851935697E-14));
#3994=DIRECTION('center_axis',(1.12345480573129E-16,5.14920195895394E-13,
-1.));
#3995=DIRECTION('ref_axis',(0.98915941211438,-0.14684569256718,-7.55026851935696E-14));
#3996=DIRECTION('',(-0.299776401888821,-0.954009490975112,-4.91272432502904E-13));
#3997=DIRECTION('',(-0.7379352487005,0.674871520161676,3.47422071675725E-13));
#3998=DIRECTION('',(0.923506226054788,0.383583433477051,1.97618608459009E-13));
#3999=DIRECTION('center_axis',(1.12345480573129E-16,5.14920195895394E-13,
-1.));
#4000=DIRECTION('ref_axis',(-0.98915941211438,0.14684569256718,7.55026851935696E-14));
#4001=DIRECTION('center_axis',(-1.12345480573129E-16,-5.14920195895394E-13,
1.));
#4002=DIRECTION('ref_axis',(0.98915941211438,-0.14684569256718,-7.55026851935697E-14));
#4003=DIRECTION('center_axis',(-1.12345480573129E-16,-5.14920195895394E-13,
1.));
#4004=DIRECTION('ref_axis',(0.98915941211438,-0.14684569256718,-7.55026851935696E-14));
#4005=DIRECTION('',(0.814680940303077,-0.579909445954189,-2.98538609249208E-13));
#4006=DIRECTION('',(0.869875489508546,0.493271358130864,2.54124368560854E-13));
#4007=DIRECTION('',(-0.0794304056896527,0.996840413833617,5.13333807063464E-13));
#4008=DIRECTION('center_axis',(1.19800953141885E-16,5.14970416305228E-13,
-1.));
#4009=DIRECTION('ref_axis',(-0.14684569256718,-0.98915941211438,-5.09405426502711E-13));
#4010=DIRECTION('center_axis',(-1.12345480573129E-16,-5.14920195895394E-13,
1.));
#4011=DIRECTION('ref_axis',(0.98915941211438,-0.14684569256718,-7.55026851935697E-14));
#4012=DIRECTION('center_axis',(-1.12345480573129E-16,-5.14920195895394E-13,
1.));
#4013=DIRECTION('ref_axis',(0.98915941211438,-0.14684569256718,-7.55026851935697E-14));
#4014=DIRECTION('center_axis',(-1.12345480573129E-16,-5.14920195895394E-13,
1.));
#4015=DIRECTION('ref_axis',(0.98915941211438,-0.14684569256718,-7.55026851935696E-14));
#4016=DIRECTION('',(0.980118493777233,-0.198413049358776,-1.02059431498932E-13));
#4017=DIRECTION('',(0.594039265823578,0.804436045102272,4.14331931507498E-13));
#4018=DIRECTION('',(-0.478014809921471,0.878351775483912,4.52267912853542E-13));
#4019=DIRECTION('center_axis',(1.19800953141885E-16,5.14970416305228E-13,
-1.));
#4020=DIRECTION('ref_axis',(-0.14684569256718,-0.98915941211438,-5.09405426502711E-13));
#4021=DIRECTION('center_axis',(-1.12345480573129E-16,-5.14920195895394E-13,
1.));
#4022=DIRECTION('ref_axis',(0.98915941211438,-0.14684569256718,-7.55026851935697E-14));
#4023=DIRECTION('center_axis',(-1.12345480573129E-16,-5.14920195895394E-13,
1.));
#4024=DIRECTION('ref_axis',(0.98915941211438,-0.14684569256718,-7.55026851935697E-14));
#4025=DIRECTION('center_axis',(-1.12345480573129E-16,-5.14920195895394E-13,
1.));
#4026=DIRECTION('ref_axis',(0.98915941211438,-0.14684569256718,-7.55026851935696E-14));
#4027=DIRECTION('',(0.97608465558032,0.217390765996736,1.12066749138337E-13));
#4028=DIRECTION('',(0.215488256400403,0.976506431803454,5.02897739409065E-13));
#4029=DIRECTION('',(-0.793946110889646,0.607988135577666,3.13000787786242E-13));
#4030=DIRECTION('center_axis',(1.19800953141885E-16,5.14970416305228E-13,
-1.));
#4031=DIRECTION('ref_axis',(-0.14684569256718,-0.98915941211438,-5.09405426502711E-13));
#4032=DIRECTION('center_axis',(-1.12345480573129E-16,-5.14920195895394E-13,
1.));
#4033=DIRECTION('ref_axis',(0.98915941211438,-0.14684569256718,-7.55026851935697E-14));
#4034=DIRECTION('center_axis',(-1.12345480573129E-16,-5.14920195895394E-13,
1.));
#4035=DIRECTION('ref_axis',(0.98915941211438,-0.14684569256718,-7.55026851935697E-14));
#4036=DIRECTION('center_axis',(-1.12345480573129E-16,-5.14920195895394E-13,
1.));
#4037=DIRECTION('ref_axis',(0.98915941211438,-0.14684569256718,-7.55026851935696E-14));
#4038=DIRECTION('',(0.803276912982854,0.595605742978303,3.06815570755133E-13));
#4039=DIRECTION('',(-0.200322630203753,0.979729985163387,5.0450795948427E-13));
#4040=DIRECTION('',(-0.972596916511019,0.232497823631229,1.19612982987812E-13));
#4041=DIRECTION('center_axis',(1.19800953141885E-16,5.14970416305228E-13,
-1.));
#4042=DIRECTION('ref_axis',(-0.14684569256718,-0.98915941211438,-5.09405426502711E-13));
#4043=DIRECTION('center_axis',(-1.12345480573129E-16,-5.14920195895394E-13,
1.));
#4044=DIRECTION('ref_axis',(0.98915941211438,-0.14684569256718,-7.55026851935697E-14));
#4045=DIRECTION('center_axis',(-1.12345480573129E-16,-5.14920195895394E-13,
1.));
#4046=DIRECTION('ref_axis',(0.98915941211438,-0.14684569256718,-7.55026851935697E-14));
#4047=DIRECTION('center_axis',(-1.12345480573129E-16,-5.14920195895394E-13,
1.));
#4048=DIRECTION('ref_axis',(0.98915941211438,-0.14684569256718,-7.55026851935696E-14));
#4049=DIRECTION('',(0.491575294588993,0.870835076090614,4.48513192856411E-13));
#4050=DIRECTION('',(-0.581495914171718,0.813549323521075,4.18884170053719E-13));
#4051=DIRECTION('',(-0.983076879502036,-0.183193474197469,-9.44569932190476E-14));
#4052=DIRECTION('center_axis',(1.19800953141885E-16,5.14970416305228E-13,
-1.));
#4053=DIRECTION('ref_axis',(-0.146845692567183,-0.989159412114379,-5.09405426502711E-13));
#4054=DIRECTION('center_axis',(-1.12345480573129E-16,-5.14920195895394E-13,
1.));
#4055=DIRECTION('ref_axis',(0.98915941211438,-0.14684569256718,-7.55026851935697E-14));
#4056=DIRECTION('center_axis',(-1.12345480573129E-16,-5.14920195895394E-13,
1.));
#4057=DIRECTION('ref_axis',(0.98915941211438,-0.14684569256718,-7.55026851935697E-14));
#4058=DIRECTION('center_axis',(-1.12345480573129E-16,-5.14920195895394E-13,
1.));
#4059=DIRECTION('ref_axis',(0.98915941211438,-0.14684569256718,-7.55026851935696E-14));
#4060=DIRECTION('',(0.0948758419393424,0.995489113258553,5.12658809298374E-13));
#4061=DIRECTION('',(-0.862123271854855,0.50669859297839,2.60831502177661E-13));
#4062=DIRECTION('',(-0.823573919054076,-0.567208956076956,-2.92194497183489E-13));
#4063=DIRECTION('center_axis',(1.19800953141885E-16,5.14970416305228E-13,
-1.));
#4064=DIRECTION('ref_axis',(-0.14684569256718,-0.98915941211438,-5.09405426502711E-13));
#4065=DIRECTION('center_axis',(-1.12345480573129E-16,-5.14920195895394E-13,
1.));
#4066=DIRECTION('ref_axis',(0.98915941211438,-0.14684569256718,-7.55026851935697E-14));
#4067=DIRECTION('center_axis',(-1.12345480573129E-16,-5.14920195895394E-13,
1.));
#4068=DIRECTION('ref_axis',(0.98915941211438,-0.14684569256718,-7.55026851935697E-14));
#4069=DIRECTION('center_axis',(-1.12345480573129E-16,-5.14920195895394E-13,
1.));
#4070=DIRECTION('ref_axis',(0.98915941211438,-0.14684569256718,-7.55026851935696E-14));
#4071=DIRECTION('',(-0.318228505701585,0.948014039009411,4.88161060253577E-13));
#4072=DIRECTION('',(-0.993681683690241,0.112235072497535,5.76786979952772E-14));
#4073=DIRECTION('',(-0.521667546067496,-0.853148856519141,-4.39408918081233E-13));
#4074=DIRECTION('center_axis',(1.19800953141885E-16,5.14970416305228E-13,
-1.));
#4075=DIRECTION('ref_axis',(-0.14684569256718,-0.98915941211438,-5.09405426502711E-13));
#4076=DIRECTION('center_axis',(-1.12345480573129E-16,-5.14920195895394E-13,
1.));
#4077=DIRECTION('ref_axis',(0.98915941211438,-0.14684569256718,-7.55026851935697E-14));
#4078=DIRECTION('center_axis',(-1.12345480573129E-16,-5.14920195895394E-13,
1.));
#4079=DIRECTION('ref_axis',(0.98915941211438,-0.14684569256718,-7.55026851935697E-14));
#4080=DIRECTION('center_axis',(-1.12345480573129E-16,-5.14920195895394E-13,
1.));
#4081=DIRECTION('ref_axis',(0.98915941211438,-0.14684569256718,-7.55026851935697E-14));
#4082=DIRECTION('',(-0.676308253691493,0.736618724978372,3.79255829086929E-13));
#4083=DIRECTION('',(-0.953423505100888,-0.301634911641767,-1.5544727706501E-13));
#4084=DIRECTION('',(-0.129560115164969,-0.991571569055124,-5.10645545138031E-13));
#4085=DIRECTION('center_axis',(1.19800953141885E-16,5.14970416305228E-13,
-1.));
#4086=DIRECTION('ref_axis',(-0.146845692567181,-0.98915941211438,-5.09405426502711E-13));
#4087=DIRECTION('center_axis',(-1.12345480573129E-16,-5.14920195895394E-13,
1.));
#4088=DIRECTION('ref_axis',(0.98915941211438,-0.14684569256718,-7.55026851935697E-14));
#4089=DIRECTION('center_axis',(-1.12345480573129E-16,-5.14920195895394E-13,
1.));
#4090=DIRECTION('ref_axis',(0.98915941211438,-0.14684569256718,-7.55026851935697E-14));
#4091=DIRECTION('center_axis',(-1.12345480573129E-16,-5.14920195895394E-13,
1.));
#4092=DIRECTION('ref_axis',(0.98915941211438,-0.14684569256718,-7.55026851935696E-14));
#4093=DIRECTION('',(-0.917448160550544,0.397855341427539,2.04773819640106E-13));
#4094=DIRECTION('',(-0.748309740898965,-0.663349479291063,-3.4169500572658E-13));
#4095=DIRECTION('',(0.284949436666277,-0.958542549156568,-4.93586918371323E-13));
#4096=DIRECTION('center_axis',(1.19800953141885E-16,5.14970416305228E-13,
-1.));
#4097=DIRECTION('ref_axis',(-0.14684569256718,-0.98915941211438,-5.09405426502711E-13));
#4098=DIRECTION('center_axis',(-1.12345480573129E-16,-5.14920195895394E-13,
1.));
#4099=DIRECTION('ref_axis',(0.98915941211438,-0.14684569256718,-7.55026851935697E-14));
#4100=DIRECTION('center_axis',(-1.12345480573129E-16,-5.14920195895394E-13,
1.));
#4101=DIRECTION('ref_axis',(0.98915941211438,-0.14684569256718,-7.55026851935697E-14));
#4102=DIRECTION('center_axis',(-1.12345480573129E-16,-5.14920195895394E-13,
1.));
#4103=DIRECTION('ref_axis',(0.98915941211438,-0.14684569256718,-7.55026851935696E-14));
#4104=DIRECTION('',(-0.999952945695523,-0.00970084505842321,-5.11544353424009E-15));
#4105=DIRECTION('',(-0.413806424315033,-0.910364895630102,-4.68860563696348E-13));
#4106=DIRECTION('',(0.650188642213559,-0.759772814423159,-3.9118262932183E-13));
#4107=DIRECTION('center_axis',(1.19800953141885E-16,5.14970416305228E-13,
-1.));
#4108=DIRECTION('ref_axis',(-0.14684569256718,-0.98915941211438,-5.09405426502711E-13));
#4109=DIRECTION('center_axis',(-1.12345480573129E-16,-5.14920195895394E-13,
1.));
#4110=DIRECTION('ref_axis',(0.98915941211438,-0.14684569256718,-7.55026851935697E-14));
#4111=DIRECTION('center_axis',(-1.12345480573129E-16,-5.14920195895394E-13,
1.));
#4112=DIRECTION('ref_axis',(0.98915941211438,-0.14684569256718,-7.55026851935697E-14));
#4113=DIRECTION('center_axis',(-1.12345480573129E-16,-5.14920195895394E-13,
1.));
#4114=DIRECTION('ref_axis',(0.98915941211438,-0.14684569256718,-7.55026851935696E-14));
#4115=DIRECTION('',(-0.909556782242421,-0.415579667304372,-2.1412020004917E-13));
#4116=DIRECTION('',(-0.0077522176536854,-0.999969951109257,-5.14955870738517E-13));
#4117=DIRECTION('',(0.903004324743736,-0.429631457756657,-2.21139309879972E-13));
#4118=DIRECTION('center_axis',(1.19800953141885E-16,5.14970416305228E-13,
-1.));
#4119=DIRECTION('ref_axis',(-0.146845692567177,-0.98915941211438,-5.09405426502711E-13));
#4120=DIRECTION('center_axis',(-1.12345480573129E-16,-5.14920195895394E-13,
1.));
#4121=DIRECTION('ref_axis',(0.98915941211438,-0.14684569256718,-7.55026851935697E-14));
#4122=DIRECTION('center_axis',(-1.12345480573129E-16,-5.14920195895394E-13,
1.));
#4123=DIRECTION('ref_axis',(0.98915941211438,-0.14684569256718,-7.55026851935697E-14));
#4124=DIRECTION('center_axis',(-1.12345480573129E-16,-5.14920195895394E-13,
1.));
#4125=DIRECTION('ref_axis',(0.98915941211438,-0.14684569256718,-7.55026851935697E-14));
#4126=DIRECTION('center_axis',(-1.12345480573129E-16,-5.14920195895394E-13,
1.));
#4127=DIRECTION('ref_axis',(0.98915941211438,-0.14684569256718,-7.55026851935696E-14));
#4128=DIRECTION('',(-0.661889988075645,-0.749600989650642,-3.86101628754649E-13));
#4129=DIRECTION('',(0.399642417866671,-0.916671117599808,-4.72010629502776E-13));
#4130=DIRECTION('',(0.999682355988969,-0.0252029189647649,-1.28589947723053E-14));
#4131=DIRECTION('center_axis',(1.19800953141885E-16,5.14970416305228E-13,
-1.));
#4132=DIRECTION('ref_axis',(-0.14684569256718,-0.98915941211438,-5.09405426502711E-13));
#4133=DIRECTION('center_axis',(-1.12345480573129E-16,-5.14920195895394E-13,
1.));
#4134=DIRECTION('ref_axis',(0.98915941211438,-0.14684569256718,-7.55026851935697E-14));
#4135=DIRECTION('center_axis',(-1.12345480573129E-16,-5.14920195895394E-13,
1.));
#4136=DIRECTION('ref_axis',(0.98915941211438,-0.14684569256718,-7.55026851935697E-14));
#4137=DIRECTION('center_axis',(-1.12345480573129E-16,-5.14920195895394E-13,
1.));
#4138=DIRECTION('ref_axis',(0.98915941211438,-0.14684569256718,-7.55026851935697E-14));
#4139=DIRECTION('',(0.948632371102719,-0.316380505872333,-1.62804137501647E-13));
#4140=DIRECTION('center_axis',(-1.12345480573129E-16,-5.14920195895394E-13,
1.));
#4141=DIRECTION('ref_axis',(0.98915941211438,-0.14684569256718,-7.55026851935697E-14));
#4142=DIRECTION('center_axis',(-1.12345480573129E-16,-5.14920195895394E-13,
1.));
#4143=DIRECTION('ref_axis',(0.98915941211438,-0.14684569256718,-7.55026851935697E-14));
#4144=DIRECTION('center_axis',(-1.12345480573129E-16,-5.14920195895394E-13,
1.));
#4145=DIRECTION('ref_axis',(0.98915941211438,-0.14684569256718,-7.55026851935697E-14));
#4146=DIRECTION('center_axis',(-1.12345480573129E-16,-5.14920195895394E-13,
1.));
#4147=DIRECTION('ref_axis',(0.98915941211438,-0.14684569256718,-7.55026851935696E-14));
#4148=DIRECTION('',(-1.12345480573129E-16,-5.14920195895394E-13,1.));
#4149=DIRECTION('center_axis',(-1.12345480573129E-16,-5.14920195895394E-13,
1.));
#4150=DIRECTION('ref_axis',(0.98915941211438,-0.14684569256718,-7.55026851935697E-14));
#4151=DIRECTION('',(-1.12345480573129E-16,-5.14920195895394E-13,1.));
#4152=DIRECTION('center_axis',(-1.12345480573129E-16,-5.14920195895394E-13,
1.));
#4153=DIRECTION('ref_axis',(0.98915941211438,-0.14684569256718,-7.55026851935697E-14));
#4154=DIRECTION('center_axis',(-0.861134231032197,-0.508377651106525,-2.61870664235635E-13));
#4155=DIRECTION('ref_axis',(0.508377651106525,-0.861134231032197,-4.43358293003802E-13));
#4156=DIRECTION('',(-1.12345480573129E-16,-5.14920195895394E-13,1.));
#4157=DIRECTION('center_axis',(0.0968155721090187,-0.995302338486755,-5.12490398316768E-13));
#4158=DIRECTION('ref_axis',(0.995302338486755,0.0968155721090188,4.99641110756334E-14));
#4159=DIRECTION('center_axis',(0.996840413833617,0.0794304056896528,4.10123105731135E-14));
#4160=DIRECTION('ref_axis',(-0.0794304056896528,0.996840413833617,5.13284337520552E-13));
#4161=DIRECTION('',(-1.12345480573129E-16,-5.14920195895394E-13,1.));
#4162=DIRECTION('',(-1.12345480573129E-16,-5.14920195895394E-13,1.));
#4163=DIRECTION('center_axis',(-1.12345480573129E-16,-5.14920195895394E-13,
1.));
#4164=DIRECTION('ref_axis',(-0.846813398144009,0.531890090830611,2.73785814107147E-13));
#4165=DIRECTION('center_axis',(-1.12345480573129E-16,-5.14920195895394E-13,
1.));
#4166=DIRECTION('ref_axis',(0.98915941211438,-0.14684569256718,-7.55026851935697E-14));
#4167=DIRECTION('',(-1.12345480573129E-16,-5.14920195895394E-13,1.));
#4168=DIRECTION('center_axis',(-1.12345480573129E-16,-5.14920195895394E-13,
1.));
#4169=DIRECTION('ref_axis',(0.98915941211438,-0.14684569256718,-7.55026851935697E-14));
#4170=DIRECTION('center_axis',(-1.12345480573129E-16,-5.14920195895394E-13,
1.));
#4171=DIRECTION('ref_axis',(0.98915941211438,-0.14684569256718,-7.55026851935696E-14));
#4172=DIRECTION('',(-1.12345480573129E-16,-5.14920195895394E-13,1.));
#4173=DIRECTION('center_axis',(-1.12345480573129E-16,-5.14920195895394E-13,
1.));
#4174=DIRECTION('ref_axis',(0.98915941211438,-0.14684569256718,-7.55026851935697E-14));
#4175=DIRECTION('',(-1.12345480573129E-16,-5.14920195895394E-13,1.));
#4176=DIRECTION('center_axis',(-1.12345480573129E-16,-5.14920195895394E-13,
1.));
#4177=DIRECTION('ref_axis',(0.98915941211438,-0.14684569256718,-7.55026851935697E-14));
#4178=DIRECTION('center_axis',(-0.579909445954189,-0.814680940303077,-4.19560819578499E-13));
#4179=DIRECTION('ref_axis',(0.814680940303077,-0.579909445954189,-2.98515559790568E-13));
#4180=DIRECTION('',(-1.12345480573129E-16,-5.14920195895394E-13,1.));
#4181=DIRECTION('center_axis',(0.493271358130863,-0.869875489508547,-4.4786104065456E-13));
#4182=DIRECTION('ref_axis',(0.869875489508547,0.493271358130863,2.54093110938239E-13));
#4183=DIRECTION('center_axis',(0.878351775483912,0.478014809921471,2.46238158417992E-13));
#4184=DIRECTION('ref_axis',(-0.478014809921471,0.878351775483912,4.52227365493701E-13));
#4185=DIRECTION('',(-1.12345480573129E-16,-5.14920195895394E-13,1.));
#4186=DIRECTION('',(-1.12345480573129E-16,-5.14920195895394E-13,1.));
#4187=DIRECTION('center_axis',(-1.12345480573129E-16,-5.14920195895394E-13,
1.));
#4188=DIRECTION('ref_axis',(-0.989941723375089,0.141475737570644,7.27374990256691E-14));
#4189=DIRECTION('center_axis',(-1.12345480573129E-16,-5.14920195895394E-13,
1.));
#4190=DIRECTION('ref_axis',(0.98915941211438,-0.14684569256718,-7.55026851935697E-14));
#4191=DIRECTION('',(-1.12345480573129E-16,-5.14920195895394E-13,1.));
#4192=DIRECTION('center_axis',(-1.12345480573129E-16,-5.14920195895394E-13,
1.));
#4193=DIRECTION('ref_axis',(0.98915941211438,-0.14684569256718,-7.55026851935697E-14));
#4194=DIRECTION('center_axis',(-1.12345480573129E-16,-5.14920195895394E-13,
1.));
#4195=DIRECTION('ref_axis',(0.98915941211438,-0.14684569256718,-7.55026851935696E-14));
#4196=DIRECTION('',(-1.12345480573129E-16,-5.14920195895394E-13,1.));
#4197=DIRECTION('center_axis',(-1.12345480573129E-16,-5.14920195895394E-13,
1.));
#4198=DIRECTION('ref_axis',(0.98915941211438,-0.14684569256718,-7.55026851935697E-14));
#4199=DIRECTION('',(-1.12345480573129E-16,-5.14920195895394E-13,1.));
#4200=DIRECTION('center_axis',(-1.12345480573129E-16,-5.14920195895394E-13,
1.));
#4201=DIRECTION('ref_axis',(0.98915941211438,-0.14684569256718,-7.55026851935697E-14));
#4202=DIRECTION('center_axis',(-0.198413049358776,-0.980118493777233,-5.04705097625853E-13));
#4203=DIRECTION('ref_axis',(0.980118493777233,-0.198413049358776,-1.02056774360821E-13));
#4204=DIRECTION('',(-1.12345480573129E-16,-5.14920195895394E-13,1.));
#4205=DIRECTION('center_axis',(0.804436045102272,-0.594039265823578,-3.05792440373355E-13));
#4206=DIRECTION('ref_axis',(0.594039265823578,0.804436045102272,4.14287103556176E-13));
#4207=DIRECTION('center_axis',(0.607988135577666,0.793946110889646,4.08887191668957E-13));
#4208=DIRECTION('ref_axis',(-0.793946110889646,0.607988135577666,3.1297617361635E-13));
#4209=DIRECTION('',(-1.12345480573129E-16,-5.14920195895394E-13,1.));
#4210=DIRECTION('',(-1.12345480573129E-16,-5.14920195895394E-13,1.));
#4211=DIRECTION('center_axis',(-1.12345480573129E-16,-5.14920195895394E-13,
1.));
#4212=DIRECTION('ref_axis',(-0.961900131296386,-0.273401055981861,-1.40887790436701E-13));
#4213=DIRECTION('center_axis',(-1.12345480573129E-16,-5.14920195895394E-13,
1.));
#4214=DIRECTION('ref_axis',(0.98915941211438,-0.14684569256718,-7.55026851935697E-14));
#4215=DIRECTION('',(-1.12345480573129E-16,-5.14920195895394E-13,1.));
#4216=DIRECTION('center_axis',(-1.12345480573129E-16,-5.14920195895394E-13,
1.));
#4217=DIRECTION('ref_axis',(0.98915941211438,-0.14684569256718,-7.55026851935697E-14));
#4218=DIRECTION('center_axis',(-1.12345480573129E-16,-5.14920195895394E-13,
1.));
#4219=DIRECTION('ref_axis',(-0.757506903317884,0.652827152794482,3.36068782925676E-13));
#4220=DIRECTION('',(-1.12345480573129E-16,-5.14920195895394E-13,1.));
#4221=DIRECTION('center_axis',(-1.12345480573129E-16,-5.14920195895394E-13,
1.));
#4222=DIRECTION('ref_axis',(0.98915941211438,-0.14684569256718,-7.55026851935697E-14));
#4223=DIRECTION('',(-1.12345480573129E-16,-5.14920195895394E-13,1.));
#4224=DIRECTION('center_axis',(-1.12345480573129E-16,-5.14920195895394E-13,
1.));
#4225=DIRECTION('ref_axis',(0.98915941211438,-0.14684569256718,-7.55026851935697E-14));
#4226=DIRECTION('center_axis',(0.217390765996736,-0.97608465558032,-5.02581279191828E-13));
#4227=DIRECTION('ref_axis',(0.97608465558032,0.217390765996736,1.120485545126E-13));
#4228=DIRECTION('',(-1.12345480573129E-16,-5.14920195895394E-13,1.));
#4229=DIRECTION('center_axis',(0.976506431803454,-0.215488256400403,-1.10849549114489E-13));
#4230=DIRECTION('ref_axis',(0.215488256400403,0.976506431803454,5.0284709228907E-13));
#4231=DIRECTION('center_axis',(0.232497823631229,0.972596916511019,5.00835914856838E-13));
#4232=DIRECTION('ref_axis',(-0.972596916511019,0.232497823631229,1.19608558021456E-13));
#4233=DIRECTION('',(-1.12345480573129E-16,-5.14920195895394E-13,1.));
#4234=DIRECTION('',(-1.12345480573129E-16,-5.14920195895394E-13,1.));
#4235=DIRECTION('center_axis',(-1.12345480573129E-16,-5.14920195895394E-13,
1.));
#4236=DIRECTION('ref_axis',(0.98915941211438,-0.14684569256718,-7.55026851935697E-14));
#4237=DIRECTION('center_axis',(-1.12345480573129E-16,-5.14920195895394E-13,
1.));
#4238=DIRECTION('ref_axis',(0.98915941211438,-0.14684569256718,-7.55026851935697E-14));
#4239=DIRECTION('',(-1.12345480573129E-16,-5.14920195895394E-13,1.));
#4240=DIRECTION('center_axis',(-1.12345480573129E-16,-5.14920195895394E-13,
1.));
#4241=DIRECTION('ref_axis',(0.98915941211438,-0.14684569256718,-7.55026851935697E-14));
#4242=DIRECTION('center_axis',(-1.12345480573129E-16,-5.14920195895394E-13,
1.));
#4243=DIRECTION('ref_axis',(-0.957545715295328,0.288281465098885,1.48334372548173E-13));
#4244=DIRECTION('',(-1.12345480573129E-16,-5.14920195895394E-13,1.));
#4245=DIRECTION('center_axis',(-1.12345480573129E-16,-5.14920195895394E-13,
1.));
#4246=DIRECTION('ref_axis',(0.98915941211438,-0.14684569256718,-7.55026851935697E-14));
#4247=DIRECTION('',(-1.12345480573129E-16,-5.14920195895394E-13,1.));
#4248=DIRECTION('center_axis',(-1.12345480573129E-16,-5.14920195895394E-13,
1.));
#4249=DIRECTION('ref_axis',(0.98915941211438,-0.14684569256718,-7.55026851935697E-14));
#4250=DIRECTION('center_axis',(0.595605742978303,-0.803276912982854,-4.13556591777951E-13));
#4251=DIRECTION('ref_axis',(0.803276912982854,0.595605742978303,3.06779670381632E-13));
#4252=DIRECTION('',(-1.12345480573129E-16,-5.14920195895394E-13,1.));
#4253=DIRECTION('center_axis',(0.979729985163387,0.200322630203753,1.03260236222812E-13));
#4254=DIRECTION('ref_axis',(-0.200322630203753,0.979729985163387,5.04460250542763E-13));
#4255=DIRECTION('center_axis',(-0.183193474197469,0.983076879502036,5.06185558414525E-13));
#4256=DIRECTION('ref_axis',(-0.983076879502036,-0.183193474197469,-9.44404638649863E-14));
#4257=DIRECTION('',(-1.12345480573129E-16,-5.14920195895394E-13,1.));
#4258=DIRECTION('',(-1.12345480573129E-16,-5.14920195895394E-13,1.));
#4259=DIRECTION('center_axis',(-1.12345480573129E-16,-5.14920195895394E-13,
1.));
#4260=DIRECTION('ref_axis',(0.98915941211438,-0.14684569256718,-7.55026851935697E-14));
#4261=DIRECTION('center_axis',(-1.12345480573129E-16,-5.14920195895394E-13,
1.));
#4262=DIRECTION('ref_axis',(0.98915941211438,-0.14684569256718,-7.55026851935697E-14));
#4263=DIRECTION('',(-1.12345480573129E-16,-5.14920195895394E-13,1.));
#4264=DIRECTION('center_axis',(-1.12345480573129E-16,-5.14920195895394E-13,
1.));
#4265=DIRECTION('ref_axis',(0.98915941211438,-0.14684569256718,-7.55026851935697E-14));
#4266=DIRECTION('center_axis',(-1.12345480573129E-16,-5.14920195895394E-13,
1.));
#4267=DIRECTION('ref_axis',(-0.992016174068476,-0.126110706867191,-6.50483984183726E-14));
#4268=DIRECTION('',(-1.12345480573129E-16,-5.14920195895394E-13,1.));
#4269=DIRECTION('center_axis',(-1.12345480573129E-16,-5.14920195895394E-13,
1.));
#4270=DIRECTION('ref_axis',(0.98915941211438,-0.14684569256718,-7.55026851935697E-14));
#4271=DIRECTION('',(-1.12345480573129E-16,-5.14920195895394E-13,1.));
#4272=DIRECTION('center_axis',(-1.12345480573129E-16,-5.14920195895394E-13,
1.));
#4273=DIRECTION('ref_axis',(0.98915941211438,-0.14684569256718,-7.55026851935697E-14));
#4274=DIRECTION('center_axis',(0.870835076090614,-0.491575294588993,-2.53024212601977E-13));
#4275=DIRECTION('ref_axis',(0.491575294588993,0.870835076090614,4.48465794235867E-13));
#4276=DIRECTION('',(-1.12345480573129E-16,-5.14920195895394E-13,1.));
#4277=DIRECTION('center_axis',(0.813549323521075,0.581495914171718,2.99515388627393E-13));
#4278=DIRECTION('ref_axis',(-0.581495914171718,0.813549323521075,4.18847648600108E-13));
#4279=DIRECTION('center_axis',(-0.567208956076955,0.823573919054077,4.24011120370906E-13));
#4280=DIRECTION('ref_axis',(-0.823573919054077,-0.567208956076955,-2.92159871584491E-13));
#4281=DIRECTION('',(-1.12345480573129E-16,-5.14920195895394E-13,1.));
#4282=DIRECTION('',(-1.12345480573129E-16,-5.14920195895394E-13,1.));
#4283=DIRECTION('center_axis',(-1.12345480573129E-16,-5.14920195895394E-13,
1.));
#4284=DIRECTION('ref_axis',(0.98915941211438,-0.14684569256718,-7.55026851935696E-14));
#4285=DIRECTION('center_axis',(-1.12345480573129E-16,-5.14920195895394E-13,
1.));
#4286=DIRECTION('ref_axis',(0.98915941211438,-0.14684569256718,-7.55026851935697E-14));
#4287=DIRECTION('',(-1.12345480573129E-16,-5.14920195895394E-13,1.));
#4288=DIRECTION('center_axis',(-1.12345480573129E-16,-5.14920195895394E-13,
1.));
#4289=DIRECTION('ref_axis',(0.98915941211438,-0.14684569256718,-7.55026851935697E-14));
#4290=DIRECTION('center_axis',(-1.12345480573129E-16,-5.14920195895394E-13,
1.));
#4291=DIRECTION('ref_axis',(0.98915941211438,-0.14684569256718,-7.55026851935696E-14));
#4292=DIRECTION('',(-1.12345480573129E-16,-5.14920195895394E-13,1.));
#4293=DIRECTION('center_axis',(-1.12345480573129E-16,-5.14920195895394E-13,
1.));
#4294=DIRECTION('ref_axis',(0.98915941211438,-0.14684569256718,-7.55026851935697E-14));
#4295=DIRECTION('',(-1.12345480573129E-16,-5.14920195895394E-13,1.));
#4296=DIRECTION('center_axis',(-1.12345480573129E-16,-5.14920195895394E-13,
1.));
#4297=DIRECTION('ref_axis',(0.98915941211438,-0.14684569256718,-7.55026851935697E-14));
#4298=DIRECTION('center_axis',(0.995489113258553,-0.0948758419393424,-4.87416484143123E-14));
#4299=DIRECTION('ref_axis',(0.0948758419393424,0.995489113258553,5.12608108082883E-13));
#4300=DIRECTION('',(-1.12345480573129E-16,-5.14920195895394E-13,1.));
#4301=DIRECTION('center_axis',(0.50669859297839,0.862123271854855,4.43981609326414E-13));
#4302=DIRECTION('ref_axis',(-0.862123271854855,0.50669859297839,2.60812483103063E-13));
#4303=DIRECTION('center_axis',(-0.853148856519141,0.521667546067496,2.68521307595058E-13));
#4304=DIRECTION('ref_axis',(-0.521667546067496,-0.853148856519141,-4.39362183317929E-13));
#4305=DIRECTION('',(-1.12345480573129E-16,-5.14920195895394E-13,1.));
#4306=DIRECTION('',(-1.12345480573129E-16,-5.14920195895394E-13,1.));
#4307=DIRECTION('center_axis',(-1.12345480573129E-16,-5.14920195895394E-13,
1.));
#4308=DIRECTION('ref_axis',(0.98915941211438,-0.14684569256718,-7.55026851935697E-14));
#4309=DIRECTION('center_axis',(-1.12345480573129E-16,-5.14920195895394E-13,
1.));
#4310=DIRECTION('ref_axis',(0.98915941211438,-0.14684569256718,-7.55026851935697E-14));
#4311=DIRECTION('',(-1.12345480573129E-16,-5.14920195895394E-13,1.));
#4312=DIRECTION('center_axis',(-1.12345480573129E-16,-5.14920195895394E-13,
1.));
#4313=DIRECTION('ref_axis',(0.98915941211438,-0.14684569256718,-7.55026851935697E-14));
#4314=DIRECTION('center_axis',(-1.12345480573129E-16,-5.14920195895394E-13,
1.));
#4315=DIRECTION('ref_axis',(0.98915941211438,-0.14684569256718,-7.55026851935696E-14));
#4316=DIRECTION('',(-1.12345480573129E-16,-5.14920195895394E-13,1.));
#4317=DIRECTION('center_axis',(-1.12345480573129E-16,-5.14920195895394E-13,
1.));
#4318=DIRECTION('ref_axis',(0.98915941211438,-0.14684569256718,-7.55026851935697E-14));
#4319=DIRECTION('',(-1.12345480573129E-16,-5.14920195895394E-13,1.));
#4320=DIRECTION('center_axis',(-1.12345480573129E-16,-5.14920195895394E-13,
1.));
#4321=DIRECTION('ref_axis',(0.98915941211438,-0.14684569256718,-7.55026851935697E-14));
#4322=DIRECTION('center_axis',(0.948014039009411,0.318228505701586,1.63968789588161E-13));
#4323=DIRECTION('ref_axis',(-0.318228505701586,0.948014039009411,4.88115823143904E-13));
#4324=DIRECTION('',(-1.12345480573129E-16,-5.14920195895394E-13,1.));
#4325=DIRECTION('center_axis',(0.112235072497535,0.993681683690242,5.11679376326601E-13));
#4326=DIRECTION('ref_axis',(-0.993681683690242,0.112235072497535,5.76804698704733E-14));
#4327=DIRECTION('center_axis',(-0.991571569055124,0.129560115164969,6.66017212965276E-14));
#4328=DIRECTION('ref_axis',(-0.129560115164969,-0.991571569055124,-5.10594782075569E-13));
#4329=DIRECTION('',(-1.12345480573129E-16,-5.14920195895394E-13,1.));
#4330=DIRECTION('',(-1.12345480573129E-16,-5.14920195895394E-13,1.));
#4331=DIRECTION('center_axis',(-1.12345480573129E-16,-5.14920195895394E-13,
1.));
#4332=DIRECTION('ref_axis',(0.98915941211438,-0.14684569256718,-7.55026851935697E-14));
#4333=DIRECTION('',(-1.12345480573129E-16,-5.14920195895394E-13,1.));
#4334=DIRECTION('center_axis',(-1.12345480573129E-16,-5.14920195895394E-13,
1.));
#4335=DIRECTION('ref_axis',(0.98915941211438,-0.14684569256718,-7.55026851935697E-14));
#4336=DIRECTION('',(-1.12345480573129E-16,-5.14920195895394E-13,1.));
#4337=DIRECTION('center_axis',(-1.12345480573129E-16,-5.14920195895394E-13,
1.));
#4338=DIRECTION('ref_axis',(0.98915941211438,-0.14684569256718,-7.55026851935697E-14));
#4339=DIRECTION('center_axis',(0.736618724978372,0.676308253691493,3.48327534261152E-13));
#4340=DIRECTION('ref_axis',(-0.676308253691494,0.736618724978372,3.79223877990302E-13));
#4341=DIRECTION('',(-1.12345480573129E-16,-5.14920195895394E-13,1.));
#4342=DIRECTION('center_axis',(-0.301634911641767,0.953423505100888,4.90903130698716E-13));
#4343=DIRECTION('ref_axis',(-0.953423505100888,-0.301634911641767,-1.55425020613339E-13));
#4344=DIRECTION('center_axis',(-0.958542549156568,-0.284949436666277,-1.46833907671816E-13));
#4345=DIRECTION('ref_axis',(0.284949436666277,-0.958542549156568,-4.93540904404369E-13));
#4346=DIRECTION('',(-1.12345480573129E-16,-5.14920195895394E-13,1.));
#4347=DIRECTION('',(-1.12345480573129E-16,-5.14920195895394E-13,1.));
#4348=DIRECTION('center_axis',(-1.12345480573129E-16,-5.14920195895394E-13,
1.));
#4349=DIRECTION('ref_axis',(0.98915941211438,-0.14684569256718,-7.55026851935696E-14));
#4350=DIRECTION('',(-1.12345480573129E-16,-5.14920195895394E-13,1.));
#4351=DIRECTION('center_axis',(-1.12345480573129E-16,-5.14920195895394E-13,
1.));
#4352=DIRECTION('ref_axis',(0.98915941211438,-0.14684569256718,-7.55026851935697E-14));
#4353=DIRECTION('',(-1.12345480573129E-16,-5.14920195895394E-13,1.));
#4354=DIRECTION('center_axis',(-1.12345480573129E-16,-5.14920195895394E-13,
1.));
#4355=DIRECTION('ref_axis',(0.98915941211438,-0.14684569256718,-7.55026851935697E-14));
#4356=DIRECTION('center_axis',(0.397855341427539,0.917448160550544,4.72457283804086E-13));
#4357=DIRECTION('ref_axis',(-0.917448160550544,0.397855341427539,2.04760679191399E-13));
#4358=DIRECTION('',(-1.12345480573129E-16,-5.14920195895394E-13,1.));
#4359=DIRECTION('center_axis',(-0.663349479291063,0.748309740898965,3.85245274058087E-13));
#4360=DIRECTION('ref_axis',(-0.748309740898965,-0.663349479291063,-3.41656113041121E-13));
#4361=DIRECTION('center_axis',(-0.759772814423159,-0.650188642213559,-3.34880620059529E-13));
#4362=DIRECTION('ref_axis',(0.650188642213559,-0.759772814423159,-3.91149320683295E-13));
#4363=DIRECTION('',(-1.12345480573129E-16,-5.14920195895394E-13,1.));
#4364=DIRECTION('',(-1.12345480573129E-16,-5.14920195895394E-13,1.));
#4365=DIRECTION('center_axis',(-1.12345480573129E-16,-5.14920195895394E-13,
1.));
#4366=DIRECTION('ref_axis',(0.98915941211438,-0.14684569256718,-7.55026851935696E-14));
#4367=DIRECTION('',(-1.12345480573129E-16,-5.14920195895394E-13,1.));
#4368=DIRECTION('center_axis',(-1.12345480573129E-16,-5.14920195895394E-13,
1.));
#4369=DIRECTION('ref_axis',(0.98915941211438,-0.14684569256718,-7.55026851935697E-14));
#4370=DIRECTION('',(-1.12345480573129E-16,-5.14920195895394E-13,1.));
#4371=DIRECTION('center_axis',(-1.12345480573129E-16,-5.14920195895394E-13,
1.));
#4372=DIRECTION('ref_axis',(0.98915941211438,-0.14684569256718,-7.55026851935697E-14));
#4373=DIRECTION('center_axis',(-0.00970084505842317,0.999952945695523,5.14894876837614E-13));
#4374=DIRECTION('ref_axis',(-0.999952945695523,-0.00970084505842317,-5.10750123206881E-15));
#4375=DIRECTION('',(-1.12345480573129E-16,-5.14920195895394E-13,1.));
#4376=DIRECTION('center_axis',(-0.910364895630102,0.413806424315033,2.12975009689373E-13));
#4377=DIRECTION('ref_axis',(-0.413806424315033,-0.910364895630102,-4.68811759675746E-13));
#4378=DIRECTION('center_axis',(-0.429631457756657,-0.903004324743736,-4.65023430944023E-13));
#4379=DIRECTION('ref_axis',(0.903004324743736,-0.429631457756657,-2.21124465936058E-13));
#4380=DIRECTION('',(-1.12345480573129E-16,-5.14920195895394E-13,1.));
#4381=DIRECTION('',(-1.12345480573129E-16,-5.14920195895394E-13,1.));
#4382=DIRECTION('center_axis',(-0.415579667304372,0.909556782242422,4.68302467992812E-13));
#4383=DIRECTION('ref_axis',(-0.909556782242422,-0.415579667304372,-2.14092548292319E-13));
#4384=DIRECTION('',(-1.12345480573129E-16,-5.14920195895394E-13,1.));
#4385=DIRECTION('',(-1.12345480573129E-16,-5.14920195895394E-13,1.));
#4386=DIRECTION('center_axis',(-0.999969951109257,0.00775221765368539,3.87943132814334E-15));
#4387=DIRECTION('ref_axis',(-0.00775221765368538,-0.999969951109257,-5.14905594041304E-13));
#4388=DIRECTION('center_axis',(-0.0252029189647649,-0.999682355988969,-5.14759466013052E-13));
#4389=DIRECTION('ref_axis',(0.999682355988969,-0.0252029189647649,-1.28651821757684E-14));
#4390=DIRECTION('',(-1.12345480573129E-16,-5.14920195895394E-13,1.));
#4391=DIRECTION('',(-1.12345480573129E-16,-5.14920195895394E-13,1.));
#4392=DIRECTION('center_axis',(-1.12345480573129E-16,-5.14920195895394E-13,
1.));
#4393=DIRECTION('ref_axis',(0.98915941211438,-0.14684569256718,-7.55026851935697E-14));
#4394=DIRECTION('center_axis',(-1.12345480573129E-16,-5.14920195895394E-13,
1.));
#4395=DIRECTION('ref_axis',(0.98915941211438,-0.14684569256718,-7.55026851935697E-14));
#4396=DIRECTION('',(-1.12345480573129E-16,-5.14920195895394E-13,1.));
#4397=DIRECTION('center_axis',(-1.12345480573129E-16,-5.14920195895394E-13,
1.));
#4398=DIRECTION('ref_axis',(0.98915941211438,-0.14684569256718,-7.55026851935697E-14));
#4399=DIRECTION('center_axis',(-0.749600989650642,0.661889988075645,3.40736308037691E-13));
#4400=DIRECTION('ref_axis',(-0.661889988075645,-0.749600989650642,-3.86059048783087E-13));
#4401=DIRECTION('',(-1.12345480573129E-16,-5.14920195895394E-13,1.));
#4402=DIRECTION('',(-1.12345480573129E-16,-5.14920195895394E-13,1.));
#4403=DIRECTION('center_axis',(-0.916671117599808,-0.399642417866671,-2.05886935953249E-13));
#4404=DIRECTION('ref_axis',(0.399642417866671,-0.916671117599808,-4.7196757342665E-13));
#4405=DIRECTION('center_axis',(-1.12345480573129E-16,-5.14920195895394E-13,
1.));
#4406=DIRECTION('ref_axis',(0.98915941211438,-0.14684569256718,-7.55026851935696E-14));
#4407=DIRECTION('',(1.12345480573129E-16,5.14920195895394E-13,-1.));
#4408=DIRECTION('center_axis',(-1.12345480573129E-16,-5.14920195895394E-13,
1.));
#4409=DIRECTION('ref_axis',(0.98915941211438,-0.14684569256718,-7.55026851935697E-14));
#4410=DIRECTION('',(-1.12345480573129E-16,-5.14920195895394E-13,1.));
#4411=DIRECTION('center_axis',(-1.12345480573129E-16,-5.14920195895394E-13,
1.));
#4412=DIRECTION('ref_axis',(0.98915941211438,-0.14684569256718,-7.55026851935697E-14));
#4413=DIRECTION('center_axis',(-1.12345480573129E-16,-5.14920195895394E-13,
1.));
#4414=DIRECTION('ref_axis',(0.98915941211438,-0.14684569256718,-7.55026851935697E-14));
#4415=DIRECTION('',(-1.12345480573129E-16,-5.14920195895394E-13,1.));
#4416=DIRECTION('center_axis',(-1.12345480573129E-16,-5.14920195895394E-13,
1.));
#4417=DIRECTION('ref_axis',(0.98915941211438,-0.14684569256718,-7.55026851935697E-14));
#4418=DIRECTION('center_axis',(-1.12345480573129E-16,-5.14920195895394E-13,
1.));
#4419=DIRECTION('ref_axis',(0.98915941211438,-0.14684569256718,-7.55026851935697E-14));
#4420=DIRECTION('center_axis',(0.383583433477051,-0.923506226054788,-4.75488912965573E-13));
#4421=DIRECTION('ref_axis',(0.923506226054788,0.383583433477051,1.97618608459009E-13));
#4422=DIRECTION('',(1.12345480573129E-16,5.14920195895394E-13,-1.));
#4423=DIRECTION('center_axis',(-0.674871520161704,-0.737935248700474,-3.80053581584222E-13));
#4424=DIRECTION('ref_axis',(0.737935248700474,-0.674871520161704,-3.4742207167574E-13));
#4425=DIRECTION('',(1.12345480573129E-16,5.14920195895394E-13,-1.));
#4426=DIRECTION('center_axis',(-0.954009490975112,0.299776401888821,1.54253744930673E-13));
#4427=DIRECTION('ref_axis',(-0.299776401888821,-0.954009490975112,-4.91272432502904E-13));
#4428=DIRECTION('',(-1.12345480573129E-16,-5.14920195895394E-13,1.));
#4429=DIRECTION('center_axis',(-1.12345480573129E-16,-5.14920195895394E-13,
1.));
#4430=DIRECTION('ref_axis',(0.98915941211438,-0.14684569256718,-7.55026851935697E-14));
#4431=DIRECTION('',(-1.12345480573129E-16,-5.14920195895394E-13,1.));
#4432=DIRECTION('center_axis',(-1.12345480573129E-16,-5.14920195895394E-13,
1.));
#4433=DIRECTION('ref_axis',(0.98915941211438,-0.14684569256718,-7.55026851935697E-14));
#4434=DIRECTION('center_axis',(-1.12345480573129E-16,-5.14920195895394E-13,
1.));
#4435=DIRECTION('ref_axis',(0.98915941211438,-0.14684569256718,-7.55026851935697E-14));
#4436=DIRECTION('center_axis',(-1.12345480573129E-16,-5.14920195895394E-13,
1.));
#4437=DIRECTION('ref_axis',(0.98915941211438,-0.14684569256718,-7.55026851935697E-14));
#4438=DIRECTION('center_axis',(-1.12345480573129E-16,-5.14920195895394E-13,
1.));
#4439=DIRECTION('ref_axis',(0.98915941211438,-0.14684569256718,-7.55026851935697E-14));
#4440=DIRECTION('',(-1.12345480573129E-16,-5.14920195895394E-13,1.));
#4441=DIRECTION('center_axis',(-1.12345480573129E-16,-5.14920195895394E-13,
1.));
#4442=DIRECTION('ref_axis',(0.98915941211438,-0.14684569256718,-7.55026851935697E-14));
#4443=DIRECTION('center_axis',(-1.12345480573129E-16,-5.14920195895394E-13,
1.));
#4444=DIRECTION('ref_axis',(0.98915941211438,-0.14684569256718,-7.55026851935697E-14));
#4445=DIRECTION('center_axis',(-1.12345480573129E-16,-5.14920195895394E-13,
1.));
#4446=DIRECTION('ref_axis',(0.98915941211438,-0.14684569256718,-7.55026851935697E-14));
#4447=DIRECTION('',(-1.12345480573129E-16,-5.14920195895394E-13,1.));
#4448=DIRECTION('center_axis',(-1.12345480573129E-16,-5.14920195895394E-13,
1.));
#4449=DIRECTION('ref_axis',(0.98915941211438,-0.14684569256718,-7.55026851935697E-14));
#4450=DIRECTION('center_axis',(-1.12345480573129E-16,-5.14920195895394E-13,
1.));
#4451=DIRECTION('ref_axis',(0.98915941211438,-0.14684569256718,-7.55026851935697E-14));
#4452=DIRECTION('center_axis',(-1.12345480573129E-16,-5.14920195895394E-13,
1.));
#4453=DIRECTION('ref_axis',(0.98915941211438,-0.14684569256718,-7.55026851935697E-14));
#4454=DIRECTION('',(-1.12345480573129E-16,-5.14920195895394E-13,1.));
#4455=DIRECTION('center_axis',(-1.12345480573129E-16,-5.14920195895394E-13,
1.));
#4456=DIRECTION('ref_axis',(0.98915941211438,-0.14684569256718,-7.55026851935697E-14));
#4457=DIRECTION('center_axis',(-1.12345480573129E-16,-5.14920195895394E-13,
1.));
#4458=DIRECTION('ref_axis',(0.98915941211438,-0.14684569256718,-7.55026851935697E-14));
#4459=DIRECTION('center_axis',(-1.12345480573129E-16,-5.14920195895394E-13,
1.));
#4460=DIRECTION('ref_axis',(0.98915941211438,-0.14684569256718,-7.55026851935697E-14));
#4461=DIRECTION('',(-1.12345480573129E-16,-5.14920195895394E-13,1.));
#4462=DIRECTION('center_axis',(-1.12345480573129E-16,-5.14920195895394E-13,
1.));
#4463=DIRECTION('ref_axis',(0.98915941211438,-0.14684569256718,-7.55026851935697E-14));
#4464=DIRECTION('center_axis',(-1.12345480573129E-16,-5.14920195895394E-13,
1.));
#4465=DIRECTION('ref_axis',(0.98915941211438,-0.14684569256718,-7.55026851935697E-14));
#4466=DIRECTION('center_axis',(-1.12345480573129E-16,-5.14920195895394E-13,
1.));
#4467=DIRECTION('ref_axis',(0.98915941211438,-0.14684569256718,-7.55026851935697E-14));
#4468=DIRECTION('center_axis',(-1.12345480573129E-16,-5.14920195895394E-13,
1.));
#4469=DIRECTION('ref_axis',(0.98915941211438,-0.14684569256718,-7.55026851935697E-14));
#4470=DIRECTION('center_axis',(-1.12345480573129E-16,-5.14920195895394E-13,
1.));
#4471=DIRECTION('ref_axis',(0.98915941211438,-0.14684569256718,-7.55026851935697E-14));
#4472=DIRECTION('center_axis',(-1.12345480573129E-16,-5.14920195895394E-13,
1.));
#4473=DIRECTION('ref_axis',(0.98915941211438,-0.14684569256718,-7.55026851935697E-14));
#4474=DIRECTION('center_axis',(-1.12345480573129E-16,-5.14920195895394E-13,
1.));
#4475=DIRECTION('ref_axis',(0.98915941211438,-0.14684569256718,-7.55026851935697E-14));
#4476=DIRECTION('center_axis',(-1.12345480573129E-16,-5.14920195895394E-13,
1.));
#4477=DIRECTION('ref_axis',(0.98915941211438,-0.14684569256718,-7.55026851935697E-14));
#4478=DIRECTION('center_axis',(-1.12345480573129E-16,-5.14920195895394E-13,
1.));
#4479=DIRECTION('ref_axis',(0.98915941211438,-0.14684569256718,-7.55026851935697E-14));
#4480=DIRECTION('center_axis',(-1.12345480573129E-16,-5.14920195895394E-13,
1.));
#4481=DIRECTION('ref_axis',(0.98915941211438,-0.14684569256718,-7.55026851935697E-14));
#4482=DIRECTION('center_axis',(-1.12345480573129E-16,-5.14920195895394E-13,
1.));
#4483=DIRECTION('ref_axis',(0.98915941211438,-0.14684569256718,-7.55026851935697E-14));
#4484=DIRECTION('center_axis',(-1.12345480573129E-16,-5.14920195895394E-13,
1.));
#4485=DIRECTION('ref_axis',(0.98915941211438,-0.14684569256718,-7.55026851935697E-14));
#4486=DIRECTION('center_axis',(-1.12345480573129E-16,-5.14920195895394E-13,
1.));
#4487=DIRECTION('ref_axis',(0.98915941211438,-0.14684569256718,-7.55026851935697E-14));
#4488=DIRECTION('center_axis',(-1.12345480573129E-16,-5.14920195895394E-13,
1.));
#4489=DIRECTION('ref_axis',(0.98915941211438,-0.14684569256718,-7.55026851935697E-14));
#4490=DIRECTION('center_axis',(-1.12345480573129E-16,-5.14920195895394E-13,
1.));
#4491=DIRECTION('ref_axis',(0.98915941211438,-0.14684569256718,-7.55026851935697E-14));
#4492=DIRECTION('center_axis',(-1.12345480573129E-16,-5.14920195895394E-13,
1.));
#4493=DIRECTION('ref_axis',(0.98915941211438,-0.14684569256718,-7.55026851935697E-14));
#4494=DIRECTION('center_axis',(-1.12345480573129E-16,-5.14920195895394E-13,
1.));
#4495=DIRECTION('ref_axis',(0.98915941211438,-0.14684569256718,-7.55026851935697E-14));
#4496=DIRECTION('center_axis',(-1.12345480573129E-16,-5.14920195895394E-13,
1.));
#4497=DIRECTION('ref_axis',(0.98915941211438,-0.14684569256718,-7.55026851935697E-14));
#4498=DIRECTION('center_axis',(-1.12345480573129E-16,-5.14920195895394E-13,
1.));
#4499=DIRECTION('ref_axis',(0.98915941211438,-0.14684569256718,-7.55026851935697E-14));
#4500=DIRECTION('center_axis',(-1.12345480573129E-16,-5.14920195895394E-13,
1.));
#4501=DIRECTION('ref_axis',(0.98915941211438,-0.14684569256718,-7.55026851935697E-14));
#4502=DIRECTION('center_axis',(-1.12345480573129E-16,-5.14920195895394E-13,
1.));
#4503=DIRECTION('ref_axis',(0.98915941211438,-0.14684569256718,-7.55026851935697E-14));
#4504=DIRECTION('center_axis',(-1.12345480573129E-16,-5.14920195895394E-13,
1.));
#4505=DIRECTION('ref_axis',(0.98915941211438,-0.14684569256718,-7.55026851935697E-14));
#4506=DIRECTION('center_axis',(-0.316380505872333,-0.948632371102719,-4.885055102809E-13));
#4507=DIRECTION('ref_axis',(0.948632371102719,-0.316380505872333,-1.62804137501647E-13));
#4508=DIRECTION('center_axis',(-0.316380505872333,-0.948632371102719,-4.885055102809E-13));
#4509=DIRECTION('ref_axis',(-2.41088440313169E-31,8.04059454745224E-32,
-1.));
#4510=DIRECTION('center_axis',(-0.316380505872333,-0.948632371102719,-4.885055102809E-13));
#4511=DIRECTION('ref_axis',(-2.41088440313169E-31,8.04059454745224E-32,
-1.));
#4512=DIRECTION('center_axis',(-1.12345480573129E-16,-5.14920195895394E-13,
1.));
#4513=DIRECTION('ref_axis',(0.98915941211438,-0.14684569256718,-7.55026851935696E-14));
#4514=DIRECTION('center_axis',(-1.12345480573129E-16,-5.14920195895394E-13,
1.));
#4515=DIRECTION('ref_axis',(0.98915941211438,-0.14684569256718,-7.55026851935697E-14));
#4516=DIRECTION('center_axis',(-1.12345480573129E-16,-5.14920195895394E-13,
1.));
#4517=DIRECTION('ref_axis',(0.98915941211438,-0.14684569256718,-7.55026851935697E-14));
#4518=DIRECTION('center_axis',(-1.12345480573129E-16,-5.14920195895394E-13,
1.));
#4519=DIRECTION('ref_axis',(0.98915941211438,-0.14684569256718,-7.55026851935696E-14));
#4520=DIRECTION('center_axis',(-1.12345480573129E-16,-5.14920195895394E-13,
1.));
#4521=DIRECTION('ref_axis',(0.98915941211438,-0.14684569256718,-7.55026851935697E-14));
#4522=DIRECTION('center_axis',(-1.12345480573129E-16,-5.14920195895394E-13,
1.));
#4523=DIRECTION('ref_axis',(0.98915941211438,-0.14684569256718,-7.55026851935697E-14));
#4524=DIRECTION('center_axis',(-1.12345480573129E-16,-5.14920195895394E-13,
1.));
#4525=DIRECTION('ref_axis',(0.98915941211438,-0.14684569256718,-7.55026851935696E-14));
#4526=DIRECTION('center_axis',(-1.12345480573129E-16,-5.14920195895394E-13,
1.));
#4527=DIRECTION('ref_axis',(0.98915941211438,-0.14684569256718,-7.55026851935697E-14));
#4528=DIRECTION('center_axis',(-1.12345480573129E-16,-5.14920195895394E-13,
1.));
#4529=DIRECTION('ref_axis',(0.98915941211438,-0.14684569256718,-7.55026851935697E-14));
#4530=DIRECTION('center_axis',(-1.12345480573129E-16,-5.14920195895394E-13,
1.));
#4531=DIRECTION('ref_axis',(0.98915941211438,-0.14684569256718,-7.55026851935696E-14));
#4532=DIRECTION('center_axis',(-1.12345480573129E-16,-5.14920195895394E-13,
1.));
#4533=DIRECTION('ref_axis',(0.98915941211438,-0.14684569256718,-7.55026851935697E-14));
#4534=DIRECTION('center_axis',(-1.12345480573129E-16,-5.14920195895394E-13,
1.));
#4535=DIRECTION('ref_axis',(0.98915941211438,-0.14684569256718,-7.55026851935697E-14));
#4536=DIRECTION('center_axis',(-1.12345480573129E-16,-5.14920195895394E-13,
1.));
#4537=DIRECTION('ref_axis',(0.98915941211438,-0.14684569256718,-7.55026851935697E-14));
#4538=DIRECTION('center_axis',(-1.12345480573129E-16,-5.14920195895394E-13,
1.));
#4539=DIRECTION('ref_axis',(0.98915941211438,-0.14684569256718,-7.55026851935697E-14));
#4540=DIRECTION('center_axis',(-1.12345480573129E-16,-5.14920195895394E-13,
1.));
#4541=DIRECTION('ref_axis',(0.98915941211438,-0.14684569256718,-7.55026851935697E-14));
#4542=DIRECTION('center_axis',(-1.12345480573129E-16,-5.14920195895394E-13,
1.));
#4543=DIRECTION('ref_axis',(0.98915941211438,-0.14684569256718,-7.55026851935696E-14));
#4544=DIRECTION('center_axis',(-1.12345480573129E-16,-5.14920195895394E-13,
1.));
#4545=DIRECTION('ref_axis',(0.98915941211438,-0.14684569256718,-7.55026851935697E-14));
#4546=DIRECTION('center_axis',(-1.12345480573129E-16,-5.14920195895394E-13,
1.));
#4547=DIRECTION('ref_axis',(0.98915941211438,-0.14684569256718,-7.55026851935697E-14));
#4548=DIRECTION('center_axis',(-1.12345480573129E-16,-5.14920195895394E-13,
1.));
#4549=DIRECTION('ref_axis',(0.98915941211438,-0.14684569256718,-7.55026851935696E-14));
#4550=DIRECTION('center_axis',(-1.12345480573129E-16,-5.14920195895394E-13,
1.));
#4551=DIRECTION('ref_axis',(0.98915941211438,-0.14684569256718,-7.55026851935697E-14));
#4552=DIRECTION('center_axis',(-1.12345480573129E-16,-5.14920195895394E-13,
1.));
#4553=DIRECTION('ref_axis',(0.98915941211438,-0.14684569256718,-7.55026851935697E-14));
#4554=DIRECTION('center_axis',(1.12345480573129E-16,5.14920195895394E-13,
-1.));
#4555=DIRECTION('ref_axis',(-0.98915941211438,0.14684569256718,7.55026851935697E-14));
#4556=DIRECTION('center_axis',(-1.12345480573129E-16,-5.14920195895394E-13,
1.));
#4557=DIRECTION('ref_axis',(0.98915941211438,-0.14684569256718,-7.55026851935696E-14));
#4558=DIRECTION('center_axis',(-1.12345480573129E-16,-5.14920195895394E-13,
1.));
#4559=DIRECTION('ref_axis',(0.98915941211438,-0.14684569256718,-7.55026851935696E-14));
#4560=DIRECTION('',(-0.964178790609325,0.143137193592338,0.223318166635965));
#4561=DIRECTION('center_axis',(-1.12345480573129E-16,-5.14920195895394E-13,
1.));
#4562=DIRECTION('ref_axis',(0.98915941211438,-0.14684569256718,-7.51835241237387E-14));
#4563=DIRECTION('center_axis',(-0.14684569256718,-0.98915941211438,-5.0935465570761E-13));
#4564=DIRECTION('ref_axis',(-0.98915941211438,0.14684569256718,7.5456517214474E-14));
#4565=DIRECTION('center_axis',(1.19800953141885E-16,5.14970416305228E-13,
-1.));
#4566=DIRECTION('ref_axis',(0.14684569256718,0.98915941211438,5.09405426502711E-13));
#4567=DIRECTION('center_axis',(0.,0.,1.));
#4568=DIRECTION('ref_axis',(1.,0.,0.));
#4569=DIRECTION('',(-0.103835585002289,-0.699441327980217,-0.707106781186904));
#4570=DIRECTION('center_axis',(0.,0.,1.));
#4571=DIRECTION('ref_axis',(1.,0.,0.));
#4572=DIRECTION('center_axis',(-1.12345480573129E-16,-5.14920195895394E-13,
1.));
#4573=DIRECTION('ref_axis',(-0.98915941211438,0.14684569256718,7.55026851935697E-14));
#4574=DIRECTION('',(-0.964178790609325,0.143137193592567,-0.223318166635817));
#4575=DIRECTION('center_axis',(-0.316380505872333,-0.948632371102719,-4.885055102809E-13));
#4576=DIRECTION('ref_axis',(0.948632371102719,-0.316380505872333,-1.62804137501647E-13));
#4577=DIRECTION('center_axis',(-0.316380505872333,-0.948632371102719,-4.885055102809E-13));
#4578=DIRECTION('ref_axis',(-2.41088440313169E-31,8.04059454745224E-32,
-1.));
#4579=DIRECTION('center_axis',(-0.316380505872333,-0.948632371102719,0.));
#4580=DIRECTION('ref_axis',(-2.41088440313169E-31,8.04059454745224E-32,
-1.));
#4581=DIRECTION('',(-0.316380505872333,-0.948632371102719,0.));
#4582=DIRECTION('center_axis',(-0.316380505872546,-0.948632371102648,0.));
#4583=DIRECTION('ref_axis',(-2.41088440313169E-31,8.04059454745224E-32,
-1.));
#4584=DIRECTION('center_axis',(2.33471279432609E-18,7.00038116153639E-18,
-1.));
#4585=DIRECTION('ref_axis',(-0.948632371102719,0.316380505872334,-6.81575822110954E-28));
#4586=DIRECTION('',(0.316380505872545,0.948632371102648,7.37944579500676E-18));
#4587=DIRECTION('',(0.948632371102719,-0.316380505872334,6.81575822110954E-28));
#4588=DIRECTION('',(0.316380505872545,0.948632371102648,7.37944579500676E-18));
#4589=DIRECTION('',(-0.948632371102719,0.316380505872334,0.));
#4590=DIRECTION('center_axis',(-0.316380505872545,-0.948632371102648,0.));
#4591=DIRECTION('ref_axis',(0.948632371102648,-0.316380505872545,7.06819371078026E-28));
#4592=DIRECTION('',(-7.03997264234298E-14,-2.11085886021657E-13,-1.));
#4593=DIRECTION('',(-0.948632371102648,0.316380505872545,1.75339851039315E-29));
#4594=DIRECTION('',(0.,0.,1.));
#4595=DIRECTION('center_axis',(-0.948632371102648,0.316380505872545,0.));
#4596=DIRECTION('ref_axis',(-0.316380505872545,-0.948632371102648,-7.37944579500676E-18));
#4597=DIRECTION('',(0.,0.,1.));
#4598=DIRECTION('',(0.316380505872545,0.948632371102648,9.94401709452614E-29));
#4599=DIRECTION('center_axis',(0.948632371102648,-0.316380505872545,0.));
#4600=DIRECTION('ref_axis',(0.316380505872545,0.948632371102648,7.37944579500676E-18));
#4601=DIRECTION('',(-0.316380505872545,-0.948632371102648,-9.94401709452614E-29));
#4602=DIRECTION('',(0.,0.,1.));
#4603=DIRECTION('center_axis',(0.316380505872545,0.948632371102648,0.));
#4604=DIRECTION('ref_axis',(-0.948632371102648,0.316380505872545,0.));
#4605=DIRECTION('',(0.948632371102648,-0.316380505872545,-1.75339851039315E-29));
#4606=DIRECTION('center_axis',(0.,0.,1.));
#4607=DIRECTION('ref_axis',(-0.296956896225727,-0.954890884752799,0.));
#4608=DIRECTION('center_axis',(-1.48276257236931E-29,-9.98795762237995E-29,
1.));
#4609=DIRECTION('ref_axis',(1.,0.,0.));
#4610=DIRECTION('center_axis',(0.,0.,1.));
#4611=DIRECTION('ref_axis',(1.,0.,0.));
#4612=DIRECTION('center_axis',(-1.48276257236931E-29,-9.98795762237995E-29,
1.));
#4613=DIRECTION('ref_axis',(1.,0.,1.48276257236931E-29));
#4614=DIRECTION('',(0.,0.,-1.));
#4615=DIRECTION('center_axis',(-1.48276257236931E-29,-9.98795762237995E-29,
1.));
#4616=DIRECTION('ref_axis',(1.,0.,1.48276257236931E-29));
#4617=DIRECTION('center_axis',(-1.48276257236931E-29,-9.98795762237995E-29,
1.));
#4618=DIRECTION('ref_axis',(1.,0.,1.48276257236931E-29));
#4619=DIRECTION('center_axis',(1.48276257236931E-29,9.98795762237995E-29,
-1.));
#4620=DIRECTION('ref_axis',(0.98915941211438,-0.14684569256718,-7.55026851935697E-14));
#4621=DIRECTION('center_axis',(-1.48276257236931E-29,-9.98795762237995E-29,
1.));
#4622=DIRECTION('ref_axis',(0.14684569256718,0.98915941211438,5.0930388491251E-13));
#4623=DIRECTION('center_axis',(-1.12345480573129E-16,-5.14920195895394E-13,
1.));
#4624=DIRECTION('ref_axis',(0.98915941211438,-0.14684569256718,-7.55026851935697E-14));
#4625=DIRECTION('center_axis',(1.12345480573129E-16,5.14920195895394E-13,
-1.));
#4626=DIRECTION('ref_axis',(0.98915941211438,-0.14684569256718,-7.55026851935697E-14));
#4627=DIRECTION('center_axis',(-1.12345480573129E-16,-5.14920195895394E-13,
1.));
#4628=DIRECTION('ref_axis',(0.98915941211438,-0.14684569256718,-7.55026851935697E-14));
#4629=DIRECTION('center_axis',(1.04890008004374E-16,5.14869975485559E-13,
-1.));
#4630=DIRECTION('ref_axis',(0.14684569256718,0.98915941211438,5.0930388491251E-13));
#4631=DIRECTION('',(-1.04890008004374E-16,-5.14869975485559E-13,1.));
#4632=DIRECTION('center_axis',(1.12345480573129E-16,5.14920195895394E-13,
-1.));
#4633=DIRECTION('ref_axis',(0.98915941211438,-0.14684569256718,-7.55026851935697E-14));
#4634=DIRECTION('',(1.12345480573129E-16,5.14920195895394E-13,-1.));
#4635=CARTESIAN_POINT('',(0.,0.,0.));
#4636=CARTESIAN_POINT('Origin',(-1.57170458176594,-1.56051111341215,-1.86035480942803));
#4637=CARTESIAN_POINT('',(-1.95649853926811,-1.50338651398659,-1.8213548094272));
#4638=CARTESIAN_POINT('Origin',(-1.57170458176594,-1.56051111341217,-1.82135480942723));
#4639=CARTESIAN_POINT('',(-1.95649853926811,-1.5033865139866,-1.791554809428));
#4640=CARTESIAN_POINT('',(-1.95649853926811,-1.50338651398657,-1.860354809428));
#4641=CARTESIAN_POINT('Origin',(-1.57170458176594,-1.56051111341218,-1.79155480942803));
#4642=CARTESIAN_POINT('Origin',(-2.06276284606175,-0.816430071162583,-1.79155480942765));
#4643=CARTESIAN_POINT('',(-1.51466384094515,-1.17628203137047,-1.79155480942784));
#4644=CARTESIAN_POINT('Origin',(-1.57170458176594,-1.56051111341218,-1.79155480942803));
#4645=CARTESIAN_POINT('Origin',(-1.57170458176594,-1.56051111341215,-1.86035480942803));
#4646=CARTESIAN_POINT('',(-1.51466384094515,-1.17628203137046,-1.82135480942703));
#4647=CARTESIAN_POINT('',(-1.51466384094515,-1.17628203137044,-1.86035480942784));
#4648=CARTESIAN_POINT('Origin',(-1.57170458176594,-1.56051111341217,-1.82135480942723));
#4649=CARTESIAN_POINT('Origin',(-1.57170458176594,-1.56051111341216,-1.82135480942723));
#4650=CARTESIAN_POINT('Origin',(-1.54126700025781,-1.46123234517793,-1.85038473068707));
#4651=CARTESIAN_POINT('',(-1.5973063508344,-1.44520900015935,-1.85038473068707));
#4652=CARTESIAN_POINT('',(-1.48522764968123,-1.48006381316391,-1.85038473068707));
#4653=CARTESIAN_POINT('',(-1.51344639381295,-1.4712882024563,-1.85038473068707));
#4654=CARTESIAN_POINT('Origin',(-1.57170458176594,-1.56051111341241,-1.85038473068707));
#4655=CARTESIAN_POINT('Origin',(-1.48522764968123,-1.48006381316391,-1.30338473068707));
#4656=CARTESIAN_POINT('',(-1.48522764968123,-1.48006381316391,-1.85035480942782));
#4657=CARTESIAN_POINT('',(-1.48522764968123,-1.48006381316391,-1.30338473068707));
#4658=CARTESIAN_POINT('',(-1.47615054327225,-1.48288665856855,-1.85535480942783));
#4659=CARTESIAN_POINT('Ctrl Pts',(-1.47615054327226,-1.48288665856854,-1.85535480942783));
#4660=CARTESIAN_POINT('Ctrl Pts',(-1.48078317126979,-1.4814459800015,-1.85266750708979));
#4661=CARTESIAN_POINT('Ctrl Pts',(-1.48522764968123,-1.48006381316391,-1.85035480942782));
#4662=CARTESIAN_POINT('',(-1.47615054327258,-1.48288665856845,-1.61713891105884));
#4663=CARTESIAN_POINT('',(-1.47615054327225,-1.48288665856855,-1.34275480942723));
#4664=CARTESIAN_POINT('',(-1.60638345724338,-1.44238615475472,-1.60072791418019));
#4665=CARTESIAN_POINT('Origin',(-1.53926935924412,-1.46325764337536,-1.59155480942707));
#4666=CARTESIAN_POINT('',(-1.60638345724338,-1.44238615475472,-1.85535480942772));
#4667=CARTESIAN_POINT('',(-1.60638345724338,-1.44238615475472,-1.34275480942723));
#4668=CARTESIAN_POINT('',(-1.5973063508344,-1.44520900015935,-1.85035480942772));
#4669=CARTESIAN_POINT('Ctrl Pts',(-1.59730635083296,-1.4452090001598,-1.85035480942697));
#4670=CARTESIAN_POINT('Ctrl Pts',(-1.60175082924509,-1.443826833322,-1.85266750708925));
#4671=CARTESIAN_POINT('Ctrl Pts',(-1.60638345724337,-1.44238615475472,-1.85535480942772));
#4672=CARTESIAN_POINT('',(-1.5973063508344,-1.44520900015935,-1.30338473068707));
#4673=CARTESIAN_POINT('Origin',(-1.48522764968123,-1.48006381316391,-1.30338473068707));
#4674=CARTESIAN_POINT('',(-1.47615054327258,-1.48288665856845,-1.5659707077953));
#4675=CARTESIAN_POINT('',(-1.53926935924412,-1.46325764337536,-1.52068866769479));
#4676=CARTESIAN_POINT('Origin',(-1.53926935924412,-1.46325764337536,-1.59155480942707));
#4677=CARTESIAN_POINT('',(-1.47615054327225,-1.48288665856855,-1.30338473068707));
#4678=CARTESIAN_POINT('',(-1.47615054327225,-1.48288665856855,-1.34275480942723));
#4679=CARTESIAN_POINT('',(-1.60638345724338,-1.44238615475472,-1.30338473068707));
#4680=CARTESIAN_POINT('',(-1.5973063508344,-1.44520900015935,-1.30338473068707));
#4681=CARTESIAN_POINT('',(-1.60638345724338,-1.44238615475472,-1.58238170467394));
#4682=CARTESIAN_POINT('',(-1.60638345724338,-1.44238615475472,-1.34275480942723));
#4683=CARTESIAN_POINT('Origin',(-1.53926935924412,-1.46325764337536,-1.59155480942707));
#4684=CARTESIAN_POINT('Origin',(-1.57170458176594,-1.56051111341241,-1.30338473068707));
#4685=CARTESIAN_POINT('Origin',(-1.57170458176594,-1.56051111341215,-1.85035480942803));
#4686=CARTESIAN_POINT('Origin',(-1.57170458176594,-1.56051111341216,-1.86035480942723));
#4687=CARTESIAN_POINT('',(-2.13129948966046,-1.47743643323377,-1.84267240693977));
#4688=CARTESIAN_POINT('',(-1.00597685270521,-1.56051111341216,-1.8426724069395));
#4689=CARTESIAN_POINT('Origin',(-1.57170458176594,-1.56051111341215,-1.84267240693981));
#4690=CARTESIAN_POINT('Origin',(-1.57170458176594,-1.56051111341215,-1.84267240693981));
#4691=CARTESIAN_POINT('',(-1.00597685270521,-1.56051111341216,-1.86035480942723));
#4692=CARTESIAN_POINT('',(-1.00597685270521,-1.56051111341216,-1.86035480942723));
#4693=CARTESIAN_POINT('Origin',(-1.57170458176594,-1.56051111341216,-1.86035480942723));
#4694=CARTESIAN_POINT('Ctrl Pts',(-1.41716568788343,-1.17774227941769,-1.66780216929227));
#4695=CARTESIAN_POINT('Ctrl Pts',(-1.40712239690479,-1.16713818552412,-1.66549205769659));
#4696=CARTESIAN_POINT('Ctrl Pts',(-1.39755786967731,-1.15703958886058,-1.66233531026573));
#4697=CARTESIAN_POINT('Ctrl Pts',(-1.38878561709216,-1.14777750631525,-1.65841175457825));
#4698=CARTESIAN_POINT('Ctrl Pts',(-1.4154089717188,-1.18038931581406,-1.66328887612579));
#4699=CARTESIAN_POINT('Ctrl Pts',(-1.40559598438184,-1.1698843992527,-1.66076414913622));
#4700=CARTESIAN_POINT('Ctrl Pts',(-1.39631139484239,-1.15989548279622,-1.65742628773577));
#4701=CARTESIAN_POINT('Ctrl Pts',(-1.38787250862113,-1.15077124137751,-1.65338615925336));
#4702=CARTESIAN_POINT('Ctrl Pts',(-1.41365225555418,-1.18303635221043,-1.65877558295931));
#4703=CARTESIAN_POINT('Ctrl Pts',(-1.4040695718589,-1.17263061298128,-1.65603624057584));
#4704=CARTESIAN_POINT('Ctrl Pts',(-1.39506492000748,-1.16275137673186,-1.65251726520581));
#4705=CARTESIAN_POINT('Ctrl Pts',(-1.38695940015009,-1.15376497643976,-1.64836056392847));
#4706=CARTESIAN_POINT('Ctrl Pts',(-1.41189553938955,-1.1856833886068,-1.65426228979283));
#4707=CARTESIAN_POINT('Ctrl Pts',(-1.40254315933595,-1.17537682670986,-1.65130833201546));
#4708=CARTESIAN_POINT('Ctrl Pts',(-1.39381844517257,-1.16560727066751,-1.64760824267586));
#4709=CARTESIAN_POINT('Ctrl Pts',(-1.38604629167905,-1.15675871150202,-1.64333496860358));
#4710=CARTESIAN_POINT('',(-1.38604629167911,-1.15675871150209,-1.64333496860361));
#4711=CARTESIAN_POINT('',(-1.38878561709555,-1.14777750631883,-1.65841175456257));
#4712=CARTESIAN_POINT('',(-1.38604629167911,-1.15675871150209,-1.64333496860361));
#4713=CARTESIAN_POINT('',(-1.41716568788343,-1.17774227941769,-1.66780216929227));
#4714=CARTESIAN_POINT('Ctrl Pts',(-1.38878561709216,-1.14777750631525,-1.65841175457825));
#4715=CARTESIAN_POINT('Ctrl Pts',(-1.39755786967731,-1.15703958886058,-1.66233531026573));
#4716=CARTESIAN_POINT('Ctrl Pts',(-1.40712239690479,-1.16713818552412,-1.66549205769659));
#4717=CARTESIAN_POINT('Ctrl Pts',(-1.41716568788343,-1.17774227941769,-1.66780216929227));
#4718=CARTESIAN_POINT('',(-1.40759584814524,-1.18093397976073,-1.65283651045391));
#4719=CARTESIAN_POINT('Ctrl Pts',(-1.40759596094824,-1.18093410465567,-1.65283654966881));
#4720=CARTESIAN_POINT('Ctrl Pts',(-1.40915105639727,-1.18041542442798,-1.6553803870308));
#4721=CARTESIAN_POINT('Ctrl Pts',(-1.41073269443267,-1.17988787979542,-1.65790765004314));
#4722=CARTESIAN_POINT('Ctrl Pts',(-1.41233799321528,-1.17935245096063,-1.66041656304347));
#4723=CARTESIAN_POINT('Ctrl Pts',(-1.41392375633703,-1.17882353801947,-1.66289494386247));
#4724=CARTESIAN_POINT('Ctrl Pts',(-1.41553379726258,-1.17828653491211,-1.66535727821294));
#4725=CARTESIAN_POINT('Ctrl Pts',(-1.41716568788343,-1.17774227941769,-1.66780216929227));
#4726=CARTESIAN_POINT('Ctrl Pts',(-1.40759584814524,-1.18093397976073,-1.65283651045391));
#4727=CARTESIAN_POINT('Ctrl Pts',(-1.39986308087455,-1.17237229671833,-1.65014828349085));
#4728=CARTESIAN_POINT('Ctrl Pts',(-1.39261453054812,-1.16423661968982,-1.64694630809696));
#4729=CARTESIAN_POINT('Ctrl Pts',(-1.38604629167905,-1.15675871150202,-1.64333496860358));
#4730=CARTESIAN_POINT('Ctrl Pts',(-1.3865362522734,-1.14568809371783,-1.65744560216818));
#4731=CARTESIAN_POINT('Ctrl Pts',(-1.38493942678803,-1.14438475264706,-1.65678205159356));
#4732=CARTESIAN_POINT('Ctrl Pts',(-1.38039628587869,-1.1415664113472,-1.65465971322499));
#4733=CARTESIAN_POINT('Ctrl Pts',(-1.37551699921334,-1.14050037133051,-1.65145505472572));
#4734=CARTESIAN_POINT('Ctrl Pts',(-1.36854081649842,-1.14001894913971,-1.64590292796146));
#4735=CARTESIAN_POINT('Ctrl Pts',(-1.36490388985289,-1.1409571685489,-1.64183063330451));
#4736=CARTESIAN_POINT('Ctrl Pts',(-1.36150101192196,-1.14239174113993,-1.63663619896707));
#4737=CARTESIAN_POINT('Ctrl Pts',(-1.36100448444604,-1.14262386745961,-1.63583133648225));
#4738=CARTESIAN_POINT('Ctrl Pts',(-1.3605311362664,-1.14286320438379,-1.63501615949649));
#4739=CARTESIAN_POINT('Ctrl Pts',(-1.38575224588736,-1.14867061061875,-1.65239372838117));
#4740=CARTESIAN_POINT('Ctrl Pts',(-1.38449970579038,-1.14759362284364,-1.65184591946955));
#4741=CARTESIAN_POINT('Ctrl Pts',(-1.3809560443406,-1.14521606623651,-1.65010011908712));
#4742=CARTESIAN_POINT('Ctrl Pts',(-1.37702426454531,-1.14413583634319,-1.64740726732002));
#4743=CARTESIAN_POINT('Ctrl Pts',(-1.37126529289969,-1.14338459951518,-1.6426581655285));
#4744=CARTESIAN_POINT('Ctrl Pts',(-1.36808936820043,-1.14392080490276,-1.63907758538124));
#4745=CARTESIAN_POINT('Ctrl Pts',(-1.36497815753219,-1.14492268460333,-1.63437690987763));
#4746=CARTESIAN_POINT('Ctrl Pts',(-1.36452084607036,-1.1450865422751,-1.63364613638481));
#4747=CARTESIAN_POINT('Ctrl Pts',(-1.36407975441954,-1.1452605820905,-1.63290224214014));
#4748=CARTESIAN_POINT('Ctrl Pts',(-1.38496823950132,-1.15165312751966,-1.64734185459415));
#4749=CARTESIAN_POINT('Ctrl Pts',(-1.38408292919523,-1.15080899202969,-1.64691621530987));
#4750=CARTESIAN_POINT('Ctrl Pts',(-1.38151509026532,-1.14886826828451,-1.64554153483063));
#4751=CARTESIAN_POINT('Ctrl Pts',(-1.37854534375325,-1.14777282243701,-1.64336402824501));
#4752=CARTESIAN_POINT('Ctrl Pts',(-1.37399913830743,-1.14676304190852,-1.63941302443106));
#4753=CARTESIAN_POINT('Ctrl Pts',(-1.37127209511754,-1.14689468747782,-1.63632217244926));
#4754=CARTESIAN_POINT('Ctrl Pts',(-1.36845651045146,-1.14745191219475,-1.6321182205392));
#4755=CARTESIAN_POINT('Ctrl Pts',(-1.36803614349356,-1.14755105840499,-1.63146033465448));
#4756=CARTESIAN_POINT('Ctrl Pts',(-1.36762837257267,-1.14765795979721,-1.63078832478379));
#4757=CARTESIAN_POINT('Ctrl Pts',(-1.38418423311528,-1.15463564442057,-1.64228998080713));
#4758=CARTESIAN_POINT('Ctrl Pts',(-1.38364320819758,-1.15401786222627,-1.64198008318586));
#4759=CARTESIAN_POINT('Ctrl Pts',(-1.38207484872722,-1.15251792317382,-1.64098194069276));
#4760=CARTESIAN_POINT('Ctrl Pts',(-1.38005260908521,-1.15140828744969,-1.63931624083931));
#4761=CARTESIAN_POINT('Ctrl Pts',(-1.3767236147087,-1.15012869228398,-1.63616826199809));
#4762=CARTESIAN_POINT('Ctrl Pts',(-1.37445757346507,-1.14985832383169,-1.63356912452599));
#4763=CARTESIAN_POINT('Ctrl Pts',(-1.37193365606169,-1.14998285565815,-1.62985893144977));
#4764=CARTESIAN_POINT('Ctrl Pts',(-1.37155250511788,-1.15001373322049,-1.62927513455704));
#4765=CARTESIAN_POINT('Ctrl Pts',(-1.3711769907258,-1.15005533750392,-1.62867440742744));
#4766=CARTESIAN_POINT('',(-1.37117699072592,-1.15005533750391,-1.62867440742763));
#4767=CARTESIAN_POINT('',(-1.36053113626366,-1.14286320438518,-1.63501615949887));
#4768=CARTESIAN_POINT('',(-1.37117699072592,-1.15005533750391,-1.62867440742763));
#4769=CARTESIAN_POINT('',(-1.3865362522734,-1.14568809371783,-1.65744560216818));
#4770=CARTESIAN_POINT('Ctrl Pts',(-1.3605311362664,-1.14286320438379,-1.63501615949649));
#4771=CARTESIAN_POINT('Ctrl Pts',(-1.36100448444604,-1.14262386745961,-1.63583133648225));
#4772=CARTESIAN_POINT('Ctrl Pts',(-1.36150101192196,-1.14239174113993,-1.63663619896707));
#4773=CARTESIAN_POINT('Ctrl Pts',(-1.36490388985289,-1.1409571685489,-1.64183063330451));
#4774=CARTESIAN_POINT('Ctrl Pts',(-1.36854081649842,-1.14001894913971,-1.64590292796146));
#4775=CARTESIAN_POINT('Ctrl Pts',(-1.37551699921334,-1.14050037133051,-1.65145505472572));
#4776=CARTESIAN_POINT('Ctrl Pts',(-1.38039628587869,-1.1415664113472,-1.65465971322499));
#4777=CARTESIAN_POINT('Ctrl Pts',(-1.38493942678803,-1.14438475264706,-1.65678205159356));
#4778=CARTESIAN_POINT('Ctrl Pts',(-1.3865362522734,-1.14568809371783,-1.65744560216818));
#4779=CARTESIAN_POINT('',(-1.38418423311528,-1.15463564442057,-1.64228998080713));
#4780=CARTESIAN_POINT('',(-1.3865362522734,-1.14568809371783,-1.65744560216818));
#4781=CARTESIAN_POINT('Ctrl Pts',(-1.38418423311528,-1.15463564442057,-1.64228998080713));
#4782=CARTESIAN_POINT('Ctrl Pts',(-1.38364320819758,-1.15401786222627,-1.64198008318586));
#4783=CARTESIAN_POINT('Ctrl Pts',(-1.38207484872722,-1.15251792317382,-1.64098194069276));
#4784=CARTESIAN_POINT('Ctrl Pts',(-1.38005260908521,-1.15140828744969,-1.63931624083931));
#4785=CARTESIAN_POINT('Ctrl Pts',(-1.3767236147087,-1.15012869228398,-1.63616826199809));
#4786=CARTESIAN_POINT('Ctrl Pts',(-1.37445757346507,-1.14985832383169,-1.63356912452599));
#4787=CARTESIAN_POINT('Ctrl Pts',(-1.37193365606169,-1.14998285565815,-1.62985893144977));
#4788=CARTESIAN_POINT('Ctrl Pts',(-1.37155250511788,-1.15001373322049,-1.62927513455704));
#4789=CARTESIAN_POINT('Ctrl Pts',(-1.3711769907258,-1.15005533750392,-1.62867440742744));
#4790=CARTESIAN_POINT('Ctrl Pts',(-1.38878561709223,-1.14777750631532,-1.65841175457828));
#4791=CARTESIAN_POINT('Ctrl Pts',(-1.38807804506271,-1.14703042448572,-1.65809527962201));
#4792=CARTESIAN_POINT('Ctrl Pts',(-1.38732756075762,-1.14633396570359,-1.65777442532651));
#4793=CARTESIAN_POINT('Ctrl Pts',(-1.3865362522734,-1.14568809371784,-1.65744560216817));
#4794=CARTESIAN_POINT('Ctrl Pts',(-1.38787250862119,-1.15077124137758,-1.65338615925339));
#4795=CARTESIAN_POINT('Ctrl Pts',(-1.38719182600431,-1.15003527784619,-1.65306028150712));
#4796=CARTESIAN_POINT('Ctrl Pts',(-1.38648459072884,-1.14933505438498,-1.65273025606257));
#4797=CARTESIAN_POINT('Ctrl Pts',(-1.38575224588736,-1.14867061061875,-1.65239372838116));
#4798=CARTESIAN_POINT('Ctrl Pts',(-1.38695940015015,-1.15376497643983,-1.6483605639285));
#4799=CARTESIAN_POINT('Ctrl Pts',(-1.38630560694591,-1.15304013120666,-1.64802528339223));
#4800=CARTESIAN_POINT('Ctrl Pts',(-1.38564162070006,-1.15233614306637,-1.64768608679863));
#4801=CARTESIAN_POINT('Ctrl Pts',(-1.38496823950132,-1.15165312751966,-1.64734185459414));
#4802=CARTESIAN_POINT('Ctrl Pts',(-1.38604629167911,-1.15675871150209,-1.64333496860361));
#4803=CARTESIAN_POINT('Ctrl Pts',(-1.38541938788751,-1.15604498456712,-1.64299028527734));
#4804=CARTESIAN_POINT('Ctrl Pts',(-1.38479865067128,-1.15533723174777,-1.64264191753469));
#4805=CARTESIAN_POINT('Ctrl Pts',(-1.38418423311528,-1.15463564442058,-1.64228998080713));
#4806=CARTESIAN_POINT('Ctrl Pts',(-1.3865362522734,-1.14568809371784,-1.65744560216817));
#4807=CARTESIAN_POINT('Ctrl Pts',(-1.38732756075762,-1.14633396570359,-1.65777442532651));
#4808=CARTESIAN_POINT('Ctrl Pts',(-1.38807804506271,-1.14703042448572,-1.65809527962201));
#4809=CARTESIAN_POINT('Ctrl Pts',(-1.38878561709223,-1.14777750631532,-1.65841175457828));
#4810=CARTESIAN_POINT('Ctrl Pts',(-1.38604629167911,-1.15675871150209,-1.64333496860361));
#4811=CARTESIAN_POINT('Ctrl Pts',(-1.38541938788751,-1.15604498456712,-1.64299028527734));
#4812=CARTESIAN_POINT('Ctrl Pts',(-1.38479865067128,-1.15533723174777,-1.64264191753469));
#4813=CARTESIAN_POINT('Ctrl Pts',(-1.38418423311528,-1.15463564442058,-1.64228998080713));
#4814=CARTESIAN_POINT('Ctrl Pts',(-1.35199587559273,-1.14728952100489,-1.6135934968676));
#4815=CARTESIAN_POINT('Ctrl Pts',(-1.34830604890125,-1.1492513910119,-1.59897822973215));
#4816=CARTESIAN_POINT('Ctrl Pts',(-1.34830604890125,-1.1492513910119,-1.58413138912202));
#4817=CARTESIAN_POINT('Ctrl Pts',(-1.35199587559273,-1.14728952100491,-1.56951612198656));
#4818=CARTESIAN_POINT('Ctrl Pts',(-1.35592953980759,-1.14896203856541,-1.61280553838816));
#4819=CARTESIAN_POINT('Ctrl Pts',(-1.3523379519037,-1.15083816432521,-1.59872512415902));
#4820=CARTESIAN_POINT('Ctrl Pts',(-1.3523379519037,-1.15083816432522,-1.58438449469515));
#4821=CARTESIAN_POINT('Ctrl Pts',(-1.35592953980759,-1.14896203856543,-1.57030408046599));
#4822=CARTESIAN_POINT('Ctrl Pts',(-1.35986320402245,-1.15063455612593,-1.61201757990873));
#4823=CARTESIAN_POINT('Ctrl Pts',(-1.35636985490615,-1.15242493763852,-1.59847201858588));
#4824=CARTESIAN_POINT('Ctrl Pts',(-1.35636985490615,-1.15242493763853,-1.58463760026828));
#4825=CARTESIAN_POINT('Ctrl Pts',(-1.35986320402246,-1.15063455612595,-1.57109203894543));
#4826=CARTESIAN_POINT('Ctrl Pts',(-1.36379686823732,-1.15230707368644,-1.6112296214293));
#4827=CARTESIAN_POINT('Ctrl Pts',(-1.3604017579086,-1.15401171095183,-1.59821891301275));
#4828=CARTESIAN_POINT('Ctrl Pts',(-1.3604017579086,-1.15401171095184,-1.58489070584142));
#4829=CARTESIAN_POINT('Ctrl Pts',(-1.36379686823732,-1.15230707368646,-1.57187999742486));
#4830=CARTESIAN_POINT('',(-1.36379686823732,-1.15230707368646,-1.57187999742486));
#4831=CARTESIAN_POINT('',(-1.35199587559273,-1.14728952100491,-1.56951612198656));
#4832=CARTESIAN_POINT('',(-1.36379686823732,-1.15230707368646,-1.57187999742486));
#4833=CARTESIAN_POINT('',(-1.35199587559273,-1.14728952100489,-1.6135934968676));
#4834=CARTESIAN_POINT('Ctrl Pts',(-1.35199587559273,-1.14728952100491,-1.56951612198656));
#4835=CARTESIAN_POINT('Ctrl Pts',(-1.34830604890125,-1.1492513910119,-1.58413138912202));
#4836=CARTESIAN_POINT('Ctrl Pts',(-1.34830604890125,-1.1492513910119,-1.59897822973215));
#4837=CARTESIAN_POINT('Ctrl Pts',(-1.35199587559273,-1.14728952100489,-1.6135934968676));
#4838=CARTESIAN_POINT('',(-1.36379686823732,-1.15230707368644,-1.6112296214293));
#4839=CARTESIAN_POINT('',(-1.35199587559273,-1.14728952100489,-1.6135934968676));
#4840=CARTESIAN_POINT('Ctrl Pts',(-1.36379686823732,-1.15230707368644,-1.6112296214293));
#4841=CARTESIAN_POINT('Ctrl Pts',(-1.3604017579086,-1.15401171095183,-1.59821891301275));
#4842=CARTESIAN_POINT('Ctrl Pts',(-1.3604017579086,-1.15401171095184,-1.58489070584142));
#4843=CARTESIAN_POINT('Ctrl Pts',(-1.36379686823732,-1.15230707368646,-1.57187999742486));
#4844=CARTESIAN_POINT('Ctrl Pts',(-1.36053113626656,-1.14286320438371,-1.63501615949676));
#4845=CARTESIAN_POINT('Ctrl Pts',(-1.35838005229432,-1.14395084735799,-1.63131166833321));
#4846=CARTESIAN_POINT('Ctrl Pts',(-1.35659143156074,-1.14487511735071,-1.62741964073088));
#4847=CARTESIAN_POINT('Ctrl Pts',(-1.3538621726483,-1.14630036073701,-1.62019293014582));
#4848=CARTESIAN_POINT('Ctrl Pts',(-1.35283851747861,-1.1468414907908,-1.61693117023043));
#4849=CARTESIAN_POINT('Ctrl Pts',(-1.35199587559273,-1.14728952100489,-1.61359349686759));
#4850=CARTESIAN_POINT('Ctrl Pts',(-1.36407975441968,-1.14526058209044,-1.63290224214039));
#4851=CARTESIAN_POINT('Ctrl Pts',(-1.36207401650371,-1.14604968326901,-1.62952263864327));
#4852=CARTESIAN_POINT('Ctrl Pts',(-1.3603554767023,-1.1468025933079,-1.62590134035573));
#4853=CARTESIAN_POINT('Ctrl Pts',(-1.35773208733244,-1.14803822861017,-1.61909446829999));
#4854=CARTESIAN_POINT('Ctrl Pts',(-1.35674242151651,-1.14853718238394,-1.61599544791522));
#4855=CARTESIAN_POINT('Ctrl Pts',(-1.35592953980759,-1.14896203856541,-1.61280553838816));
#4856=CARTESIAN_POINT('Ctrl Pts',(-1.3676283725728,-1.14765795979718,-1.63078832478401));
#4857=CARTESIAN_POINT('Ctrl Pts',(-1.36577653851266,-1.14814556814286,-1.62773349210908));
#4858=CARTESIAN_POINT('Ctrl Pts',(-1.36412122309994,-1.14872948817061,-1.62438314433125));
#4859=CARTESIAN_POINT('Ctrl Pts',(-1.36160199582834,-1.14977607979665,-1.6179959574856));
#4860=CARTESIAN_POINT('Ctrl Pts',(-1.36064832067269,-1.15023212820511,-1.61506001339376));
#4861=CARTESIAN_POINT('Ctrl Pts',(-1.35986320402245,-1.15063455612593,-1.61201757990873));
#4862=CARTESIAN_POINT('Ctrl Pts',(-1.37117699072592,-1.15005533750391,-1.62867440742763));
#4863=CARTESIAN_POINT('Ctrl Pts',(-1.36947050272205,-1.15024440405388,-1.62594446241915));
#4864=CARTESIAN_POINT('Ctrl Pts',(-1.36788526824151,-1.15065696412781,-1.6228648439561));
#4865=CARTESIAN_POINT('Ctrl Pts',(-1.36547191051249,-1.15151394766981,-1.61689749563977));
#4866=CARTESIAN_POINT('Ctrl Pts',(-1.3645522247106,-1.15192781979825,-1.61412429107855));
#4867=CARTESIAN_POINT('Ctrl Pts',(-1.36379686823732,-1.15230707368644,-1.6112296214293));
#4868=CARTESIAN_POINT('Ctrl Pts',(-1.35199587559273,-1.14728952100489,-1.61359349686759));
#4869=CARTESIAN_POINT('Ctrl Pts',(-1.35283851747861,-1.1468414907908,-1.61693117023043));
#4870=CARTESIAN_POINT('Ctrl Pts',(-1.3538621726483,-1.14630036073701,-1.62019293014582));
#4871=CARTESIAN_POINT('Ctrl Pts',(-1.35659143156074,-1.14487511735071,-1.62741964073088));
#4872=CARTESIAN_POINT('Ctrl Pts',(-1.35838005229432,-1.14395084735799,-1.63131166833321));
#4873=CARTESIAN_POINT('Ctrl Pts',(-1.36053113626656,-1.14286320438371,-1.63501615949676));
#4874=CARTESIAN_POINT('Ctrl Pts',(-1.37117699072592,-1.15005533750391,-1.62867440742763));
#4875=CARTESIAN_POINT('Ctrl Pts',(-1.36947050272205,-1.15024440405388,-1.62594446241915));
#4876=CARTESIAN_POINT('Ctrl Pts',(-1.36788526824151,-1.15065696412781,-1.6228648439561));
#4877=CARTESIAN_POINT('Ctrl Pts',(-1.36547191051249,-1.15151394766981,-1.61689749563977));
#4878=CARTESIAN_POINT('Ctrl Pts',(-1.3645522247106,-1.15192781979825,-1.61412429107855));
#4879=CARTESIAN_POINT('Ctrl Pts',(-1.36379686823732,-1.15230707368644,-1.6112296214293));
#4880=CARTESIAN_POINT('Ctrl Pts',(-1.3605311362664,-1.14286320438384,-1.54809345935767));
#4881=CARTESIAN_POINT('Ctrl Pts',(-1.36100448444604,-1.14262386745965,-1.54727828237191));
#4882=CARTESIAN_POINT('Ctrl Pts',(-1.36150006047252,-1.14239259707101,-1.5464741679079));
#4883=CARTESIAN_POINT('Ctrl Pts',(-1.3642129359075,-1.14124953151626,-1.54234450443335));
#4884=CARTESIAN_POINT('Ctrl Pts',(-1.36871026723949,-1.13995546005639,-1.53690687355277));
#4885=CARTESIAN_POINT('Ctrl Pts',(-1.3758157326257,-1.14040005383586,-1.53137399271656));
#4886=CARTESIAN_POINT('Ctrl Pts',(-1.38195754107992,-1.14254015119246,-1.52772807808327));
#4887=CARTESIAN_POINT('Ctrl Pts',(-1.38484081834193,-1.14430426768562,-1.52636854336704));
#4888=CARTESIAN_POINT('Ctrl Pts',(-1.38653625227339,-1.1456880937179,-1.52566401668597));
#4889=CARTESIAN_POINT('Ctrl Pts',(-1.36407975441953,-1.14526058209054,-1.55020737671402));
#4890=CARTESIAN_POINT('Ctrl Pts',(-1.36451974798276,-1.14508713888364,-1.54946408836441));
#4891=CARTESIAN_POINT('Ctrl Pts',(-1.36497875148993,-1.14492273435419,-1.54873259769524));
#4892=CARTESIAN_POINT('Ctrl Pts',(-1.36745110942893,-1.14412732281681,-1.54499978961575));
#4893=CARTESIAN_POINT('Ctrl Pts',(-1.37142792533667,-1.14334178959669,-1.5401773458641));
#4894=CARTESIAN_POINT('Ctrl Pts',(-1.37728351786181,-1.1440764276143,-1.53545942699489));
#4895=CARTESIAN_POINT('Ctrl Pts',(-1.38216853732135,-1.14603835058193,-1.53241866603739));
#4896=CARTESIAN_POINT('Ctrl Pts',(-1.38443269592122,-1.14752727746043,-1.53129346041359));
#4897=CARTESIAN_POINT('Ctrl Pts',(-1.38575224588735,-1.14867061061881,-1.53071589047299));
#4898=CARTESIAN_POINT('Ctrl Pts',(-1.36762837257267,-1.14765795979725,-1.55232129407037));
#4899=CARTESIAN_POINT('Ctrl Pts',(-1.36803724158115,-1.14755046179654,-1.55164867830463));
#4900=CARTESIAN_POINT('Ctrl Pts',(-1.36845468202112,-1.14745262135551,-1.5509925006599));
#4901=CARTESIAN_POINT('Ctrl Pts',(-1.37070142676168,-1.14700796648891,-1.54764897212367));
#4902=CARTESIAN_POINT('Ctrl Pts',(-1.37415358553216,-1.14672974600479,-1.54344423713021));
#4903=CARTESIAN_POINT('Ctrl Pts',(-1.37874311209309,-1.14775926388361,-1.53955083017525));
#4904=CARTESIAN_POINT('Ctrl Pts',(-1.38239760975817,-1.14953585271683,-1.53709998545797));
#4905=CARTESIAN_POINT('Ctrl Pts',(-1.38401792081433,-1.15075670267074,-1.53622375566781));
#4906=CARTESIAN_POINT('Ctrl Pts',(-1.38496823950132,-1.15165312751972,-1.53576776426));
#4907=CARTESIAN_POINT('Ctrl Pts',(-1.3711769907258,-1.15005533750396,-1.55443521142673));
#4908=CARTESIAN_POINT('Ctrl Pts',(-1.37155250511787,-1.15001373322053,-1.55383448429712));
#4909=CARTESIAN_POINT('Ctrl Pts',(-1.37193337303853,-1.14998275863869,-1.55325093044725));
#4910=CARTESIAN_POINT('Ctrl Pts',(-1.37393960028311,-1.14988575778946,-1.55030425730607));
#4911=CARTESIAN_POINT('Ctrl Pts',(-1.37687124362935,-1.15011607554508,-1.54671470944155));
#4912=CARTESIAN_POINT('Ctrl Pts',(-1.3802108973292,-1.15143563766205,-1.54363626445357));
#4913=CARTESIAN_POINT('Ctrl Pts',(-1.3826086059996,-1.1530340521063,-1.54179057341209));
#4914=CARTESIAN_POINT('Ctrl Pts',(-1.38360979839361,-1.15397971244555,-1.54114867271436));
#4915=CARTESIAN_POINT('Ctrl Pts',(-1.38418423311529,-1.15463564442063,-1.54081963804702));
#4916=CARTESIAN_POINT('',(-1.36053113626366,-1.14286320438522,-1.54809345935529));
#4917=CARTESIAN_POINT('',(-1.37117699072592,-1.15005533750395,-1.55443521142653));
#4918=CARTESIAN_POINT('',(-1.36053113626366,-1.14286320438522,-1.54809345935529));
#4919=CARTESIAN_POINT('',(-1.38418423311529,-1.15463564442063,-1.54081963804702));
#4920=CARTESIAN_POINT('Ctrl Pts',(-1.3711769907258,-1.15005533750396,-1.55443521142673));
#4921=CARTESIAN_POINT('Ctrl Pts',(-1.37155250511787,-1.15001373322053,-1.55383448429712));
#4922=CARTESIAN_POINT('Ctrl Pts',(-1.37193337303853,-1.14998275863869,-1.55325093044725));
#4923=CARTESIAN_POINT('Ctrl Pts',(-1.37393960028311,-1.14988575778946,-1.55030425730607));
#4924=CARTESIAN_POINT('Ctrl Pts',(-1.37687124362935,-1.15011607554508,-1.54671470944155));
#4925=CARTESIAN_POINT('Ctrl Pts',(-1.3802108973292,-1.15143563766205,-1.54363626445357));
#4926=CARTESIAN_POINT('Ctrl Pts',(-1.3826086059996,-1.1530340521063,-1.54179057341209));
#4927=CARTESIAN_POINT('Ctrl Pts',(-1.38360979839361,-1.15397971244555,-1.54114867271436));
#4928=CARTESIAN_POINT('Ctrl Pts',(-1.38418423311529,-1.15463564442063,-1.54081963804702));
#4929=CARTESIAN_POINT('',(-1.38653625227339,-1.1456880937179,-1.52566401668597));
#4930=CARTESIAN_POINT('',(-1.38418423311529,-1.15463564442063,-1.54081963804702));
#4931=CARTESIAN_POINT('Ctrl Pts',(-1.38653625227339,-1.1456880937179,-1.52566401668597));
#4932=CARTESIAN_POINT('Ctrl Pts',(-1.38484081834193,-1.14430426768562,-1.52636854336704));
#4933=CARTESIAN_POINT('Ctrl Pts',(-1.38195754107992,-1.14254015119246,-1.52772807808327));
#4934=CARTESIAN_POINT('Ctrl Pts',(-1.3758157326257,-1.14040005383586,-1.53137399271656));
#4935=CARTESIAN_POINT('Ctrl Pts',(-1.36871026723949,-1.13995546005639,-1.53690687355277));
#4936=CARTESIAN_POINT('Ctrl Pts',(-1.3642129359075,-1.14124953151626,-1.54234450443335));
#4937=CARTESIAN_POINT('Ctrl Pts',(-1.36150006047252,-1.14239259707101,-1.5464741679079));
#4938=CARTESIAN_POINT('Ctrl Pts',(-1.36100448444604,-1.14262386745965,-1.54727828237191));
#4939=CARTESIAN_POINT('Ctrl Pts',(-1.3605311362664,-1.14286320438384,-1.54809345935767));
#4940=CARTESIAN_POINT('Ctrl Pts',(-1.35199587559273,-1.14728952100491,-1.56951612198656));
#4941=CARTESIAN_POINT('Ctrl Pts',(-1.35283851747861,-1.14684149079082,-1.56617844862373));
#4942=CARTESIAN_POINT('Ctrl Pts',(-1.35386217265472,-1.14630036073398,-1.56291668870672));
#4943=CARTESIAN_POINT('Ctrl Pts',(-1.35659143157607,-1.14487511734343,-1.55568997812099));
#4944=CARTESIAN_POINT('Ctrl Pts',(-1.35838005229432,-1.14395084735803,-1.55179795052095));
#4945=CARTESIAN_POINT('Ctrl Pts',(-1.36053113626656,-1.14286320438376,-1.5480934593574));
#4946=CARTESIAN_POINT('Ctrl Pts',(-1.35592953980759,-1.14896203856543,-1.57030408046599));
#4947=CARTESIAN_POINT('Ctrl Pts',(-1.35674242151651,-1.14853718238397,-1.56711417093894));
#4948=CARTESIAN_POINT('Ctrl Pts',(-1.35773208733887,-1.14803822860715,-1.56401515055255));
#4949=CARTESIAN_POINT('Ctrl Pts',(-1.36035547671763,-1.14680259330063,-1.55720827849614));
#4950=CARTESIAN_POINT('Ctrl Pts',(-1.36207401650371,-1.14604968326905,-1.55358698021089));
#4951=CARTESIAN_POINT('Ctrl Pts',(-1.36407975441968,-1.14526058209049,-1.55020737671378));
#4952=CARTESIAN_POINT('Ctrl Pts',(-1.35986320402246,-1.15063455612595,-1.57109203894543));
#4953=CARTESIAN_POINT('Ctrl Pts',(-1.36064832067269,-1.15023212820513,-1.5680496054604));
#4954=CARTESIAN_POINT('Ctrl Pts',(-1.36160199582702,-1.1497760797964,-1.56511366136724));
#4955=CARTESIAN_POINT('Ctrl Pts',(-1.36412122309758,-1.14872948816949,-1.5587264745208));
#4956=CARTESIAN_POINT('Ctrl Pts',(-1.36577653851266,-1.1481455681429,-1.55537612674508));
#4957=CARTESIAN_POINT('Ctrl Pts',(-1.3676283725728,-1.14765795979722,-1.55232129407015));
#4958=CARTESIAN_POINT('Ctrl Pts',(-1.36379686823732,-1.15230707368646,-1.57187999742486));
#4959=CARTESIAN_POINT('Ctrl Pts',(-1.3645522247106,-1.15192781979828,-1.56898532777561));
#4960=CARTESIAN_POINT('Ctrl Pts',(-1.36547191051116,-1.15151394766957,-1.56621212321307));
#4961=CARTESIAN_POINT('Ctrl Pts',(-1.36788526823914,-1.15065696412668,-1.56024477489595));
#4962=CARTESIAN_POINT('Ctrl Pts',(-1.36947050272204,-1.15024440405392,-1.55716515643502));
#4963=CARTESIAN_POINT('Ctrl Pts',(-1.37117699072592,-1.15005533750395,-1.55443521142653));
#4964=CARTESIAN_POINT('Ctrl Pts',(-1.36053113626656,-1.14286320438376,-1.5480934593574));
#4965=CARTESIAN_POINT('Ctrl Pts',(-1.35838005229432,-1.14395084735803,-1.55179795052095));
#4966=CARTESIAN_POINT('Ctrl Pts',(-1.35659143157607,-1.14487511734343,-1.55568997812099));
#4967=CARTESIAN_POINT('Ctrl Pts',(-1.35386217265472,-1.14630036073398,-1.56291668870672));
#4968=CARTESIAN_POINT('Ctrl Pts',(-1.35283851747861,-1.14684149079082,-1.56617844862373));
#4969=CARTESIAN_POINT('Ctrl Pts',(-1.35199587559273,-1.14728952100491,-1.56951612198656));
#4970=CARTESIAN_POINT('Ctrl Pts',(-1.36379686823732,-1.15230707368646,-1.57187999742486));
#4971=CARTESIAN_POINT('Ctrl Pts',(-1.3645522247106,-1.15192781979828,-1.56898532777561));
#4972=CARTESIAN_POINT('Ctrl Pts',(-1.36547191051116,-1.15151394766957,-1.56621212321307));
#4973=CARTESIAN_POINT('Ctrl Pts',(-1.36788526823914,-1.15065696412668,-1.56024477489595));
#4974=CARTESIAN_POINT('Ctrl Pts',(-1.36947050272204,-1.15024440405392,-1.55716515643502));
#4975=CARTESIAN_POINT('Ctrl Pts',(-1.37117699072592,-1.15005533750395,-1.55443521142653));
#4976=CARTESIAN_POINT('Ctrl Pts',(-1.38878561712792,-1.14777750635307,-1.52469786425988));
#4977=CARTESIAN_POINT('Ctrl Pts',(-1.39755786970328,-1.15703958888808,-1.52077430857982));
#4978=CARTESIAN_POINT('Ctrl Pts',(-1.40712239691843,-1.1671381855386,-1.51761756115439));
#4979=CARTESIAN_POINT('Ctrl Pts',(-1.41716568788343,-1.17774227941777,-1.51530744956186));
#4980=CARTESIAN_POINT('Ctrl Pts',(-1.38787250865553,-1.15077124141476,-1.5297234595843));
#4981=CARTESIAN_POINT('Ctrl Pts',(-1.39631139486762,-1.15989548282342,-1.52568333110928));
#4982=CARTESIAN_POINT('Ctrl Pts',(-1.40559598439518,-1.16988439926704,-1.52234546971449));
#4983=CARTESIAN_POINT('Ctrl Pts',(-1.41540897171881,-1.18038931581413,-1.51982074272834));
#4984=CARTESIAN_POINT('Ctrl Pts',(-1.38695940018314,-1.15376497647646,-1.53474905490872));
#4985=CARTESIAN_POINT('Ctrl Pts',(-1.39506492003195,-1.16275137675877,-1.53059235363875));
#4986=CARTESIAN_POINT('Ctrl Pts',(-1.40406957187192,-1.17263061299548,-1.52707337827458));
#4987=CARTESIAN_POINT('Ctrl Pts',(-1.41365225555418,-1.1830363522105,-1.52433403589483));
#4988=CARTESIAN_POINT('Ctrl Pts',(-1.38604629171075,-1.15675871153815,-1.53977465023315));
#4989=CARTESIAN_POINT('Ctrl Pts',(-1.39381844519628,-1.16560727069411,-1.53550137616821));
#4990=CARTESIAN_POINT('Ctrl Pts',(-1.40254315934867,-1.17537682672393,-1.53180128683467));
#4991=CARTESIAN_POINT('Ctrl Pts',(-1.41189553938956,-1.18568338860687,-1.52884732906132));
#4992=CARTESIAN_POINT('',(-1.38878561712841,-1.14777750635359,-1.52469786426216));
#4993=CARTESIAN_POINT('',(-1.38604629171075,-1.15675871153816,-1.53977465023314));
#4994=CARTESIAN_POINT('',(-1.38878561712841,-1.14777750635359,-1.52469786426216));
#4995=CARTESIAN_POINT('',(-1.40759584814524,-1.18093397976079,-1.53027310840024));
#4996=CARTESIAN_POINT('Ctrl Pts',(-1.38604629171075,-1.15675871153815,-1.53977465023315));
#4997=CARTESIAN_POINT('Ctrl Pts',(-1.39261453057143,-1.16423661971603,-1.53616331074688));
#4998=CARTESIAN_POINT('Ctrl Pts',(-1.39986308088699,-1.17237229673215,-1.53296133535897));
#4999=CARTESIAN_POINT('Ctrl Pts',(-1.40759584814524,-1.18093397976079,-1.53027310840024));
#5000=CARTESIAN_POINT('',(-1.41716568788343,-1.17774227941777,-1.51530744956186));
#5001=CARTESIAN_POINT('Ctrl Pts',(-1.41716568788343,-1.17774227941777,-1.51530744956186));
#5002=CARTESIAN_POINT('Ctrl Pts',(-1.41553598218352,-1.17828580621431,-1.51774906720261));
#5003=CARTESIAN_POINT('Ctrl Pts',(-1.4139280684952,-1.1788220997711,-1.52020808025609));
#5004=CARTESIAN_POINT('Ctrl Pts',(-1.41234436499362,-1.1793503257278,-1.52268309768246));
#5005=CARTESIAN_POINT('Ctrl Pts',(-1.41073687869529,-1.17988648416084,-1.52519528294759));
#5006=CARTESIAN_POINT('Ctrl Pts',(-1.40915311301326,-1.18041473847269,-1.52772586759475));
#5007=CARTESIAN_POINT('Ctrl Pts',(-1.40759596094824,-1.18093410465573,-1.53027306918534));
#5008=CARTESIAN_POINT('Ctrl Pts',(-1.41716568788343,-1.17774227941777,-1.51530744956186));
#5009=CARTESIAN_POINT('Ctrl Pts',(-1.40712239691843,-1.1671381855386,-1.51761756115439));
#5010=CARTESIAN_POINT('Ctrl Pts',(-1.39755786970328,-1.15703958888808,-1.52077430857982));
#5011=CARTESIAN_POINT('Ctrl Pts',(-1.38878561712792,-1.14777750635307,-1.52469786425988));
#5012=CARTESIAN_POINT('Ctrl Pts',(-1.38653625227339,-1.1456880937179,-1.52566401668596));
#5013=CARTESIAN_POINT('Ctrl Pts',(-1.38732756077092,-1.14633396571452,-1.52533519352209));
#5014=CARTESIAN_POINT('Ctrl Pts',(-1.38807804508795,-1.1470304245092,-1.5250143392213));
#5015=CARTESIAN_POINT('Ctrl Pts',(-1.38878561712793,-1.14777750635308,-1.52469786425987));
#5016=CARTESIAN_POINT('Ctrl Pts',(-1.38575224588735,-1.1486706106188,-1.53071589047298));
#5017=CARTESIAN_POINT('Ctrl Pts',(-1.38648459074116,-1.14933505439622,-1.5303793627859));
#5018=CARTESIAN_POINT('Ctrl Pts',(-1.3871918260281,-1.1500352778698,-1.5300493373359));
#5019=CARTESIAN_POINT('Ctrl Pts',(-1.38787250865554,-1.15077124141477,-1.5297234595843));
#5020=CARTESIAN_POINT('Ctrl Pts',(-1.38496823950132,-1.15165312751971,-1.53576776426));
#5021=CARTESIAN_POINT('Ctrl Pts',(-1.38564162071139,-1.15233614307792,-1.53542353204972));
#5022=CARTESIAN_POINT('Ctrl Pts',(-1.38630560696825,-1.15304013123039,-1.53508433545049));
#5023=CARTESIAN_POINT('Ctrl Pts',(-1.38695940018315,-1.15376497647647,-1.53474905490872));
#5024=CARTESIAN_POINT('Ctrl Pts',(-1.38418423311529,-1.15463564442062,-1.54081963804702));
#5025=CARTESIAN_POINT('Ctrl Pts',(-1.38479865068162,-1.15533723175961,-1.54046770131353));
#5026=CARTESIAN_POINT('Ctrl Pts',(-1.3854193879084,-1.15604498459098,-1.54011933356509));
#5027=CARTESIAN_POINT('Ctrl Pts',(-1.38604629171076,-1.15675871153816,-1.53977465023314));
#5028=CARTESIAN_POINT('Ctrl Pts',(-1.38878561712793,-1.14777750635308,-1.52469786425987));
#5029=CARTESIAN_POINT('Ctrl Pts',(-1.38807804508795,-1.1470304245092,-1.5250143392213));
#5030=CARTESIAN_POINT('Ctrl Pts',(-1.38732756077092,-1.14633396571452,-1.52533519352209));
#5031=CARTESIAN_POINT('Ctrl Pts',(-1.38653625227339,-1.1456880937179,-1.52566401668596));
#5032=CARTESIAN_POINT('Ctrl Pts',(-1.38418423311529,-1.15463564442062,-1.54081963804702));
#5033=CARTESIAN_POINT('Ctrl Pts',(-1.38479865068162,-1.15533723175961,-1.54046770131353));
#5034=CARTESIAN_POINT('Ctrl Pts',(-1.3854193879084,-1.15604498459098,-1.54011933356509));
#5035=CARTESIAN_POINT('Ctrl Pts',(-1.38604629171076,-1.15675871153816,-1.53977465023314));
#5036=CARTESIAN_POINT('Origin',(-1.38878561713398,-1.14777750635933,-1.79155480942782));
#5037=CARTESIAN_POINT('',(-1.38878561713401,-1.14777750635936,-1.79155480942782));
#5038=CARTESIAN_POINT('',(-1.38878561713401,-1.14777750635936,-1.79155480942782));
#5039=CARTESIAN_POINT('',(-1.41716568788342,-1.17774227941762,-1.79155480942784));
#5040=CARTESIAN_POINT('',(-1.38878561713398,-1.14777750635933,-1.79155480942782));
#5041=CARTESIAN_POINT('',(-1.41716568788343,-1.17774227941763,-1.79155480942784));
#5042=CARTESIAN_POINT('Origin',(-1.37136054372141,-1.16428104587563,-1.81342980942783));
#5043=CARTESIAN_POINT('',(-1.36053573559786,-1.14287230072042,-1.79155480942782));
#5044=CARTESIAN_POINT('',(-1.36053113625954,-1.14286320438717,-1.81342980942782));
#5045=CARTESIAN_POINT('',(-1.36117677529481,-1.14254879195127,-1.79155480942782));
#5046=CARTESIAN_POINT('Origin',(-1.57170458176594,-1.56051111341218,-1.79155480942803));
#5047=CARTESIAN_POINT('Origin',(-1.37136054372141,-1.16428104587564,-1.79155480942783));
#5048=CARTESIAN_POINT('Origin',(-1.57170458176594,-1.56051111341217,-1.81342980942803));
#5049=CARTESIAN_POINT('',(-1.36053573559786,-1.14287230072063,-1.39155480942782));
#5050=CARTESIAN_POINT('',(-1.36053113625954,-1.14286320438717,-1.81342980942782));
#5051=CARTESIAN_POINT('',(-1.30956110706333,-1.17283178957711,-1.39155480942783));
#5052=CARTESIAN_POINT('Origin',(-1.57170458176594,-1.56051111341239,-1.39155480942803));
#5053=CARTESIAN_POINT('',(-1.30956110706333,-1.1728317895769,-1.79155480942783));
#5054=CARTESIAN_POINT('',(-1.30955539747808,-1.17282334577279,-1.81342980942783));
#5055=CARTESIAN_POINT('Origin',(-1.57170458176594,-1.56051111341218,-1.79155480942803));
#5056=CARTESIAN_POINT('Origin',(-1.37136054372141,-1.16428104587563,-1.81342980942783));
#5057=CARTESIAN_POINT('',(-1.38878561713401,-1.14777750635957,-1.39155480942782));
#5058=CARTESIAN_POINT('',(-1.38878561713401,-1.14777750635936,-1.79155480942782));
#5059=CARTESIAN_POINT('',(-1.36117677529522,-1.14254879195127,-1.39155480942782));
#5060=CARTESIAN_POINT('Origin',(-1.37136054372141,-1.16428104587585,-1.39155480942783));
#5061=CARTESIAN_POINT('Origin',(-1.57170458176594,-1.56051111341239,-1.39155480942803));
#5062=CARTESIAN_POINT('Origin',(-1.38878561713398,-1.14777750635933,-1.79155480942782));
#5063=CARTESIAN_POINT('',(-1.41716568788342,-1.17774227941783,-1.39155480942784));
#5064=CARTESIAN_POINT('',(-1.41716568788343,-1.17774227941763,-1.79155480942784));
#5065=CARTESIAN_POINT('',(-1.38878561713401,-1.14777750635957,-1.39155480942782));
#5066=CARTESIAN_POINT('Ctrl Pts',(-1.46554593880966,-1.16160687361831,-1.51530744956185));
#5067=CARTESIAN_POINT('Ctrl Pts',(-1.46721344301749,-1.14709708613804,-1.51761756116846));
#5068=CARTESIAN_POINT('Ctrl Pts',(-1.46880145728769,-1.13327898033173,-1.5207743086183));
#5069=CARTESIAN_POINT('Ctrl Pts',(-1.47025792888814,-1.12060549303596,-1.5246978643316));
#5070=CARTESIAN_POINT('Ctrl Pts',(-1.46853987591631,-1.16266950900647,-1.51982074272833));
#5071=CARTESIAN_POINT('Ctrl Pts',(-1.47008271366147,-1.14837728573345,-1.52234546972986));
#5072=CARTESIAN_POINT('Ctrl Pts',(-1.47151266825355,-1.13481493761745,-1.52568333114999));
#5073=CARTESIAN_POINT('Ctrl Pts',(-1.47278525136544,-1.12245180227378,-1.52972345965815));
#5074=CARTESIAN_POINT('Ctrl Pts',(-1.47153381302296,-1.16373214439463,-1.52433403589482));
#5075=CARTESIAN_POINT('Ctrl Pts',(-1.47295198430544,-1.14965748532886,-1.52707337829126));
#5076=CARTESIAN_POINT('Ctrl Pts',(-1.47422387921941,-1.13635089490317,-1.53059235368168));
#5077=CARTESIAN_POINT('Ctrl Pts',(-1.47531257384274,-1.1242981115116,-1.5347490549847));
#5078=CARTESIAN_POINT('Ctrl Pts',(-1.47452775012961,-1.1647947797828,-1.5288473290613));
#5079=CARTESIAN_POINT('Ctrl Pts',(-1.47582125494942,-1.15093768492427,-1.53180128685265));
#5080=CARTESIAN_POINT('Ctrl Pts',(-1.47693509018527,-1.13788685218889,-1.53550137621337));
#5081=CARTESIAN_POINT('Ctrl Pts',(-1.47783989632005,-1.12614442074942,-1.53977465031125));
#5082=CARTESIAN_POINT('',(-1.47783989632002,-1.12614442074978,-1.53977465031112));
#5083=CARTESIAN_POINT('',(-1.4702579288859,-1.12060549305545,-1.52469786439398));
#5084=CARTESIAN_POINT('',(-1.47783989632002,-1.12614442074978,-1.53977465031112));
#5085=CARTESIAN_POINT('',(-1.46554593880966,-1.16160687361831,-1.51530744956185));
#5086=CARTESIAN_POINT('Ctrl Pts',(-1.47025792888814,-1.12060549303596,-1.5246978643316));
#5087=CARTESIAN_POINT('Ctrl Pts',(-1.46880145728769,-1.13327898033173,-1.5207743086183));
#5088=CARTESIAN_POINT('Ctrl Pts',(-1.46721344301749,-1.14709708613804,-1.51761756116846));
#5089=CARTESIAN_POINT('Ctrl Pts',(-1.46554593880966,-1.16160687361831,-1.51530744956185));
#5090=CARTESIAN_POINT('',(-1.47511580346094,-1.15841524934403,-1.53027310814846));
#5091=CARTESIAN_POINT('Ctrl Pts',(-1.47511578830739,-1.15841541587067,-1.53027306918533));
#5092=CARTESIAN_POINT('Ctrl Pts',(-1.47356119495939,-1.15893385492804,-1.52773008934792));
#5093=CARTESIAN_POINT('Ctrl Pts',(-1.47198006984056,-1.15946113053698,-1.52520367301148));
#5094=CARTESIAN_POINT('Ctrl Pts',(-1.47037530338622,-1.15999629775495,-1.5226955941138));
#5095=CARTESIAN_POINT('Ctrl Pts',(-1.46878899036496,-1.16052531101051,-1.52021635596486));
#5096=CARTESIAN_POINT('Ctrl Pts',(-1.46717838635496,-1.16106243238274,-1.51775317502285));
#5097=CARTESIAN_POINT('Ctrl Pts',(-1.46554593880966,-1.16160687361828,-1.51530744956186));
#5098=CARTESIAN_POINT('Ctrl Pts',(-1.47511580346094,-1.15841524934403,-1.53027310814846));
#5099=CARTESIAN_POINT('Ctrl Pts',(-1.47616130784026,-1.14692590482407,-1.53296133517844));
#5100=CARTESIAN_POINT('Ctrl Pts',(-1.47707524556797,-1.13606793771767,-1.53616331068037));
#5101=CARTESIAN_POINT('Ctrl Pts',(-1.47783989632005,-1.12614442074942,-1.53977465031125));
#5102=CARTESIAN_POINT('Ctrl Pts',(-1.47080280028791,-1.11758416863472,-1.52566401668595));
#5103=CARTESIAN_POINT('Ctrl Pts',(-1.47154501745952,-1.11458277725412,-1.52665934254789));
#5104=CARTESIAN_POINT('Ctrl Pts',(-1.47390107347527,-1.10966767077219,-1.52906674136054));
#5105=CARTESIAN_POINT('Ctrl Pts',(-1.47712848599027,-1.10630720185254,-1.53231161099922));
#5106=CARTESIAN_POINT('Ctrl Pts',(-1.48179768297831,-1.10225001117309,-1.53720961154536));
#5107=CARTESIAN_POINT('Ctrl Pts',(-1.48526695197283,-1.10081837581015,-1.54128123964254));
#5108=CARTESIAN_POINT('Ctrl Pts',(-1.4888475161878,-1.09992008295932,-1.54647340795758));
#5109=CARTESIAN_POINT('Ctrl Pts',(-1.48938395552639,-1.09980774264535,-1.54727828237188));
#5110=CARTESIAN_POINT('Ctrl Pts',(-1.48990620639869,-1.09971503510078,-1.54809345935763));
#5111=CARTESIAN_POINT('Ctrl Pts',(-1.4732201322623,-1.11949900001193,-1.53071589047297));
#5112=CARTESIAN_POINT('Ctrl Pts',(-1.47375488691824,-1.11708817065454,-1.53153939442421));
#5113=CARTESIAN_POINT('Ctrl Pts',(-1.47547665550414,-1.11307933964109,-1.53351942024707));
#5114=CARTESIAN_POINT('Ctrl Pts',(-1.47797332245746,-1.11017682100437,-1.53626582349035));
#5115=CARTESIAN_POINT('Ctrl Pts',(-1.48163892895409,-1.10657997719676,-1.54045477345123));
#5116=CARTESIAN_POINT('Ctrl Pts',(-1.4844981165637,-1.10509917037456,-1.54403404807451));
#5117=CARTESIAN_POINT('Ctrl Pts',(-1.48758569158712,-1.10403185097493,-1.54873274322051));
#5118=CARTESIAN_POINT('Ctrl Pts',(-1.48804978365774,-1.10388788146439,-1.54946344668614));
#5119=CARTESIAN_POINT('Ctrl Pts',(-1.48850704178104,-1.10376255891641,-1.55020737671399));
#5120=CARTESIAN_POINT('Ctrl Pts',(-1.4756374642367,-1.12141383138913,-1.53576776425998));
#5121=CARTESIAN_POINT('Ctrl Pts',(-1.47593775715847,-1.11959497835058,-1.53640443260259));
#5122=CARTESIAN_POINT('Ctrl Pts',(-1.47705282409623,-1.11649256296172,-1.53797128960329));
#5123=CARTESIAN_POINT('Ctrl Pts',(-1.47880426975753,-1.1140460336362,-1.54021253176176));
#5124=CARTESIAN_POINT('Ctrl Pts',(-1.48147638727046,-1.11091495066086,-1.54369718543402));
#5125=CARTESIAN_POINT('Ctrl Pts',(-1.48373672658095,-1.10938824121283,-1.54678910317001));
#5126=CARTESIAN_POINT('Ctrl Pts',(-1.48632182798882,-1.10814205382763,-1.55099133086416));
#5127=CARTESIAN_POINT('Ctrl Pts',(-1.48671757218205,-1.10796959770169,-1.55164931998284));
#5128=CARTESIAN_POINT('Ctrl Pts',(-1.48710787716338,-1.10781008273203,-1.55232129407034));
#5129=CARTESIAN_POINT('Ctrl Pts',(-1.47805479621109,-1.12332866276634,-1.540819638047));
#5130=CARTESIAN_POINT('Ctrl Pts',(-1.47814762661719,-1.12210037175101,-1.54128448447891));
#5131=CARTESIAN_POINT('Ctrl Pts',(-1.47862840612511,-1.11990423183062,-1.54242396848982));
#5132=CARTESIAN_POINT('Ctrl Pts',(-1.47964910622472,-1.11791565278803,-1.54416674425289));
#5133=CARTESIAN_POINT('Ctrl Pts',(-1.48131763324624,-1.11524491668452,-1.54694234733989));
#5134=CARTESIAN_POINT('Ctrl Pts',(-1.48296789117182,-1.11366903577724,-1.54954191160199));
#5135=CARTESIAN_POINT('Ctrl Pts',(-1.48506000338814,-1.11225382184324,-1.55325066612709));
#5136=CARTESIAN_POINT('Ctrl Pts',(-1.4853834003134,-1.11204973652074,-1.55383448429709));
#5137=CARTESIAN_POINT('Ctrl Pts',(-1.48570871254573,-1.11185760654766,-1.5544352114267));
#5138=CARTESIAN_POINT('',(-1.48570871254562,-1.11185760654772,-1.5544352114265));
#5139=CARTESIAN_POINT('',(-1.48990620640172,-1.09971503510025,-1.54809345935525));
#5140=CARTESIAN_POINT('',(-1.48570871254562,-1.11185760654772,-1.5544352114265));
#5141=CARTESIAN_POINT('',(-1.47080280028791,-1.11758416863472,-1.52566401668595));
#5142=CARTESIAN_POINT('Ctrl Pts',(-1.48990620639869,-1.09971503510078,-1.54809345935763));
#5143=CARTESIAN_POINT('Ctrl Pts',(-1.48938395552639,-1.09980774264535,-1.54727828237188));
#5144=CARTESIAN_POINT('Ctrl Pts',(-1.4888475161878,-1.09992008295932,-1.54647340795758));
#5145=CARTESIAN_POINT('Ctrl Pts',(-1.48526695197283,-1.10081837581015,-1.54128123964254));
#5146=CARTESIAN_POINT('Ctrl Pts',(-1.48179768297831,-1.10225001117309,-1.53720961154536));
#5147=CARTESIAN_POINT('Ctrl Pts',(-1.47712848599027,-1.10630720185254,-1.53231161099922));
#5148=CARTESIAN_POINT('Ctrl Pts',(-1.47390107347527,-1.10966767077219,-1.52906674136054));
#5149=CARTESIAN_POINT('Ctrl Pts',(-1.47154501745952,-1.11458277725412,-1.52665934254789));
#5150=CARTESIAN_POINT('Ctrl Pts',(-1.47080280028791,-1.11758416863472,-1.52566401668595));
#5151=CARTESIAN_POINT('',(-1.47805479621109,-1.12332866276634,-1.540819638047));
#5152=CARTESIAN_POINT('',(-1.47080280028791,-1.11758416863472,-1.52566401668595));
#5153=CARTESIAN_POINT('Ctrl Pts',(-1.47805479621109,-1.12332866276634,-1.540819638047));
#5154=CARTESIAN_POINT('Ctrl Pts',(-1.47814762661719,-1.12210037175101,-1.54128448447891));
#5155=CARTESIAN_POINT('Ctrl Pts',(-1.47862840612511,-1.11990423183062,-1.54242396848982));
#5156=CARTESIAN_POINT('Ctrl Pts',(-1.47964910622472,-1.11791565278803,-1.54416674425289));
#5157=CARTESIAN_POINT('Ctrl Pts',(-1.48131763324624,-1.11524491668452,-1.54694234733989));
#5158=CARTESIAN_POINT('Ctrl Pts',(-1.48296789117182,-1.11366903577724,-1.54954191160199));
#5159=CARTESIAN_POINT('Ctrl Pts',(-1.48506000338814,-1.11225382184324,-1.55325066612709));
#5160=CARTESIAN_POINT('Ctrl Pts',(-1.4853834003134,-1.11204973652074,-1.55383448429709));
#5161=CARTESIAN_POINT('Ctrl Pts',(-1.48570871254573,-1.11185760654766,-1.5544352114267));
#5162=CARTESIAN_POINT('Ctrl Pts',(-1.4702579288881,-1.12060549303635,-1.52469786433147));
#5163=CARTESIAN_POINT('Ctrl Pts',(-1.47037540824457,-1.11958324653379,-1.52501433926979));
#5164=CARTESIAN_POINT('Ctrl Pts',(-1.47055759598893,-1.11857573026602,-1.52533519354688));
#5165=CARTESIAN_POINT('Ctrl Pts',(-1.47080280028791,-1.11758416863472,-1.52566401668595));
#5166=CARTESIAN_POINT('Ctrl Pts',(-1.4727852513654,-1.12245180227416,-1.52972345965802));
#5167=CARTESIAN_POINT('Ctrl Pts',(-1.47288789822917,-1.12145458883358,-1.53004933738573));
#5168=CARTESIAN_POINT('Ctrl Pts',(-1.47303323533142,-1.1204700221064,-1.53037936281127));
#5169=CARTESIAN_POINT('Ctrl Pts',(-1.4732201322623,-1.11949900001193,-1.53071589047296));
#5170=CARTESIAN_POINT('Ctrl Pts',(-1.47531257384271,-1.12429811151197,-1.53474905498457));
#5171=CARTESIAN_POINT('Ctrl Pts',(-1.47540038821376,-1.12332593113337,-1.53508433550168));
#5172=CARTESIAN_POINT('Ctrl Pts',(-1.47550887467391,-1.12236431394678,-1.53542353207567));
#5173=CARTESIAN_POINT('Ctrl Pts',(-1.4756374642367,-1.12141383138913,-1.53576776425998));
#5174=CARTESIAN_POINT('Ctrl Pts',(-1.47783989632002,-1.12614442074978,-1.53977465031112));
#5175=CARTESIAN_POINT('Ctrl Pts',(-1.47791287819835,-1.12519727343316,-1.54011933361762));
#5176=CARTESIAN_POINT('Ctrl Pts',(-1.4779845140164,-1.12425860578716,-1.54046770134006));
#5177=CARTESIAN_POINT('Ctrl Pts',(-1.47805479621109,-1.12332866276634,-1.540819638047));
#5178=CARTESIAN_POINT('Ctrl Pts',(-1.47080280028791,-1.11758416863472,-1.52566401668595));
#5179=CARTESIAN_POINT('Ctrl Pts',(-1.47055759598893,-1.11857573026602,-1.52533519354688));
#5180=CARTESIAN_POINT('Ctrl Pts',(-1.47037540824457,-1.11958324653379,-1.52501433926979));
#5181=CARTESIAN_POINT('Ctrl Pts',(-1.4702579288881,-1.12060549303635,-1.52469786433147));
#5182=CARTESIAN_POINT('Ctrl Pts',(-1.47783989632002,-1.12614442074978,-1.53977465031112));
#5183=CARTESIAN_POINT('Ctrl Pts',(-1.47791287819835,-1.12519727343316,-1.54011933361762));
#5184=CARTESIAN_POINT('Ctrl Pts',(-1.4779845140164,-1.12425860578716,-1.54046770134006));
#5185=CARTESIAN_POINT('Ctrl Pts',(-1.47805479621109,-1.12332866276634,-1.540819638047));
#5186=CARTESIAN_POINT('Ctrl Pts',(-1.49938969560558,-1.09813187810905,-1.56951612198651));
#5187=CARTESIAN_POINT('Ctrl Pts',(-1.50145408342481,-1.09780901332893,-1.57682375555425));
#5188=CARTESIAN_POINT('Ctrl Pts',(-1.50244536591105,-1.09766431341345,-1.58435944175766));
#5189=CARTESIAN_POINT('Ctrl Pts',(-1.50244536591105,-1.09766431341344,-1.59875017709645));
#5190=CARTESIAN_POINT('Ctrl Pts',(-1.50145408342481,-1.09780901332891,-1.60628586329986));
#5191=CARTESIAN_POINT('Ctrl Pts',(-1.49938969560558,-1.09813187810903,-1.6135934968676));
#5192=CARTESIAN_POINT('Ctrl Pts',(-1.49724746575191,-1.101830780703,-1.57030408046595));
#5193=CARTESIAN_POINT('Ctrl Pts',(-1.49924674352648,-1.10150294554417,-1.57734429786973));
#5194=CARTESIAN_POINT('Ctrl Pts',(-1.50020877991927,-1.10135488485909,-1.58461365784333));
#5195=CARTESIAN_POINT('Ctrl Pts',(-1.50020877991927,-1.10135488485908,-1.59849596101078));
#5196=CARTESIAN_POINT('Ctrl Pts',(-1.49924674352648,-1.10150294554416,-1.60576532098439));
#5197=CARTESIAN_POINT('Ctrl Pts',(-1.4972474657519,-1.10183078070298,-1.61280553838817));
#5198=CARTESIAN_POINT('Ctrl Pts',(-1.49510523589823,-1.10552968329695,-1.57109203894539));
#5199=CARTESIAN_POINT('Ctrl Pts',(-1.49703967274246,-1.10519737351905,-1.57786480931763));
#5200=CARTESIAN_POINT('Ctrl Pts',(-1.49797223919667,-1.10504554075324,-1.58486788617267));
#5201=CARTESIAN_POINT('Ctrl Pts',(-1.49797223919667,-1.10504554075324,-1.59824173268145));
#5202=CARTESIAN_POINT('Ctrl Pts',(-1.49703967274246,-1.10519737351904,-1.6052448095365));
#5203=CARTESIAN_POINT('Ctrl Pts',(-1.49510523589822,-1.10552968329693,-1.61201757990874));
#5204=CARTESIAN_POINT('Ctrl Pts',(-1.49296300604455,-1.1092285858909,-1.57187999742482));
#5205=CARTESIAN_POINT('Ctrl Pts',(-1.49483233284413,-1.1088913057343,-1.57838535163311));
#5206=CARTESIAN_POINT('Ctrl Pts',(-1.49573565320489,-1.10873611219888,-1.58512210225834));
#5207=CARTESIAN_POINT('Ctrl Pts',(-1.49573565320489,-1.10873611219888,-1.59798751659578));
#5208=CARTESIAN_POINT('Ctrl Pts',(-1.49483233284413,-1.10889130573429,-1.60472426722102));
#5209=CARTESIAN_POINT('Ctrl Pts',(-1.49296300604454,-1.10922858589088,-1.6112296214293));
#5210=CARTESIAN_POINT('',(-1.49296300604454,-1.10922858589088,-1.6112296214293));
#5211=CARTESIAN_POINT('',(-1.49938969560559,-1.09813187810903,-1.6135934968676));
#5212=CARTESIAN_POINT('',(-1.49296300604454,-1.10922858589088,-1.6112296214293));
#5213=CARTESIAN_POINT('',(-1.49938969560558,-1.09813187810905,-1.56951612198652));
#5214=CARTESIAN_POINT('Ctrl Pts',(-1.49938969560558,-1.09813187810903,-1.6135934968676));
#5215=CARTESIAN_POINT('Ctrl Pts',(-1.50145408342481,-1.09780901332891,-1.60628586329986));
#5216=CARTESIAN_POINT('Ctrl Pts',(-1.50244536591105,-1.09766431341344,-1.59875017709645));
#5217=CARTESIAN_POINT('Ctrl Pts',(-1.50244536591105,-1.09766431341345,-1.58435944175766));
#5218=CARTESIAN_POINT('Ctrl Pts',(-1.50145408342481,-1.09780901332893,-1.57682375555425));
#5219=CARTESIAN_POINT('Ctrl Pts',(-1.49938969560558,-1.09813187810905,-1.56951612198651));
#5220=CARTESIAN_POINT('',(-1.49296300604455,-1.1092285858909,-1.57187999742482));
#5221=CARTESIAN_POINT('',(-1.49938969560558,-1.09813187810905,-1.56951612198652));
#5222=CARTESIAN_POINT('Ctrl Pts',(-1.49296300604455,-1.1092285858909,-1.57187999742482));
#5223=CARTESIAN_POINT('Ctrl Pts',(-1.49483233284413,-1.1088913057343,-1.57838535163311));
#5224=CARTESIAN_POINT('Ctrl Pts',(-1.49573565320489,-1.10873611219888,-1.58512210225834));
#5225=CARTESIAN_POINT('Ctrl Pts',(-1.49573565320489,-1.10873611219888,-1.59798751659578));
#5226=CARTESIAN_POINT('Ctrl Pts',(-1.49483233284413,-1.10889130573429,-1.60472426722102));
#5227=CARTESIAN_POINT('Ctrl Pts',(-1.49296300604454,-1.10922858589088,-1.6112296214293));
#5228=CARTESIAN_POINT('Ctrl Pts',(-1.48990620639852,-1.09971503510081,-1.54809345935737));
#5229=CARTESIAN_POINT('Ctrl Pts',(-1.49227952381997,-1.09929373483711,-1.55179795052092));
#5230=CARTESIAN_POINT('Ctrl Pts',(-1.49426487490202,-1.09895933905053,-1.55568997813374));
#5231=CARTESIAN_POINT('Ctrl Pts',(-1.49730326770554,-1.09846099999461,-1.56291668871573));
#5232=CARTESIAN_POINT('Ctrl Pts',(-1.49844681140499,-1.09827934269747,-1.56617844862369));
#5233=CARTESIAN_POINT('Ctrl Pts',(-1.49938969560559,-1.09813187810905,-1.56951612198652));
#5234=CARTESIAN_POINT('Ctrl Pts',(-1.48850704178089,-1.10376255891645,-1.55020737671374));
#5235=CARTESIAN_POINT('Ctrl Pts',(-1.4905849084698,-1.10318972798092,-1.55358698021086));
#5236=CARTESIAN_POINT('Ctrl Pts',(-1.49241134823818,-1.10276034395709,-1.55720827850889));
#5237=CARTESIAN_POINT('Ctrl Pts',(-1.49525125217735,-1.10217390407083,-1.56401515056156));
#5238=CARTESIAN_POINT('Ctrl Pts',(-1.49634229433047,-1.1019789162674,-1.5671141709389));
#5239=CARTESIAN_POINT('Ctrl Pts',(-1.49724746575191,-1.101830780703,-1.57030408046595));
#5240=CARTESIAN_POINT('Ctrl Pts',(-1.48710787716326,-1.10781008273209,-1.55232129407012));
#5241=CARTESIAN_POINT('Ctrl Pts',(-1.48888167715134,-1.10708849774932,-1.55537612674505));
#5242=CARTESIAN_POINT('Ctrl Pts',(-1.49055611201016,-1.10656190531833,-1.5587264745326));
#5243=CARTESIAN_POINT('Ctrl Pts',(-1.49319923154622,-1.10588679109749,-1.56511366137459));
#5244=CARTESIAN_POINT('Ctrl Pts',(-1.4942357338916,-1.10567909094872,-1.56804960546036));
#5245=CARTESIAN_POINT('Ctrl Pts',(-1.49510523589823,-1.10552968329695,-1.57109203894539));
#5246=CARTESIAN_POINT('Ctrl Pts',(-1.48570871254562,-1.11185760654772,-1.5544352114265));
#5247=CARTESIAN_POINT('Ctrl Pts',(-1.48718706180118,-1.11098449089313,-1.55716515643499));
#5248=CARTESIAN_POINT('Ctrl Pts',(-1.48870258534632,-1.11036291022489,-1.56024477490775));
#5249=CARTESIAN_POINT('Ctrl Pts',(-1.49114721601804,-1.10959969517371,-1.56621212322043));
#5250=CARTESIAN_POINT('Ctrl Pts',(-1.49213121681708,-1.10937866451865,-1.56898532777558));
#5251=CARTESIAN_POINT('Ctrl Pts',(-1.49296300604455,-1.1092285858909,-1.57187999742482));
#5252=CARTESIAN_POINT('Ctrl Pts',(-1.49938969560559,-1.09813187810905,-1.56951612198652));
#5253=CARTESIAN_POINT('Ctrl Pts',(-1.49844681140499,-1.09827934269747,-1.56617844862369));
#5254=CARTESIAN_POINT('Ctrl Pts',(-1.49730326770554,-1.09846099999461,-1.56291668871573));
#5255=CARTESIAN_POINT('Ctrl Pts',(-1.49426487490202,-1.09895933905053,-1.55568997813374));
#5256=CARTESIAN_POINT('Ctrl Pts',(-1.49227952381997,-1.09929373483711,-1.55179795052092));
#5257=CARTESIAN_POINT('Ctrl Pts',(-1.48990620639852,-1.09971503510081,-1.54809345935737));
#5258=CARTESIAN_POINT('Ctrl Pts',(-1.48570871254562,-1.11185760654772,-1.5544352114265));
#5259=CARTESIAN_POINT('Ctrl Pts',(-1.48718706180118,-1.11098449089313,-1.55716515643499));
#5260=CARTESIAN_POINT('Ctrl Pts',(-1.48870258534632,-1.11036291022489,-1.56024477490775));
#5261=CARTESIAN_POINT('Ctrl Pts',(-1.49114721601804,-1.10959969517371,-1.56621212322043));
#5262=CARTESIAN_POINT('Ctrl Pts',(-1.49213121681708,-1.10937866451865,-1.56898532777558));
#5263=CARTESIAN_POINT('Ctrl Pts',(-1.49296300604455,-1.1092285858909,-1.57187999742482));
#5264=CARTESIAN_POINT('Ctrl Pts',(-1.48990620639869,-1.09971503510074,-1.63501615949648));
#5265=CARTESIAN_POINT('Ctrl Pts',(-1.48938395552639,-1.0998077426453,-1.63583133648223));
#5266=CARTESIAN_POINT('Ctrl Pts',(-1.48884751619307,-1.09992008295668,-1.63663621089267));
#5267=CARTESIAN_POINT('Ctrl Pts',(-1.48526695207138,-1.1008183756768,-1.64182837911101));
#5268=CARTESIAN_POINT('Ctrl Pts',(-1.4817976834393,-1.10225001079322,-1.6459000069193));
#5269=CARTESIAN_POINT('Ctrl Pts',(-1.47712848645227,-1.10630720156388,-1.65079800748445));
#5270=CARTESIAN_POINT('Ctrl Pts',(-1.47390107413551,-1.10966767038562,-1.65404287696507));
#5271=CARTESIAN_POINT('Ctrl Pts',(-1.47154501745952,-1.11458277725406,-1.65645027630624));
#5272=CARTESIAN_POINT('Ctrl Pts',(-1.47080280028791,-1.11758416863466,-1.65744560216817));
#5273=CARTESIAN_POINT('Ctrl Pts',(-1.48850704178104,-1.10376255891637,-1.63290224214013));
#5274=CARTESIAN_POINT('Ctrl Pts',(-1.48804978365774,-1.10388788146435,-1.63364617216798));
#5275=CARTESIAN_POINT('Ctrl Pts',(-1.48758569159239,-1.10403185097228,-1.63437687562974));
#5276=CARTESIAN_POINT('Ctrl Pts',(-1.48449811666224,-1.10509917024122,-1.63907557067903));
#5277=CARTESIAN_POINT('Ctrl Pts',(-1.48163892941508,-1.10657997681688,-1.64265484501344));
#5278=CARTESIAN_POINT('Ctrl Pts',(-1.47797332291946,-1.11017682071571,-1.64684379499332));
#5279=CARTESIAN_POINT('Ctrl Pts',(-1.47547665616438,-1.11307933925452,-1.64959019807855));
#5280=CARTESIAN_POINT('Ctrl Pts',(-1.47375488691824,-1.11708817065448,-1.65157022442991));
#5281=CARTESIAN_POINT('Ctrl Pts',(-1.4732201322623,-1.11949900001187,-1.65239372838116));
#5282=CARTESIAN_POINT('Ctrl Pts',(-1.48710787716338,-1.10781008273199,-1.63078832478378));
#5283=CARTESIAN_POINT('Ctrl Pts',(-1.48671757218204,-1.10796959770165,-1.63146029887128));
#5284=CARTESIAN_POINT('Ctrl Pts',(-1.48632182798993,-1.10814205382533,-1.63211828798843));
#5285=CARTESIAN_POINT('Ctrl Pts',(-1.48373672661786,-1.10938824114426,-1.63632051563058));
#5286=CARTESIAN_POINT('Ctrl Pts',(-1.4814763873966,-1.11091495041345,-1.63941243324177));
#5287=CARTESIAN_POINT('Ctrl Pts',(-1.47880426987212,-1.11404603341445,-1.64289708693028));
#5288=CARTESIAN_POINT('Ctrl Pts',(-1.47705282425958,-1.11649256265044,-1.64513832901948));
#5289=CARTESIAN_POINT('Ctrl Pts',(-1.47593775715847,-1.11959497835053,-1.64670518625154));
#5290=CARTESIAN_POINT('Ctrl Pts',(-1.4756374642367,-1.12141383138908,-1.64734185459414));
#5291=CARTESIAN_POINT('Ctrl Pts',(-1.48570871254572,-1.11185760654762,-1.62867440742743));
#5292=CARTESIAN_POINT('Ctrl Pts',(-1.4853834003134,-1.1120497365207,-1.62927513455703));
#5293=CARTESIAN_POINT('Ctrl Pts',(-1.48506000338925,-1.11225382184093,-1.6298589527255));
#5294=CARTESIAN_POINT('Ctrl Pts',(-1.48296789120872,-1.11366903570868,-1.63356770719861));
#5295=CARTESIAN_POINT('Ctrl Pts',(-1.48131763337238,-1.11524491643712,-1.6361672713359));
#5296=CARTESIAN_POINT('Ctrl Pts',(-1.47964910633931,-1.11791565256629,-1.63894287443915));
#5297=CARTESIAN_POINT('Ctrl Pts',(-1.47862840628846,-1.11990423151935,-1.64068565013295));
#5298=CARTESIAN_POINT('Ctrl Pts',(-1.47814762661719,-1.12210037175095,-1.64182513437522));
#5299=CARTESIAN_POINT('Ctrl Pts',(-1.47805479621109,-1.12332866276629,-1.64228998080712));
#5300=CARTESIAN_POINT('',(-1.48990620640172,-1.0997150351002,-1.63501615949886));
#5301=CARTESIAN_POINT('',(-1.48570871254562,-1.11185760654768,-1.62867440742762));
#5302=CARTESIAN_POINT('',(-1.48990620640172,-1.0997150351002,-1.63501615949886));
#5303=CARTESIAN_POINT('',(-1.47805479621109,-1.12332866276629,-1.64228998080712));
#5304=CARTESIAN_POINT('Ctrl Pts',(-1.48570871254572,-1.11185760654762,-1.62867440742743));
#5305=CARTESIAN_POINT('Ctrl Pts',(-1.4853834003134,-1.1120497365207,-1.62927513455703));
#5306=CARTESIAN_POINT('Ctrl Pts',(-1.48506000338925,-1.11225382184093,-1.6298589527255));
#5307=CARTESIAN_POINT('Ctrl Pts',(-1.48296789120872,-1.11366903570868,-1.63356770719861));
#5308=CARTESIAN_POINT('Ctrl Pts',(-1.48131763337238,-1.11524491643712,-1.6361672713359));
#5309=CARTESIAN_POINT('Ctrl Pts',(-1.47964910633931,-1.11791565256629,-1.63894287443915));
#5310=CARTESIAN_POINT('Ctrl Pts',(-1.47862840628846,-1.11990423151935,-1.64068565013295));
#5311=CARTESIAN_POINT('Ctrl Pts',(-1.47814762661719,-1.12210037175095,-1.64182513437522));
#5312=CARTESIAN_POINT('Ctrl Pts',(-1.47805479621109,-1.12332866276629,-1.64228998080712));
#5313=CARTESIAN_POINT('',(-1.47080280028791,-1.11758416863466,-1.65744560216817));
#5314=CARTESIAN_POINT('',(-1.47805479621109,-1.12332866276629,-1.64228998080712));
#5315=CARTESIAN_POINT('Ctrl Pts',(-1.47080280028791,-1.11758416863466,-1.65744560216817));
#5316=CARTESIAN_POINT('Ctrl Pts',(-1.47154501745952,-1.11458277725406,-1.65645027630624));
#5317=CARTESIAN_POINT('Ctrl Pts',(-1.47390107413551,-1.10966767038562,-1.65404287696507));
#5318=CARTESIAN_POINT('Ctrl Pts',(-1.47712848645227,-1.10630720156388,-1.65079800748445));
#5319=CARTESIAN_POINT('Ctrl Pts',(-1.4817976834393,-1.10225001079322,-1.6459000069193));
#5320=CARTESIAN_POINT('Ctrl Pts',(-1.48526695207138,-1.1008183756768,-1.64182837911101));
#5321=CARTESIAN_POINT('Ctrl Pts',(-1.48884751619307,-1.09992008295668,-1.63663621089267));
#5322=CARTESIAN_POINT('Ctrl Pts',(-1.48938395552639,-1.0998077426453,-1.63583133648223));
#5323=CARTESIAN_POINT('Ctrl Pts',(-1.48990620639869,-1.09971503510074,-1.63501615949648));
#5324=CARTESIAN_POINT('Ctrl Pts',(-1.49938969560559,-1.09813187810903,-1.6135934968676));
#5325=CARTESIAN_POINT('Ctrl Pts',(-1.49722833877302,-1.09846990858566,-1.62124438668318));
#5326=CARTESIAN_POINT('Ctrl Pts',(-1.49411605542599,-1.09896772229323,-1.62844504162553));
#5327=CARTESIAN_POINT('Ctrl Pts',(-1.48990620639852,-1.09971503510077,-1.63501615949675));
#5328=CARTESIAN_POINT('Ctrl Pts',(-1.49724746575191,-1.10183078070298,-1.61280553838817));
#5329=CARTESIAN_POINT('Ctrl Pts',(-1.49517099593554,-1.1021708085517,-1.62011793166918));
#5330=CARTESIAN_POINT('Ctrl Pts',(-1.49218771860004,-1.10274809901106,-1.62690734894466));
#5331=CARTESIAN_POINT('Ctrl Pts',(-1.48850704178089,-1.10376255891641,-1.63290224214037));
#5332=CARTESIAN_POINT('Ctrl Pts',(-1.49510523589822,-1.10552968329693,-1.61201757990873));
#5333=CARTESIAN_POINT('Ctrl Pts',(-1.49311365309807,-1.10587170851774,-1.61899147665518));
#5334=CARTESIAN_POINT('Ctrl Pts',(-1.4902593817741,-1.10652847572889,-1.62536965626378));
#5335=CARTESIAN_POINT('Ctrl Pts',(-1.48710787716325,-1.10781008273205,-1.630788324784));
#5336=CARTESIAN_POINT('Ctrl Pts',(-1.49296300604454,-1.10922858589088,-1.6112296214293));
#5337=CARTESIAN_POINT('Ctrl Pts',(-1.49105631026059,-1.10957260848379,-1.61786502164118));
#5338=CARTESIAN_POINT('Ctrl Pts',(-1.48833104494815,-1.11030885244672,-1.62383196358291));
#5339=CARTESIAN_POINT('Ctrl Pts',(-1.48570871254562,-1.11185760654768,-1.62867440742762));
#5340=CARTESIAN_POINT('Ctrl Pts',(-1.48990620639852,-1.09971503510077,-1.63501615949675));
#5341=CARTESIAN_POINT('Ctrl Pts',(-1.49411605542599,-1.09896772229323,-1.62844504162553));
#5342=CARTESIAN_POINT('Ctrl Pts',(-1.49722833877302,-1.09846990858566,-1.62124438668318));
#5343=CARTESIAN_POINT('Ctrl Pts',(-1.49938969560559,-1.09813187810903,-1.6135934968676));
#5344=CARTESIAN_POINT('Ctrl Pts',(-1.49296300604454,-1.10922858589088,-1.6112296214293));
#5345=CARTESIAN_POINT('Ctrl Pts',(-1.49105631026059,-1.10957260848379,-1.61786502164118));
#5346=CARTESIAN_POINT('Ctrl Pts',(-1.48833104494815,-1.11030885244672,-1.62383196358291));
#5347=CARTESIAN_POINT('Ctrl Pts',(-1.48570871254562,-1.11185760654768,-1.62867440742762));
#5348=CARTESIAN_POINT('Ctrl Pts',(-1.47025792888814,-1.12060549303589,-1.65841175452252));
#5349=CARTESIAN_POINT('Ctrl Pts',(-1.46880145728769,-1.13327898033165,-1.66233531023582));
#5350=CARTESIAN_POINT('Ctrl Pts',(-1.46721344301749,-1.14709708613796,-1.66549205768566));
#5351=CARTESIAN_POINT('Ctrl Pts',(-1.46554593880966,-1.16160687361823,-1.66780216929227));
#5352=CARTESIAN_POINT('Ctrl Pts',(-1.47278525136544,-1.12245180227371,-1.65338615919597));
#5353=CARTESIAN_POINT('Ctrl Pts',(-1.47151266825355,-1.13481493761738,-1.65742628770413));
#5354=CARTESIAN_POINT('Ctrl Pts',(-1.47008271366147,-1.14837728573337,-1.66076414912426));
#5355=CARTESIAN_POINT('Ctrl Pts',(-1.46853987591631,-1.16266950900639,-1.66328887612579));
#5356=CARTESIAN_POINT('Ctrl Pts',(-1.47531257384275,-1.12429811151153,-1.64836056386942));
#5357=CARTESIAN_POINT('Ctrl Pts',(-1.47422387921941,-1.1363508949031,-1.65251726517244));
#5358=CARTESIAN_POINT('Ctrl Pts',(-1.47295198430544,-1.14965748532879,-1.65603624056287));
#5359=CARTESIAN_POINT('Ctrl Pts',(-1.47153381302296,-1.16373214439456,-1.65877558295931));
#5360=CARTESIAN_POINT('Ctrl Pts',(-1.47783989632005,-1.12614442074936,-1.64333496854287));
#5361=CARTESIAN_POINT('Ctrl Pts',(-1.47693509018527,-1.13788685218883,-1.64760824264075));
#5362=CARTESIAN_POINT('Ctrl Pts',(-1.47582125494942,-1.1509376849242,-1.65130833200147));
#5363=CARTESIAN_POINT('Ctrl Pts',(-1.47452775012961,-1.16479477978272,-1.65426228979283));
#5364=CARTESIAN_POINT('',(-1.4702579288859,-1.12060549305538,-1.65841175446014));
#5365=CARTESIAN_POINT('',(-1.47783989632002,-1.12614442074972,-1.643334968543));
#5366=CARTESIAN_POINT('',(-1.4702579288859,-1.12060549305538,-1.65841175446014));
#5367=CARTESIAN_POINT('',(-1.47511580346094,-1.15841524934397,-1.65283651070566));
#5368=CARTESIAN_POINT('Ctrl Pts',(-1.47783989632005,-1.12614442074936,-1.64333496854287));
#5369=CARTESIAN_POINT('Ctrl Pts',(-1.47707524556797,-1.13606793771761,-1.64694630817375));
#5370=CARTESIAN_POINT('Ctrl Pts',(-1.47616130784026,-1.146925904824,-1.65014828367568));
#5371=CARTESIAN_POINT('Ctrl Pts',(-1.47511580346094,-1.15841524934397,-1.65283651070566));
#5372=CARTESIAN_POINT('',(-1.46554593880966,-1.16160687361823,-1.66780216929228));
#5373=CARTESIAN_POINT('Ctrl Pts',(-1.46554593880966,-1.1616068736182,-1.66780216929227));
#5374=CARTESIAN_POINT('Ctrl Pts',(-1.46717518007875,-1.16106350171503,-1.66536124745967));
#5375=CARTESIAN_POINT('Ctrl Pts',(-1.46878266238311,-1.16052742133641,-1.66290294037828));
#5376=CARTESIAN_POINT('Ctrl Pts',(-1.47036595294018,-1.15999941599824,-1.66042863786514));
#5377=CARTESIAN_POINT('Ctrl Pts',(-1.47197392950428,-1.15946317822072,-1.65791575705759));
#5378=CARTESIAN_POINT('Ctrl Pts',(-1.47355817692208,-1.15893486140882,-1.65538446636513));
#5379=CARTESIAN_POINT('Ctrl Pts',(-1.47511578830739,-1.15841541587061,-1.6528365496688));
#5380=CARTESIAN_POINT('Ctrl Pts',(-1.46554593880966,-1.16160687361823,-1.66780216929227));
#5381=CARTESIAN_POINT('Ctrl Pts',(-1.46721344301749,-1.14709708613796,-1.66549205768566));
#5382=CARTESIAN_POINT('Ctrl Pts',(-1.46880145728769,-1.13327898033165,-1.66233531023582));
#5383=CARTESIAN_POINT('Ctrl Pts',(-1.47025792888814,-1.12060549303589,-1.65841175452252));
#5384=CARTESIAN_POINT('Ctrl Pts',(-1.47080280028791,-1.11758416863466,-1.65744560216817));
#5385=CARTESIAN_POINT('Ctrl Pts',(-1.47055759598893,-1.11857573026596,-1.65777442530724));
#5386=CARTESIAN_POINT('Ctrl Pts',(-1.47037540824457,-1.11958324653373,-1.65809527958433));
#5387=CARTESIAN_POINT('Ctrl Pts',(-1.4702579288881,-1.12060549303628,-1.65841175452264));
#5388=CARTESIAN_POINT('Ctrl Pts',(-1.4732201322623,-1.11949900001187,-1.65239372838116));
#5389=CARTESIAN_POINT('Ctrl Pts',(-1.47303323533142,-1.12047002210634,-1.65273025604285));
#5390=CARTESIAN_POINT('Ctrl Pts',(-1.47288789822917,-1.12145458883352,-1.65306028146839));
#5391=CARTESIAN_POINT('Ctrl Pts',(-1.4727852513654,-1.12245180227409,-1.65338615919609));
#5392=CARTESIAN_POINT('Ctrl Pts',(-1.4756374642367,-1.12141383138908,-1.64734185459414));
#5393=CARTESIAN_POINT('Ctrl Pts',(-1.47550887467391,-1.12236431394672,-1.64768608677845));
#5394=CARTESIAN_POINT('Ctrl Pts',(-1.47540038821376,-1.12332593113331,-1.64802528335244));
#5395=CARTESIAN_POINT('Ctrl Pts',(-1.47531257384271,-1.12429811151191,-1.64836056386955));
#5396=CARTESIAN_POINT('Ctrl Pts',(-1.47805479621109,-1.12332866276629,-1.64228998080712));
#5397=CARTESIAN_POINT('Ctrl Pts',(-1.4779845140164,-1.1242586057871,-1.64264191751406));
#5398=CARTESIAN_POINT('Ctrl Pts',(-1.47791287819835,-1.1251972734331,-1.6429902852365));
#5399=CARTESIAN_POINT('Ctrl Pts',(-1.47783989632002,-1.12614442074972,-1.643334968543));
#5400=CARTESIAN_POINT('Ctrl Pts',(-1.4702579288881,-1.12060549303628,-1.65841175452264));
#5401=CARTESIAN_POINT('Ctrl Pts',(-1.47037540824457,-1.11958324653373,-1.65809527958433));
#5402=CARTESIAN_POINT('Ctrl Pts',(-1.47055759598893,-1.11857573026596,-1.65777442530724));
#5403=CARTESIAN_POINT('Ctrl Pts',(-1.47080280028791,-1.11758416863466,-1.65744560216817));
#5404=CARTESIAN_POINT('Ctrl Pts',(-1.47805479621109,-1.12332866276629,-1.64228998080712));
#5405=CARTESIAN_POINT('Ctrl Pts',(-1.4779845140164,-1.1242586057871,-1.64264191751406));
#5406=CARTESIAN_POINT('Ctrl Pts',(-1.47791287819835,-1.1251972734331,-1.6429902852365));
#5407=CARTESIAN_POINT('Ctrl Pts',(-1.47783989632002,-1.12614442074972,-1.643334968543));
#5408=CARTESIAN_POINT('Origin',(-1.46554593880966,-1.16160687361815,-1.79155480942783));
#5409=CARTESIAN_POINT('',(-1.47025792886051,-1.12060549327651,-1.39155480942781));
#5410=CARTESIAN_POINT('',(-1.47025792886051,-1.12060549327653,-1.35405480942781));
#5411=CARTESIAN_POINT('',(-1.46554593880965,-1.16160687361835,-1.39155480942783));
#5412=CARTESIAN_POINT('',(-1.46554593880966,-1.16160687361836,-1.39155480942783));
#5413=CARTESIAN_POINT('',(-1.46554593880966,-1.16160687361814,-1.79155480942783));
#5414=CARTESIAN_POINT('Origin',(-1.49410099488625,-1.12334560321791,-1.81342980942781));
#5415=CARTESIAN_POINT('',(-1.48990798796739,-1.09972507119594,-1.3915548094278));
#5416=CARTESIAN_POINT('',(-1.48990620640626,-1.0997150350993,-1.8134298094278));
#5417=CARTESIAN_POINT('',(-1.48920109149912,-1.09985111563492,-1.3915548094278));
#5418=CARTESIAN_POINT('Origin',(-1.57170458176594,-1.56051111341239,-1.39155480942803));
#5419=CARTESIAN_POINT('Origin',(-1.49410099488625,-1.12334560321813,-1.39155480942781));
#5420=CARTESIAN_POINT('Origin',(-1.57170458176594,-1.56051111341217,-1.81342980942803));
#5421=CARTESIAN_POINT('',(-1.48990798796739,-1.09972507119573,-1.7915548094278));
#5422=CARTESIAN_POINT('',(-1.48990620640626,-1.0997150350993,-1.8134298094278));
#5423=CARTESIAN_POINT('',(-1.54866125024592,-1.09308896552978,-1.79155480942779));
#5424=CARTESIAN_POINT('Origin',(-1.57170458176594,-1.56051111341218,-1.79155480942803));
#5425=CARTESIAN_POINT('',(-1.54866125024592,-1.09308896552998,-1.39155480942779));
#5426=CARTESIAN_POINT('',(-1.54866074835334,-1.09307878489642,-1.79155886760268));
#5427=CARTESIAN_POINT('Origin',(-1.57170458176594,-1.56051111341239,-1.39155480942803));
#5428=CARTESIAN_POINT('Origin',(-1.49410099488625,-1.12334560321791,-1.81342980942781));
#5429=CARTESIAN_POINT('',(-1.47025792886051,-1.1206054932763,-1.79155480942781));
#5430=CARTESIAN_POINT('',(-1.47025792886051,-1.12060549327653,-1.35405480942781));
#5431=CARTESIAN_POINT('',(-1.48920109149994,-1.09985111563456,-1.7915548094278));
#5432=CARTESIAN_POINT('Origin',(-1.49410099488625,-1.12334560321792,-1.79155480942781));
#5433=CARTESIAN_POINT('Origin',(-1.57170458176594,-1.56051111341218,-1.79155480942803));
#5434=CARTESIAN_POINT('Origin',(-1.46554593880966,-1.16160687361815,-1.79155480942783));
#5435=CARTESIAN_POINT('',(-1.46554593880965,-1.16160687361814,-1.79155480942783));
#5436=CARTESIAN_POINT('',(-1.46554593880966,-1.16160687361814,-1.79155480942783));
#5437=CARTESIAN_POINT('',(-1.46554593880966,-1.16160687361815,-1.79155480942783));
#5438=CARTESIAN_POINT('Origin',(-1.57170458176594,-1.5605111134124,-1.35798263282457));
#5439=CARTESIAN_POINT('',(-2.13748461312033,-1.47651822053043,-1.36773008888471));
#5440=CARTESIAN_POINT('',(-1.00592455041156,-1.64450400629437,-1.36773008888479));
#5441=CARTESIAN_POINT('Origin',(-1.57170458176594,-1.5605111134124,-1.36773008888475));
#5442=CARTESIAN_POINT('Origin',(-1.57170458176594,-1.5605111134124,-1.36773008888475));
#5443=CARTESIAN_POINT('',(-2.13527564045603,-1.47684615363887,-1.35798263282426));
#5444=CARTESIAN_POINT('',(-2.13527564045609,-1.47684615363886,-1.35798263282453));
#5445=CARTESIAN_POINT('',(-2.14145203782612,-1.56051111341241,-1.35798263282458));
#5446=CARTESIAN_POINT('Origin',(-1.57170458176594,-1.56051111341241,-1.35798263282458));
#5447=CARTESIAN_POINT('Origin',(-1.57170458176594,-1.56051111341241,-1.35798263282458));
#5448=CARTESIAN_POINT('Origin',(-1.37867093958967,-0.981720833096577,-1.59155480942707));
#5449=CARTESIAN_POINT('',(-1.5052231419386,-1.36117378153766,-1.52068866769479));
#5450=CARTESIAN_POINT('Origin',(-1.5052231419386,-1.36117378153766,-1.59155480942707));
#5451=CARTESIAN_POINT('',(-1.37867093958967,-0.981720833096577,-1.52068866769479));
#5452=CARTESIAN_POINT('Ctrl Pts',(-1.60638345724338,-1.44238615475472,-1.58238170467394));
#5453=CARTESIAN_POINT('Ctrl Pts',(-1.6068517361447,-1.44252363108396,-1.58545146693248));
#5454=CARTESIAN_POINT('Ctrl Pts',(-1.60708098878848,-1.44259317547065,-1.5885257893187));
#5455=CARTESIAN_POINT('Ctrl Pts',(-1.60708098878848,-1.44259317547065,-1.59458382953543));
#5456=CARTESIAN_POINT('Ctrl Pts',(-1.6068517361447,-1.44252363108396,-1.59765815192166));
#5457=CARTESIAN_POINT('Ctrl Pts',(-1.60638345724338,-1.44238615475472,-1.60072791418019));
#5458=CARTESIAN_POINT('Ctrl Pts',(-1.47615054327273,-1.48288665856795,-1.61713891105862));
#5459=CARTESIAN_POINT('Ctrl Pts',(-1.47378574799907,-1.48579767081353,-1.60896512334852));
#5460=CARTESIAN_POINT('Ctrl Pts',(-1.47262915666367,-1.48743450701156,-1.60008645719725));
#5461=CARTESIAN_POINT('Ctrl Pts',(-1.47262915666367,-1.48743450701156,-1.59155480942707));
#5462=CARTESIAN_POINT('Ctrl Pts',(-1.47262915666367,-1.48743450701156,-1.58302316165688));
#5463=CARTESIAN_POINT('Ctrl Pts',(-1.47378574799907,-1.48579767081353,-1.57414449550562));
#5464=CARTESIAN_POINT('Ctrl Pts',(-1.47615054327273,-1.48288665856795,-1.56597070779552));
#5465=CARTESIAN_POINT('Origin',(-1.57170458176594,-1.56051111341215,-1.86035480942803));
#5466=CARTESIAN_POINT('',(-1.59051701812868,-1.68723255935782,-1.8603548094281));
#5467=CARTESIAN_POINT('Origin',(-1.57170458176594,-1.56051111341215,-1.86035480942803));
#5468=CARTESIAN_POINT('Origin',(-1.57170458176594,-1.56051111341216,-1.82512698603149));
#5469=CARTESIAN_POINT('',(-2.13527564045609,-1.47684615363862,-1.82512698603145));
#5470=CARTESIAN_POINT('Origin',(-1.57170458176594,-1.56051111341216,-1.82512698603149));
#5471=CARTESIAN_POINT('',(-2.13527564045609,-1.47684615363862,-1.82512698603145));
#5472=CARTESIAN_POINT('Origin',(-1.18691062426377,-1.61763571283776,-1.79155480942806));
#5473=CARTESIAN_POINT('',(-1.58621238784347,-1.14797775286684,-1.79155480942782));
#5474=CARTESIAN_POINT('',(-1.57247367432704,-1.10906035584333,-1.7915548094278));
#5475=CARTESIAN_POINT('',(-1.53494751777601,-1.00276071348481,-1.79155480942775));
#5476=CARTESIAN_POINT('',(-1.54937845202072,-1.09305415989759,-1.79155480942779));
#5477=CARTESIAN_POINT('Origin',(-1.54984248340014,-1.11704967353827,-1.79155480942781));
#5478=CARTESIAN_POINT('',(-1.68370119408877,-1.10612007225187,-1.7915548094278));
#5479=CARTESIAN_POINT('Origin',(-1.57170458176594,-1.56051111341218,-1.79155480942803));
#5480=CARTESIAN_POINT('',(-1.65795418801536,-1.11737526129156,-1.79155480942781));
#5481=CARTESIAN_POINT('Origin',(-1.67862140956014,-1.12957632491811,-1.79155480942781));
#5482=CARTESIAN_POINT('',(-1.63697280710626,-1.1529153470444,-1.79155480942782));
#5483=CARTESIAN_POINT('',(-1.89432431569363,-0.716991004245295,-1.7915548094276));
#5484=CARTESIAN_POINT('',(-2.0263478287454,-1.19079083876912,-1.79155480942784));
#5485=CARTESIAN_POINT('Origin',(-1.57247367432704,-1.10906035584333,-1.79155886760269));
#5486=CARTESIAN_POINT('',(-1.58621238784347,-1.14797775286705,-1.39155480942782));
#5487=CARTESIAN_POINT('',(-1.57247367432705,-1.10906035584353,-1.3915548094278));
#5488=CARTESIAN_POINT('',(-1.57247367432704,-1.10906035584354,-1.3915548094278));
#5489=CARTESIAN_POINT('',(-1.57247367432705,-1.10906035584333,-1.79155886760269));
#5490=CARTESIAN_POINT('',(-1.58621238784347,-1.14797775286684,-1.79155886760271));
#5491=CARTESIAN_POINT('Origin',(-1.18691062426377,-1.61763571283796,-1.39155480942806));
#5492=CARTESIAN_POINT('',(-1.54937845202072,-1.0930541598978,-1.39155480942779));
#5493=CARTESIAN_POINT('',(-1.68370119408878,-1.10612007225208,-1.3915548094278));
#5494=CARTESIAN_POINT('Origin',(-1.57170458176594,-1.56051111341239,-1.39155480942803));
#5495=CARTESIAN_POINT('Origin',(-1.54984248340014,-1.11704967353847,-1.39155480942781));
#5496=CARTESIAN_POINT('',(-1.63697280710626,-1.1529153470446,-1.39155480942782));
#5497=CARTESIAN_POINT('',(-1.58621238784347,-1.14797775286705,-1.39155480942782));
#5498=CARTESIAN_POINT('',(-1.65795418801536,-1.11737526129176,-1.39155480942781));
#5499=CARTESIAN_POINT('',(-1.63697280710626,-1.1529153470446,-1.39155480942782));
#5500=CARTESIAN_POINT('Origin',(-1.67862140956014,-1.12957632491832,-1.39155480942781));
#5501=CARTESIAN_POINT('Origin',(-1.18691062426377,-1.61763571283796,-1.39155480942806));
#5502=CARTESIAN_POINT('',(-1.31247486430117,-1.23927256718365,-1.39155480942787));
#5503=CARTESIAN_POINT('',(-1.30010271760688,-1.19989940339984,-1.39155480942785));
#5504=CARTESIAN_POINT('',(-1.31247486430117,-1.23927256718365,-1.39155480942787));
#5505=CARTESIAN_POINT('',(-1.30896659189811,-1.17323445759803,-1.39155480942783));
#5506=CARTESIAN_POINT('Origin',(-1.32299894539028,-1.19270476975451,-1.39155480942784));
#5507=CARTESIAN_POINT('',(-1.20937726889392,-1.2643129064538,-1.39155480942788));
#5508=CARTESIAN_POINT('Origin',(-1.57170458176594,-1.56051111341239,-1.39155480942803));
#5509=CARTESIAN_POINT('',(-1.23672591069255,-1.25786004710209,-1.39155480942788));
#5510=CARTESIAN_POINT('Origin',(-1.2275199082891,-1.28002419652741,-1.39155480942789));
#5511=CARTESIAN_POINT('',(-1.27484016661747,-1.27369101471188,-1.39155480942789));
#5512=CARTESIAN_POINT('',(-1.23672591069255,-1.25786004710209,-1.39155480942788));
#5513=CARTESIAN_POINT('',(-1.27484016661747,-1.27369101471188,-1.39155480942789));
#5514=CARTESIAN_POINT('Origin',(-1.18691062426377,-1.61763571283796,-1.39155480942806));
#5515=CARTESIAN_POINT('',(-1.85883606495009,-1.19095736789894,-1.39155480942784));
#5516=CARTESIAN_POINT('',(-1.83073710669664,-1.19076724390151,-1.39155480942784));
#5517=CARTESIAN_POINT('Origin',(-1.84465493339954,-1.21031958646878,-1.39155480942785));
#5518=CARTESIAN_POINT('',(-1.74144051940541,-1.12438708182024,-1.39155480942781));
#5519=CARTESIAN_POINT('Origin',(-1.57170458176594,-1.56051111341239,-1.39155480942803));
#5520=CARTESIAN_POINT('',(-1.75602874842922,-1.14840314261257,-1.39155480942782));
#5521=CARTESIAN_POINT('Origin',(-1.7321045784972,-1.14649681287603,-1.39155480942782));
#5522=CARTESIAN_POINT('',(-1.75275055633342,-1.18954399210252,-1.39155480942784));
#5523=CARTESIAN_POINT('',(-1.75602874842922,-1.14840314261257,-1.39155480942782));
#5524=CARTESIAN_POINT('',(-1.79711420629833,-1.21470083136718,-1.39155480942786));
#5525=CARTESIAN_POINT('',(-1.75275055633342,-1.18954399210252,-1.39155480942784));
#5526=CARTESIAN_POINT('',(-1.79711420629833,-1.21470083136718,-1.39155480942786));
#5527=CARTESIAN_POINT('Origin',(-1.18691062426377,-1.61763571283796,-1.39155480942806));
#5528=CARTESIAN_POINT('',(-1.98432329386123,-1.33969386343547,-1.39155480942792));
#5529=CARTESIAN_POINT('',(-1.95873094858079,-1.32809130056728,-1.39155480942791));
#5530=CARTESIAN_POINT('Origin',(-1.9634928617654,-1.35161414441794,-1.39155480942793));
#5531=CARTESIAN_POINT('',(-1.90415370116967,-1.2311298108674,-1.39155480942786));
#5532=CARTESIAN_POINT('Origin',(-1.57170458176594,-1.56051111341239,-1.39155480942803));
#5533=CARTESIAN_POINT('',(-1.90771249958284,-1.25900314141627,-1.39155480942788));
#5534=CARTESIAN_POINT('Origin',(-1.88663205697121,-1.24753078597816,-1.39155480942787));
#5535=CARTESIAN_POINT('',(-1.88798423106961,-1.29525381674297,-1.3915548094279));
#5536=CARTESIAN_POINT('',(-1.90771249958284,-1.25900314141627,-1.39155480942788));
#5537=CARTESIAN_POINT('',(-1.91828023362659,-1.33628005504316,-1.39155480942792));
#5538=CARTESIAN_POINT('',(-1.88798423106961,-1.29525381674297,-1.3915548094279));
#5539=CARTESIAN_POINT('',(-1.91828023362659,-1.33628005504316,-1.39155480942792));
#5540=CARTESIAN_POINT('Origin',(-1.18691062426377,-1.61763571283796,-1.39155480942806));
#5541=CARTESIAN_POINT('',(-2.03846499892777,-1.52661166755474,-1.39155480942802));
#5542=CARTESIAN_POINT('',(-2.01980441561849,-1.50560285434169,-1.39155480942801));
#5543=CARTESIAN_POINT('Origin',(-2.01458703723457,-1.52902888607562,-1.39155480942802));
#5544=CARTESIAN_POINT('',(-2.00938340998358,-1.39482555945979,-1.39155480942795));
#5545=CARTESIAN_POINT('Origin',(-1.57170458176594,-1.56051111341239,-1.39155480942803));
#5546=CARTESIAN_POINT('',(-2.00129742920981,-1.42173660769203,-1.39155480942796));
#5547=CARTESIAN_POINT('Origin',(-1.98670571395593,-1.40268190103068,-1.39155480942795));
#5548=CARTESIAN_POINT('',(-1.96853028113078,-1.44682903776445,-1.39155480942798));
#5549=CARTESIAN_POINT('',(-2.00129742920981,-1.42173660769203,-1.39155480942796));
#5550=CARTESIAN_POINT('',(-1.97952018220719,-1.49663086578639,-1.391554809428));
#5551=CARTESIAN_POINT('',(-1.96853028113078,-1.44682903776445,-1.39155480942798));
#5552=CARTESIAN_POINT('',(-1.97952018220719,-1.49663086578639,-1.391554809428));
#5553=CARTESIAN_POINT('Origin',(-1.18691062426377,-1.61763571283796,-1.39155480942806));
#5554=CARTESIAN_POINT('',(-2.01189958748177,-1.7193909938296,-1.39155480942812));
#5555=CARTESIAN_POINT('',(-2.00339735052389,-1.6926085449353,-1.3915548094281));
#5556=CARTESIAN_POINT('Origin',(-1.98910281269241,-1.71188719084689,-1.39155480942811));
#5557=CARTESIAN_POINT('',(-2.03893447321133,-1.58716984553658,-1.39155480942805));
#5558=CARTESIAN_POINT('Origin',(-1.57170458176594,-1.56051111341239,-1.39155480942803));
#5559=CARTESIAN_POINT('',(-2.02060185278524,-1.60846544673365,-1.39155480942806));
#5560=CARTESIAN_POINT('Origin',(-2.01502190501807,-1.58512312073738,-1.39155480942805));
#5561=CARTESIAN_POINT('',(-1.98046156272347,-1.61806092243469,-1.39155480942806));
#5562=CARTESIAN_POINT('',(-2.02060185278524,-1.60846544673365,-1.39155480942806));
#5563=CARTESIAN_POINT('',(-1.97024510858308,-1.66802715167799,-1.39155480942809));
#5564=CARTESIAN_POINT('',(-1.98046156272347,-1.61806092243469,-1.39155480942806));
#5565=CARTESIAN_POINT('',(-1.97024510858308,-1.66802715167799,-1.39155480942809));
#5566=CARTESIAN_POINT('Origin',(-1.18691062426377,-1.61763571283796,-1.39155480942806));
#5567=CARTESIAN_POINT('',(-1.90922046050141,-1.88469854540191,-1.3915548094282));
#5568=CARTESIAN_POINT('',(-1.91234668390536,-1.8567733895511,-1.39155480942819));
#5569=CARTESIAN_POINT('Origin',(-1.89144664207918,-1.86857119662124,-1.39155480942819));
#5570=CARTESIAN_POINT('',(-1.98769724355787,-1.77490459464213,-1.39155480942814));
#5571=CARTESIAN_POINT('Origin',(-1.57170458176594,-1.56051111341239,-1.39155480942803));
#5572=CARTESIAN_POINT('',(-1.96228786009775,-1.78690254589259,-1.39155480942815));
#5573=CARTESIAN_POINT('Origin',(-1.96668450347848,-1.76330870078452,-1.39155480942814));
#5574=CARTESIAN_POINT('',(-1.92171504886801,-1.77934192230138,-1.39155480942815));
#5575=CARTESIAN_POINT('',(-1.96228786009775,-1.78690254589259,-1.39155480942815));
#5576=CARTESIAN_POINT('',(-1.89205875724527,-1.82083293780092,-1.39155480942817));
#5577=CARTESIAN_POINT('',(-1.92171504886801,-1.77934192230138,-1.39155480942815));
#5578=CARTESIAN_POINT('',(-1.89205875724527,-1.82083293780092,-1.39155480942817));
#5579=CARTESIAN_POINT('Origin',(-1.18691062426377,-1.61763571283796,-1.39155480942806));
#5580=CARTESIAN_POINT('',(-1.7481817718522,-1.99395114483288,-1.39155480942826));
#5581=CARTESIAN_POINT('',(-1.76239590319057,-1.96971179516424,-1.39155480942824));
#5582=CARTESIAN_POINT('Origin',(-1.73850416447237,-1.97198881537078,-1.39155480942825));
#5583=CARTESIAN_POINT('',(-1.86453110350589,-1.92556876313942,-1.39155480942822));
#5584=CARTESIAN_POINT('Origin',(-1.57170458176594,-1.56051111341239,-1.39155480942803));
#5585=CARTESIAN_POINT('',(-1.836438470249,-1.92619450967409,-1.39155480942822));
#5586=CARTESIAN_POINT('Origin',(-1.85005148519485,-1.90642873561678,-1.39155480942821));
#5587=CARTESIAN_POINT('',(-1.80244854550533,-1.90278508729567,-1.39155480942821));
#5588=CARTESIAN_POINT('',(-1.836438470249,-1.92619450967409,-1.39155480942822));
#5589=CARTESIAN_POINT('',(-1.75848025864076,-1.92862671553755,-1.39155480942822));
#5590=CARTESIAN_POINT('',(-1.80244854550533,-1.90278508729567,-1.39155480942821));
#5591=CARTESIAN_POINT('',(-1.75848025864076,-1.92862671553755,-1.39155480942822));
#5592=CARTESIAN_POINT('Origin',(-1.18691062426377,-1.61763571283796,-1.39155480942806));
#5593=CARTESIAN_POINT('',(-1.55662857379212,-2.02825802515218,-1.39155480942827));
#5594=CARTESIAN_POINT('',(-1.5794728606252,-2.01189568543099,-1.39155480942827));
#5595=CARTESIAN_POINT('Origin',(-1.55672052368898,-2.00425820129415,-1.39155480942826));
#5596=CARTESIAN_POINT('',(-1.69073259759965,-2.01311114755427,-1.39155480942827));
#5597=CARTESIAN_POINT('Origin',(-1.57170458176594,-1.56051111341239,-1.39155480942803));
#5598=CARTESIAN_POINT('',(-1.66481418604966,-2.00225649211259,-1.39155480942826));
#5599=CARTESIAN_POINT('Origin',(-1.68528975860612,-1.98973647100695,-1.39155480942826));
#5600=CARTESIAN_POINT('',(-1.64328431456901,-1.9670459727441,-1.39155480942824));
#5601=CARTESIAN_POINT('',(-1.66481418604966,-2.00225649211259,-1.39155480942826));
#5602=CARTESIAN_POINT('',(-1.59260654870084,-1.97276996144147,-1.39155480942825));
#5603=CARTESIAN_POINT('',(-1.64328431456901,-1.9670459727441,-1.39155480942824));
#5604=CARTESIAN_POINT('',(-1.59260654870084,-1.97276996144147,-1.39155480942825));
#5605=CARTESIAN_POINT('Origin',(-1.18691062426377,-1.61763571283796,-1.39155480942806));
#5606=CARTESIAN_POINT('',(-1.36768215447197,-1.98168721508438,-1.39155480942825));
#5607=CARTESIAN_POINT('',(-1.39520661207247,-1.97603108249562,-1.39155480942825));
#5608=CARTESIAN_POINT('Origin',(-1.37752776267298,-1.95979968440703,-1.39155480942824));
#5609=CARTESIAN_POINT('',(-1.49635306642017,-2.02239487432376,-1.39155480942827));
#5610=CARTESIAN_POINT('Origin',(-1.57170458176594,-1.56051111341239,-1.39155480942803));
#5611=CARTESIAN_POINT('',(-1.47709040539546,-2.00193668544304,-1.39155480942826));
#5612=CARTESIAN_POINT('Origin',(-1.5008881230528,-1.99882724267907,-1.39155480942826));
#5613=CARTESIAN_POINT('',(-1.47174329754958,-1.96101328776083,-1.39155480942824));
#5614=CARTESIAN_POINT('',(-1.47709040539546,-2.00193668544304,-1.39155480942826));
#5615=CARTESIAN_POINT('',(-1.42311869878947,-1.94562990726711,-1.39155480942823));
#5616=CARTESIAN_POINT('',(-1.47174329754958,-1.96101328776083,-1.39155480942824));
#5617=CARTESIAN_POINT('',(-1.42311869878947,-1.94562990726711,-1.39155480942823));
#5618=CARTESIAN_POINT('Origin',(-1.18691062426377,-1.61763571283796,-1.39155480942806));
#5619=CARTESIAN_POINT('',(-1.21401306631649,-1.86229123077272,-1.39155480942819));
#5620=CARTESIAN_POINT('',(-1.24145846591345,-1.86831930202535,-1.39155480942819));
#5621=CARTESIAN_POINT('Origin',(-1.23190993771919,-1.84630054617214,-1.39155480942818));
#5622=CARTESIAN_POINT('',(-1.31500249679101,-1.95181470274944,-1.39155480942824));
#5623=CARTESIAN_POINT('Origin',(-1.57170458176594,-1.56051111341239,-1.39155480942803));
#5624=CARTESIAN_POINT('',(-1.30572627537853,-1.92529038714396,-1.39155480942822));
#5625=CARTESIAN_POINT('Origin',(-1.3287312965583,-1.93212917362395,-1.39155480942823));
#5626=CARTESIAN_POINT('',(-1.31748649469092,-1.88573013838468,-1.3915548094282));
#5627=CARTESIAN_POINT('',(-1.30572627537853,-1.92529038714397,-1.39155480942822));
#5628=CARTESIAN_POINT('',(-1.2793226979051,-1.85189931494086,-1.39155480942818));
#5629=CARTESIAN_POINT('',(-1.31748649469092,-1.88573013838468,-1.3915548094282));
#5630=CARTESIAN_POINT('',(-1.2793226979051,-1.85189931494086,-1.39155480942818));
#5631=CARTESIAN_POINT('Origin',(-1.18691062426377,-1.61763571283796,-1.39155480942806));
#5632=CARTESIAN_POINT('',(-1.12219209070763,-1.69071472258316,-1.3915548094281));
#5633=CARTESIAN_POINT('',(-1.14481287337711,-1.70738468939429,-1.39155480942811));
#5634=CARTESIAN_POINT('Origin',(-1.14504569365851,-1.6833858186976,-1.3915548094281));
#5635=CARTESIAN_POINT('',(-1.17803804971924,-1.81357458569724,-1.39155480942816));
#5636=CARTESIAN_POINT('Origin',(-1.57170458176594,-1.56051111341239,-1.39155480942803));
#5637=CARTESIAN_POINT('',(-1.18035221087303,-1.78557043850104,-1.39155480942815));
#5638=CARTESIAN_POINT('Origin',(-1.19858675841921,-1.80117496591416,-1.39155480942816));
#5639=CARTESIAN_POINT('',(-1.20718630858635,-1.75421366506873,-1.39155480942813));
#5640=CARTESIAN_POINT('',(-1.18035221087304,-1.78557043850104,-1.39155480942815));
#5641=CARTESIAN_POINT('',(-1.18608218094629,-1.70778505539163,-1.39155480942811));
#5642=CARTESIAN_POINT('',(-1.20718630858635,-1.75421366506873,-1.39155480942813));
#5643=CARTESIAN_POINT('',(-1.18608218094629,-1.70778505539163,-1.39155480942811));
#5644=CARTESIAN_POINT('Origin',(-1.18691062426377,-1.61763571283796,-1.39155480942806));
#5645=CARTESIAN_POINT('',(-1.10809590849554,-1.49662482750532,-1.391554809428));
#5646=CARTESIAN_POINT('',(-1.12198073541061,-1.52105430117141,-1.39155480942801));
#5647=CARTESIAN_POINT('Origin',(-1.13195464742592,-1.49922493839759,-1.391554809428));
#5648=CARTESIAN_POINT('',(-1.10878805939551,-1.6292334007361,-1.39155480942807));
#5649=CARTESIAN_POINT('Origin',(-1.57170458176594,-1.56051111341239,-1.39155480942803));
#5650=CARTESIAN_POINT('',(-1.10914212238652,-1.63157749527751,-1.39155480942807));
#5651=CARTESIAN_POINT('Origin',(-1.57170458176594,-1.56051111341239,-1.39155480942803));
#5652=CARTESIAN_POINT('',(-1.1226465266196,-1.6069356879505,-1.39155480942806));
#5653=CARTESIAN_POINT('Origin',(-1.13295768160578,-1.62860779174435,-1.39155480942807));
#5654=CARTESIAN_POINT('',(-1.15991464345908,-1.58920426083897,-1.39155480942805));
#5655=CARTESIAN_POINT('',(-1.1226465266196,-1.6069356879505,-1.39155480942806));
#5656=CARTESIAN_POINT('',(-1.15951928035874,-1.53820579333243,-1.39155480942802));
#5657=CARTESIAN_POINT('',(-1.15991464345908,-1.58920426083897,-1.39155480942805));
#5658=CARTESIAN_POINT('',(-1.15951928035874,-1.53820579333243,-1.39155480942802));
#5659=CARTESIAN_POINT('Origin',(-1.18691062426377,-1.61763571283796,-1.39155480942806));
#5660=CARTESIAN_POINT('',(-1.17416187764447,-1.3135814516495,-1.39155480942791));
#5661=CARTESIAN_POINT('',(-1.17690993609184,-1.34154635423888,-1.39155480942792));
#5662=CARTESIAN_POINT('Origin',(-1.19490035984345,-1.32566099452507,-1.39155480942791));
#5663=CARTESIAN_POINT('',(-1.12022744652852,-1.43729238181549,-1.39155480942797));
#5664=CARTESIAN_POINT('Origin',(-1.57170458176594,-1.56051111341239,-1.39155480942803));
#5665=CARTESIAN_POINT('',(-1.14258705966533,-1.4202737067083,-1.39155480942796));
#5666=CARTESIAN_POINT('Origin',(-1.1431919297205,-1.44426608325204,-1.39155480942797));
#5667=CARTESIAN_POINT('',(-1.18384519965921,-1.41923355075008,-1.39155480942796));
#5668=CARTESIAN_POINT('',(-1.14258705966533,-1.4202737067083,-1.39155480942796));
#5669=CARTESIAN_POINT('',(-1.2042269629704,-1.37248332375253,-1.39155480942794));
#5670=CARTESIAN_POINT('',(-1.18384519965921,-1.41923355075008,-1.39155480942796));
#5671=CARTESIAN_POINT('',(-1.2042269629704,-1.37248332375253,-1.39155480942794));
#5672=CARTESIAN_POINT('Origin',(-1.18691062426377,-1.61763571283796,-1.39155480942806));
#5673=CARTESIAN_POINT('Origin',(-1.57170458176594,-1.56051111341239,-1.39155480942803));
#5674=CARTESIAN_POINT('',(-1.41716568788342,-1.17774227941783,-1.39155480942784));
#5675=CARTESIAN_POINT('Origin',(-1.18691062426377,-1.61763571283776,-1.79155480942806));
#5676=CARTESIAN_POINT('',(-1.20937726889363,-1.26431290645395,-1.79155480942788));
#5677=CARTESIAN_POINT('',(-1.30896659189941,-1.17323445759689,-1.79155480942783));
#5678=CARTESIAN_POINT('Origin',(-1.57170458176594,-1.56051111341218,-1.79155480942803));
#5679=CARTESIAN_POINT('',(-1.30010271760688,-1.19989940339963,-1.79155480942785));
#5680=CARTESIAN_POINT('Origin',(-1.32299894539028,-1.1927047697543,-1.79155480942784));
#5681=CARTESIAN_POINT('',(-1.31247486430117,-1.23927256718345,-1.79155480942787));
#5682=CARTESIAN_POINT('',(-1.31247486430117,-1.23927256718345,-1.79155480942787));
#5683=CARTESIAN_POINT('',(-1.27484016661747,-1.27369101471166,-1.79155480942789));
#5684=CARTESIAN_POINT('',(-1.27484016661745,-1.27369101471169,-1.79155480942789));
#5685=CARTESIAN_POINT('',(-1.23672591069255,-1.25786004710189,-1.79155480942788));
#5686=CARTESIAN_POINT('',(-1.23672591069253,-1.25786004710188,-1.79155480942788));
#5687=CARTESIAN_POINT('Origin',(-1.2275199082891,-1.2800241965272,-1.79155480942789));
#5688=CARTESIAN_POINT('Origin',(-1.18691062426377,-1.61763571283776,-1.79155480942806));
#5689=CARTESIAN_POINT('',(-1.83073710669664,-1.1907672439013,-1.79155480942784));
#5690=CARTESIAN_POINT('',(-1.85883606495008,-1.19095736789873,-1.79155480942784));
#5691=CARTESIAN_POINT('Origin',(-1.84465493339954,-1.21031958646857,-1.79155480942785));
#5692=CARTESIAN_POINT('',(-1.79711420629833,-1.21470083136697,-1.79155480942786));
#5693=CARTESIAN_POINT('',(-2.16158605092684,-0.95526102490017,-1.79155480942772));
#5694=CARTESIAN_POINT('',(-1.75275055633342,-1.18954399210232,-1.79155480942784));
#5695=CARTESIAN_POINT('',(-1.82723423817031,-1.23178068843575,-1.79155480942786));
#5696=CARTESIAN_POINT('',(-1.75602874842923,-1.14840314261236,-1.79155480942782));
#5697=CARTESIAN_POINT('',(-1.78424943331811,-0.794237518516006,-1.79155480942764));
#5698=CARTESIAN_POINT('',(-1.74144051940542,-1.12438708182003,-1.79155480942781));
#5699=CARTESIAN_POINT('Origin',(-1.7321045784972,-1.14649681287582,-1.79155480942782));
#5700=CARTESIAN_POINT('Origin',(-1.57170458176594,-1.56051111341218,-1.79155480942803));
#5701=CARTESIAN_POINT('Origin',(-1.18691062426377,-1.61763571283776,-1.79155480942806));
#5702=CARTESIAN_POINT('',(-1.95873094858079,-1.32809130056708,-1.79155480942791));
#5703=CARTESIAN_POINT('',(-1.98432329386123,-1.33969386343526,-1.79155480942792));
#5704=CARTESIAN_POINT('Origin',(-1.9634928617654,-1.35161414441773,-1.79155480942793));
#5705=CARTESIAN_POINT('',(-1.91828023362659,-1.33628005504295,-1.79155480942792));
#5706=CARTESIAN_POINT('',(-2.15816923455101,-1.28771744910986,-1.79155480942789));
#5707=CARTESIAN_POINT('',(-1.88798423106961,-1.29525381674277,-1.7915548094279));
#5708=CARTESIAN_POINT('',(-1.720846697609,-1.0689195251555,-1.79155480942778));
#5709=CARTESIAN_POINT('',(-1.90771249958284,-1.25900314141607,-1.79155480942788));
#5710=CARTESIAN_POINT('',(-2.12896222985561,-0.852456964651476,-1.79155480942767));
#5711=CARTESIAN_POINT('',(-1.90415370116966,-1.23112981086719,-1.79155480942786));
#5712=CARTESIAN_POINT('Origin',(-1.88663205697121,-1.24753078597795,-1.79155480942787));
#5713=CARTESIAN_POINT('Origin',(-1.57170458176594,-1.56051111341218,-1.79155480942803));
#5714=CARTESIAN_POINT('Origin',(-1.18691062426377,-1.61763571283776,-1.79155480942806));
#5715=CARTESIAN_POINT('',(-2.01980441561849,-1.50560285434149,-1.79155480942801));
#5716=CARTESIAN_POINT('',(-2.03846499892899,-1.52661166756653,-1.79155480942802));
#5717=CARTESIAN_POINT('Origin',(-2.01458703723457,-1.52902888607542,-1.79155480942802));
#5718=CARTESIAN_POINT('',(-1.97952018220719,-1.49663086578619,-1.791554809428));
#5719=CARTESIAN_POINT('',(-1.91449587740612,-1.48214883971571,-1.79155480942799));
#5720=CARTESIAN_POINT('',(-1.96853028113078,-1.44682903776424,-1.79155480942798));
#5721=CARTESIAN_POINT('',(-1.84025386418373,-0.865531716555507,-1.79155480942768));
#5722=CARTESIAN_POINT('',(-2.00129742920981,-1.42173660769183,-1.79155480942796));
#5723=CARTESIAN_POINT('',(-2.33222958766341,-1.16831534488667,-1.79155480942783));
#5724=CARTESIAN_POINT('',(-2.00938340998358,-1.39482555945959,-1.79155480942795));
#5725=CARTESIAN_POINT('Origin',(-1.98670571395593,-1.40268190103047,-1.79155480942795));
#5726=CARTESIAN_POINT('Origin',(-1.57170458176594,-1.56051111341218,-1.79155480942803));
#5727=CARTESIAN_POINT('Origin',(-1.18691062426377,-1.61763571283776,-1.79155480942806));
#5728=CARTESIAN_POINT('',(-2.00339735052389,-1.69260854493509,-1.7915548094281));
#5729=CARTESIAN_POINT('',(-2.01189958748177,-1.71939099382939,-1.79155480942812));
#5730=CARTESIAN_POINT('Origin',(-1.98910281269241,-1.71188719084668,-1.79155480942811));
#5731=CARTESIAN_POINT('',(-1.97024510858308,-1.66802715167779,-1.79155480942809));
#5732=CARTESIAN_POINT('',(-1.62250753761093,-1.41019017046635,-1.79155480942796));
#5733=CARTESIAN_POINT('',(-1.98046156272347,-1.61806092243449,-1.79155480942806));
#5734=CARTESIAN_POINT('',(-2.14109398806467,-0.832446219112032,-1.79155480942766));
#5735=CARTESIAN_POINT('',(-2.02060185278524,-1.60846544673345,-1.79155480942806));
#5736=CARTESIAN_POINT('',(-2.2395841426526,-1.55611806114787,-1.79155480942803));
#5737=CARTESIAN_POINT('',(-2.03893447321191,-1.58716984552967,-1.79155480942805));
#5738=CARTESIAN_POINT('Origin',(-2.01502190501807,-1.58512312073717,-1.79155480942805));
#5739=CARTESIAN_POINT('Origin',(-1.57170458176594,-1.56051111341218,-1.79155480942803));
#5740=CARTESIAN_POINT('Origin',(-1.18691062426377,-1.61763571283776,-1.79155480942806));
#5741=CARTESIAN_POINT('',(-1.91234668390536,-1.8567733895509,-1.79155480942819));
#5742=CARTESIAN_POINT('',(-1.90922046050141,-1.88469854540171,-1.7915548094282));
#5743=CARTESIAN_POINT('Origin',(-1.89144664207918,-1.86857119662103,-1.79155480942819));
#5744=CARTESIAN_POINT('',(-1.89205875724527,-1.82083293780072,-1.79155480942817));
#5745=CARTESIAN_POINT('',(-1.50334297096333,-1.13221545630689,-1.79155480942781));
#5746=CARTESIAN_POINT('',(-1.92171504886801,-1.77934192230117,-1.79155480942815));
#5747=CARTESIAN_POINT('',(-2.42493870718462,-1.07530040313345,-1.79155480942778));
#5748=CARTESIAN_POINT('',(-1.96228786009775,-1.78690254589239,-1.79155480942815));
#5749=CARTESIAN_POINT('',(-1.88461536029667,-1.7724285048638,-1.79155480942814));
#5750=CARTESIAN_POINT('',(-1.98769724355787,-1.77490459464192,-1.79155480942814));
#5751=CARTESIAN_POINT('Origin',(-1.96668450347848,-1.76330870078432,-1.79155480942814));
#5752=CARTESIAN_POINT('Origin',(-1.57170458176594,-1.56051111341218,-1.79155480942803));
#5753=CARTESIAN_POINT('Origin',(-1.18691062426377,-1.61763571283776,-1.79155480942806));
#5754=CARTESIAN_POINT('',(-1.76239590319057,-1.96971179516403,-1.79155480942824));
#5755=CARTESIAN_POINT('',(-1.74818177185219,-1.99395114483268,-1.79155480942826));
#5756=CARTESIAN_POINT('Origin',(-1.73850416447237,-1.97198881537058,-1.79155480942825));
#5757=CARTESIAN_POINT('',(-1.75848025864076,-1.92862671553734,-1.79155480942822));
#5758=CARTESIAN_POINT('',(-1.6561746340539,-0.855180267847895,-1.79155480942767));
#5759=CARTESIAN_POINT('',(-1.80244854550533,-1.90278508729546,-1.79155480942821));
#5760=CARTESIAN_POINT('',(-2.47048853545459,-1.51015571048683,-1.79155480942801));
#5761=CARTESIAN_POINT('',(-1.836438470249,-1.92619450967389,-1.79155480942822));
#5762=CARTESIAN_POINT('',(-1.4715347116077,-1.67487926617369,-1.79155480942809));
#5763=CARTESIAN_POINT('',(-1.8645311035059,-1.92556876313921,-1.79155480942822));
#5764=CARTESIAN_POINT('Origin',(-1.85005148519485,-1.90642873561657,-1.79155480942821));
#5765=CARTESIAN_POINT('Origin',(-1.57170458176594,-1.56051111341218,-1.79155480942803));
#5766=CARTESIAN_POINT('Origin',(-1.18691062426377,-1.61763571283776,-1.79155480942806));
#5767=CARTESIAN_POINT('',(-1.5794728606252,-2.01189568543078,-1.79155480942827));
#5768=CARTESIAN_POINT('',(-1.55662857379212,-2.02825802515197,-1.79155480942827));
#5769=CARTESIAN_POINT('Origin',(-1.55672052368897,-2.00425820129394,-1.79155480942826));
#5770=CARTESIAN_POINT('',(-1.59260654870084,-1.97276996144127,-1.79155480942825));
#5771=CARTESIAN_POINT('',(-1.98906949134984,-0.791692751687215,-1.79155480942764));
#5772=CARTESIAN_POINT('',(-1.64328431456901,-1.9670459727439,-1.79155480942824));
#5773=CARTESIAN_POINT('',(-2.18580231120065,-1.90576926040978,-1.79155480942821));
#5774=CARTESIAN_POINT('',(-1.66481418604965,-2.00225649211239,-1.79155480942826));
#5775=CARTESIAN_POINT('',(-1.24534676152599,-1.31624840846385,-1.79155480942791));
#5776=CARTESIAN_POINT('',(-1.69073259759966,-2.01311114755406,-1.79155480942827));
#5777=CARTESIAN_POINT('Origin',(-1.68528975860612,-1.98973647100675,-1.79155480942826));
#5778=CARTESIAN_POINT('Origin',(-1.57170458176594,-1.56051111341218,-1.79155480942803));
#5779=CARTESIAN_POINT('Origin',(-1.18691062426377,-1.61763571283776,-1.79155480942806));
#5780=CARTESIAN_POINT('',(-1.39520661207247,-1.97603108249542,-1.79155480942825));
#5781=CARTESIAN_POINT('',(-1.36768215447196,-1.98168721508417,-1.79155480942825));
#5782=CARTESIAN_POINT('Origin',(-1.37752776267298,-1.95979968440682,-1.79155480942824));
#5783=CARTESIAN_POINT('',(-1.42311869878947,-1.9456299072669,-1.79155480942823));
#5784=CARTESIAN_POINT('',(-2.27823362973837,-1.01425923907323,-1.79155480942775));
#5785=CARTESIAN_POINT('',(-1.47174329754958,-1.96101328776062,-1.79155480942824));
#5786=CARTESIAN_POINT('',(-1.67982385123573,-2.02684380178686,-1.79155480942827));
#5787=CARTESIAN_POINT('',(-1.47709040539545,-2.00193668544284,-1.79155480942826));
#5788=CARTESIAN_POINT('',(-1.33462158567445,-0.911570017179833,-1.7915548094277));
#5789=CARTESIAN_POINT('',(-1.49635306642017,-2.02239487432356,-1.79155480942827));
#5790=CARTESIAN_POINT('Origin',(-1.5008881230528,-1.99882724267887,-1.79155480942826));
#5791=CARTESIAN_POINT('Origin',(-1.57170458176594,-1.56051111341218,-1.79155480942803));
#5792=CARTESIAN_POINT('Origin',(-1.18691062426377,-1.61763571283776,-1.79155480942806));
#5793=CARTESIAN_POINT('',(-1.24145846591345,-1.86831930202514,-1.79155480942819));
#5794=CARTESIAN_POINT('',(-1.21401306630678,-1.86229123076165,-1.79155480942819));
#5795=CARTESIAN_POINT('Origin',(-1.23190993771919,-1.84630054617193,-1.79155480942818));
#5796=CARTESIAN_POINT('',(-1.2793226979051,-1.85189931494065,-1.79155480942818));
#5797=CARTESIAN_POINT('',(-2.31671132657487,-1.40203127356294,-1.79155480942795));
#5798=CARTESIAN_POINT('',(-1.31748649469092,-1.88573013838448,-1.7915548094282));
#5799=CARTESIAN_POINT('',(-1.20402620825362,-1.78515170432857,-1.79155480942815));
#5800=CARTESIAN_POINT('',(-1.30572627537852,-1.92529038714376,-1.79155480942822));
#5801=CARTESIAN_POINT('',(-1.67006460216217,-0.699691233144926,-1.79155480942759));
#5802=CARTESIAN_POINT('',(-1.31500249679909,-1.95181470275487,-1.79155480942824));
#5803=CARTESIAN_POINT('Origin',(-1.3287312965583,-1.93212917362375,-1.79155480942822));
#5804=CARTESIAN_POINT('Origin',(-1.57170458176594,-1.56051111341218,-1.79155480942803));
#5805=CARTESIAN_POINT('Origin',(-1.18691062426377,-1.61763571283776,-1.79155480942806));
#5806=CARTESIAN_POINT('',(-1.14481287337711,-1.70738468939408,-1.79155480942811));
#5807=CARTESIAN_POINT('',(-1.12219209070762,-1.69071472258292,-1.7915548094281));
#5808=CARTESIAN_POINT('Origin',(-1.14504569365851,-1.68338581869739,-1.7915548094281));
#5809=CARTESIAN_POINT('',(-1.18608218094629,-1.70778505539143,-1.79155480942811));
#5810=CARTESIAN_POINT('',(-2.05403385508457,-1.71620531630996,-1.79155480942811));
#5811=CARTESIAN_POINT('',(-1.20718630858635,-1.75421366506853,-1.79155480942813));
#5812=CARTESIAN_POINT('',(-1.00041460581152,-1.29932053495957,-1.7915548094279));
#5813=CARTESIAN_POINT('',(-1.18035221087303,-1.78557043850083,-1.79155480942815));
#5814=CARTESIAN_POINT('',(-2.03213826366886,-0.790222558513546,-1.79155480942764));
#5815=CARTESIAN_POINT('',(-1.17803804971924,-1.81357458569703,-1.79155480942816));
#5816=CARTESIAN_POINT('Origin',(-1.19858675841921,-1.80117496591396,-1.79155480942816));
#5817=CARTESIAN_POINT('Origin',(-1.57170458176594,-1.56051111341218,-1.79155480942803));
#5818=CARTESIAN_POINT('Origin',(-1.18691062426377,-1.61763571283776,-1.79155480942806));
#5819=CARTESIAN_POINT('',(-1.12198073541061,-1.52105430117121,-1.79155480942801));
#5820=CARTESIAN_POINT('',(-1.10809590849554,-1.49662482750512,-1.791554809428));
#5821=CARTESIAN_POINT('Origin',(-1.13195464742592,-1.49922493839739,-1.791554809428));
#5822=CARTESIAN_POINT('',(-1.15951928035874,-1.53820579333222,-1.79155480942802));
#5823=CARTESIAN_POINT('',(-1.63394045676079,-1.75497048411407,-1.79155480942813));
#5824=CARTESIAN_POINT('',(-1.15991464345908,-1.58920426083876,-1.79155480942805));
#5825=CARTESIAN_POINT('',(-1.15397836811664,-0.823475377939558,-1.79155480942765));
#5826=CARTESIAN_POINT('',(-1.1226465266196,-1.60693568795028,-1.79155480942806));
#5827=CARTESIAN_POINT('',(-2.19591699681573,-1.09629499217246,-1.79155480942779));
#5828=CARTESIAN_POINT('',(-1.10914212238652,-1.6315774952773,-1.79155480942807));
#5829=CARTESIAN_POINT('Origin',(-1.13295768160578,-1.62860779174415,-1.79155480942807));
#5830=CARTESIAN_POINT('',(-1.10878805939551,-1.62923340073589,-1.79155480942807));
#5831=CARTESIAN_POINT('Origin',(-1.57170458176594,-1.56051111341218,-1.79155480942803));
#5832=CARTESIAN_POINT('Origin',(-1.57170458176594,-1.56051111341218,-1.79155480942803));
#5833=CARTESIAN_POINT('Origin',(-1.18691062426377,-1.61763571283776,-1.79155480942806));
#5834=CARTESIAN_POINT('',(-1.17690993609184,-1.34154635423868,-1.79155480942792));
#5835=CARTESIAN_POINT('',(-1.17416187764484,-1.31358145164868,-1.79155480942791));
#5836=CARTESIAN_POINT('Origin',(-1.19490035984345,-1.32566099452486,-1.79155480942791));
#5837=CARTESIAN_POINT('',(-1.2042269629704,-1.37248332375232,-1.79155480942794));
#5838=CARTESIAN_POINT('',(-1.30446241584069,-1.48600157606507,-1.791554809428));
#5839=CARTESIAN_POINT('',(-1.18384519965921,-1.41923355074988,-1.79155480942796));
#5840=CARTESIAN_POINT('',(-1.5450521329319,-0.590722991296868,-1.79155480942753));
#5841=CARTESIAN_POINT('',(-1.14258705966533,-1.42027370670808,-1.79155480942796));
#5842=CARTESIAN_POINT('',(-2.07739215035994,-1.39670640374682,-1.79155480942795));
#5843=CARTESIAN_POINT('',(-1.12022744652852,-1.43729238181528,-1.79155480942797));
#5844=CARTESIAN_POINT('Origin',(-1.1431919297205,-1.44426608325184,-1.79155480942797));
#5845=CARTESIAN_POINT('Origin',(-1.57170458176594,-1.56051111341218,-1.79155480942803));
#5846=CARTESIAN_POINT('Origin',(-1.18691062426377,-1.61763571283776,-1.79155480942806));
#5847=CARTESIAN_POINT('Origin',(-1.57170458176594,-1.56051111341218,-1.79155480942803));
#5848=CARTESIAN_POINT('',(-1.41716568788341,-1.17774227941763,-1.79155480942784));
#5849=CARTESIAN_POINT('Origin',(-1.54984248340014,-1.11704967353827,-1.79155886760269));
#5850=CARTESIAN_POINT('Origin',(-1.57170458176594,-1.56051111341239,-1.39155480942803));
#5851=CARTESIAN_POINT('Origin',(-1.57170458176594,-1.56051111341218,-1.79155480942803));
#5852=CARTESIAN_POINT('Origin',(-1.67862140956014,-1.12957632491811,-1.7915588676027));
#5853=CARTESIAN_POINT('',(-1.68439824303792,-1.10629244562357,-1.7915548094278));
#5854=CARTESIAN_POINT('',(-1.68439824303792,-1.10629244562378,-1.3915548094278));
#5855=CARTESIAN_POINT('',(-1.68440069754901,-1.10628255256708,-1.79155886760269));
#5856=CARTESIAN_POINT('Origin',(-1.57170458176594,-1.56051111341239,-1.39155480942803));
#5857=CARTESIAN_POINT('',(-1.65795418801536,-1.11737526129156,-1.79155886760269));
#5858=CARTESIAN_POINT('Origin',(-1.57170458176594,-1.56051111341218,-1.79155480942803));
#5859=CARTESIAN_POINT('Origin',(-1.63697280710626,-1.1529153470444,-1.79155886760271));
#5860=CARTESIAN_POINT('',(-1.63697280710626,-1.1529153470444,-1.79155886760271));
#5861=CARTESIAN_POINT('Origin',(-1.58621238784347,-1.14797775286684,-1.79155886760271));
#5862=CARTESIAN_POINT('Origin',(-1.75602874842922,-1.14840314261236,-1.79155886760271));
#5863=CARTESIAN_POINT('',(-1.75275055633342,-1.18954399210232,-1.79155886760273));
#5864=CARTESIAN_POINT('',(-1.75602874842923,-1.14840314261236,-1.79155886760271));
#5865=CARTESIAN_POINT('Origin',(-1.7321045784972,-1.14649681287582,-1.79155886760271));
#5866=CARTESIAN_POINT('',(-1.74077116625584,-1.12412716610513,-1.39155480942781));
#5867=CARTESIAN_POINT('Origin',(-1.57170458176594,-1.56051111341239,-1.39155480942803));
#5868=CARTESIAN_POINT('',(-1.74077116625584,-1.12412716610493,-1.79155480942781));
#5869=CARTESIAN_POINT('',(-1.74077484859079,-1.12411766149546,-1.7915588676027));
#5870=CARTESIAN_POINT('Origin',(-1.57170458176594,-1.56051111341218,-1.79155480942803));
#5871=CARTESIAN_POINT('Origin',(-1.84465493339954,-1.21031958646857,-1.79155886760274));
#5872=CARTESIAN_POINT('',(-1.85940274028477,-1.19139835415911,-1.79155480942784));
#5873=CARTESIAN_POINT('',(-1.85940274028477,-1.19139835415932,-1.39155480942784));
#5874=CARTESIAN_POINT('',(-1.85940900646082,-1.19139031474189,-1.79155886760273));
#5875=CARTESIAN_POINT('Origin',(-1.57170458176594,-1.56051111341239,-1.39155480942803));
#5876=CARTESIAN_POINT('',(-1.83073710669664,-1.1907672439013,-1.79155886760273));
#5877=CARTESIAN_POINT('Origin',(-1.57170458176594,-1.56051111341218,-1.79155480942803));
#5878=CARTESIAN_POINT('Origin',(-1.79711420629833,-1.21470083136697,-1.79155886760274));
#5879=CARTESIAN_POINT('',(-1.79711420629833,-1.21470083136697,-1.79155886760274));
#5880=CARTESIAN_POINT('Origin',(-1.75275055633342,-1.18954399210232,-1.79155886760273));
#5881=CARTESIAN_POINT('Origin',(-1.90771249958284,-1.25900314141606,-1.79155886760277));
#5882=CARTESIAN_POINT('',(-1.88798423106961,-1.29525381674277,-1.79155886760279));
#5883=CARTESIAN_POINT('',(-1.90771249958284,-1.25900314141607,-1.79155886760277));
#5884=CARTESIAN_POINT('Origin',(-1.88663205697121,-1.24753078597795,-1.79155886760276));
#5885=CARTESIAN_POINT('',(-1.90364793388576,-1.2306201155934,-1.39155480942786));
#5886=CARTESIAN_POINT('Origin',(-1.57170458176594,-1.56051111341239,-1.39155480942803));
#5887=CARTESIAN_POINT('',(-1.90364793388576,-1.23062011559321,-1.79155480942786));
#5888=CARTESIAN_POINT('',(-1.90365516373907,-1.23061293044096,-1.79155886760275));
#5889=CARTESIAN_POINT('Origin',(-1.57170458176594,-1.56051111341218,-1.79155480942803));
#5890=CARTESIAN_POINT('Origin',(-1.9634928617654,-1.35161414441773,-1.79155886760281));
#5891=CARTESIAN_POINT('',(-1.984661612268,-1.34032721205365,-1.79155480942792));
#5892=CARTESIAN_POINT('',(-1.984661612268,-1.34032721205386,-1.39155480942792));
#5893=CARTESIAN_POINT('',(-1.98467060663023,-1.34032241636398,-1.79155886760281));
#5894=CARTESIAN_POINT('Origin',(-1.57170458176594,-1.56051111341239,-1.39155480942803));
#5895=CARTESIAN_POINT('',(-1.95873094858079,-1.32809130056708,-1.7915588676028));
#5896=CARTESIAN_POINT('Origin',(-1.57170458176594,-1.56051111341218,-1.79155480942803));
#5897=CARTESIAN_POINT('Origin',(-1.91828023362659,-1.33628005504295,-1.79155886760281));
#5898=CARTESIAN_POINT('',(-1.91828023362659,-1.33628005504295,-1.79155886760281));
#5899=CARTESIAN_POINT('Origin',(-1.88798423106961,-1.29525381674277,-1.79155886760279));
#5900=CARTESIAN_POINT('Origin',(-2.00129742920981,-1.42173660769183,-1.79155886760285));
#5901=CARTESIAN_POINT('',(-1.96853028113078,-1.44682903776424,-1.79155886760286));
#5902=CARTESIAN_POINT('',(-2.00129742920981,-1.42173660769183,-1.79155886760285));
#5903=CARTESIAN_POINT('Origin',(-1.98670571395593,-1.40268190103047,-1.79155886760284));
#5904=CARTESIAN_POINT('',(-2.00912868032348,-1.39415421557021,-1.39155480942795));
#5905=CARTESIAN_POINT('Origin',(-1.57170458176594,-1.56051111341239,-1.39155480942803));
#5906=CARTESIAN_POINT('',(-2.00912868032347,-1.39415421557001,-1.79155480942795));
#5907=CARTESIAN_POINT('',(-2.00913820758783,-1.39415059225308,-1.79155886760284));
#5908=CARTESIAN_POINT('Origin',(-1.57170458176594,-1.56051111341218,-1.79155480942803));
#5909=CARTESIAN_POINT('Origin',(-2.01458703723457,-1.52902888607542,-1.79155886760291));
#5910=CARTESIAN_POINT('',(-2.03851646208058,-1.52732786680103,-1.79155480942802));
#5911=CARTESIAN_POINT('',(-2.03851646208058,-1.52732786680123,-1.39155480942802));
#5912=CARTESIAN_POINT('',(-2.03852662942206,-1.52732714405721,-1.79155886760291));
#5913=CARTESIAN_POINT('Origin',(-1.57170458176594,-1.56051111341239,-1.39155480942803));
#5914=CARTESIAN_POINT('',(-2.01980441561849,-1.50560285434149,-1.79155886760289));
#5915=CARTESIAN_POINT('Origin',(-1.57170458176594,-1.56051111341218,-1.79155480942803));
#5916=CARTESIAN_POINT('Origin',(-1.97952018220719,-1.49663086578619,-1.79155886760289));
#5917=CARTESIAN_POINT('',(-1.97952018220719,-1.49663086578619,-1.79155886760289));
#5918=CARTESIAN_POINT('Origin',(-1.96853028113078,-1.44682903776424,-1.79155886760286));
#5919=CARTESIAN_POINT('Origin',(-2.02060185278524,-1.60846544673345,-1.79155886760295));
#5920=CARTESIAN_POINT('',(-1.98046156272347,-1.61806092243449,-1.79155886760295));
#5921=CARTESIAN_POINT('',(-2.02060185278524,-1.60846544673345,-1.79155886760295));
#5922=CARTESIAN_POINT('Origin',(-2.01502190501807,-1.58512312073717,-1.79155886760293));
#5923=CARTESIAN_POINT('',(-2.03897482624742,-1.58645293448891,-1.39155480942805));
#5924=CARTESIAN_POINT('Origin',(-1.57170458176594,-1.56051111341239,-1.39155480942803));
#5925=CARTESIAN_POINT('',(-2.03897482624741,-1.5864529344887,-1.79155480942805));
#5926=CARTESIAN_POINT('',(-2.03898500357226,-1.5864534995115,-1.79155886760294));
#5927=CARTESIAN_POINT('Origin',(-1.57170458176594,-1.56051111341218,-1.79155480942803));
#5928=CARTESIAN_POINT('Origin',(-1.98910281269241,-1.71188719084668,-1.791558867603));
#5929=CARTESIAN_POINT('',(-2.01165529693395,-1.72006620634781,-1.79155480942812));
#5930=CARTESIAN_POINT('',(-2.01165529693395,-1.72006620634801,-1.39155480942812));
#5931=CARTESIAN_POINT('',(-2.01166487922897,-1.72006968151882,-1.791558867603));
#5932=CARTESIAN_POINT('Origin',(-1.57170458176594,-1.56051111341239,-1.39155480942803));
#5933=CARTESIAN_POINT('',(-2.00339735052389,-1.69260854493509,-1.79155886760299));
#5934=CARTESIAN_POINT('Origin',(-1.57170458176594,-1.56051111341218,-1.79155480942803));
#5935=CARTESIAN_POINT('Origin',(-1.97024510858308,-1.66802715167779,-1.79155886760298));
#5936=CARTESIAN_POINT('',(-1.97024510858308,-1.66802715167779,-1.79155886760298));
#5937=CARTESIAN_POINT('Origin',(-1.98046156272347,-1.61806092243449,-1.79155886760295));
#5938=CARTESIAN_POINT('Origin',(-1.96228786009775,-1.78690254589238,-1.79155886760304));
#5939=CARTESIAN_POINT('',(-1.92171504886801,-1.77934192230117,-1.79155886760303));
#5940=CARTESIAN_POINT('',(-1.96228786009775,-1.78690254589239,-1.79155886760304));
#5941=CARTESIAN_POINT('Origin',(-1.96668450347848,-1.76330870078432,-1.79155886760303));
#5942=CARTESIAN_POINT('',(-1.98802570188361,-1.77426607686943,-1.39155480942814));
#5943=CARTESIAN_POINT('Origin',(-1.57170458176594,-1.56051111341239,-1.39155480942803));
#5944=CARTESIAN_POINT('',(-1.9880257018836,-1.77426607686921,-1.79155480942814));
#5945=CARTESIAN_POINT('',(-1.98803476951701,-1.77427073253417,-1.79155886760303));
#5946=CARTESIAN_POINT('Origin',(-1.57170458176594,-1.56051111341218,-1.79155480942803));
#5947=CARTESIAN_POINT('Origin',(-1.89144664207918,-1.86857119662103,-1.79155886760308));
#5948=CARTESIAN_POINT('',(-1.90872265630801,-1.8852160208135,-1.7915548094282));
#5949=CARTESIAN_POINT('',(-1.90872265630801,-1.8852160208137,-1.3915548094282));
#5950=CARTESIAN_POINT('',(-1.90872999669071,-1.8852230930107,-1.79155886760309));
#5951=CARTESIAN_POINT('Origin',(-1.57170458176594,-1.56051111341239,-1.39155480942803));
#5952=CARTESIAN_POINT('',(-1.91234668390536,-1.8567733895509,-1.79155886760307));
#5953=CARTESIAN_POINT('Origin',(-1.57170458176594,-1.56051111341218,-1.79155480942803));
#5954=CARTESIAN_POINT('Origin',(-1.89205875724527,-1.82083293780072,-1.79155886760306));
#5955=CARTESIAN_POINT('',(-1.89205875724527,-1.82083293780072,-1.79155886760306));
#5956=CARTESIAN_POINT('Origin',(-1.92171504886801,-1.77934192230117,-1.79155886760303));
#5957=CARTESIAN_POINT('Origin',(-1.836438470249,-1.92619450967389,-1.79155886760311));
#5958=CARTESIAN_POINT('',(-1.80244854550533,-1.90278508729546,-1.7915588676031));
#5959=CARTESIAN_POINT('',(-1.836438470249,-1.92619450967389,-1.79155886760311));
#5960=CARTESIAN_POINT('Origin',(-1.85005148519485,-1.90642873561657,-1.7915588676031));
#5961=CARTESIAN_POINT('',(-1.86509087369281,-1.92511904416534,-1.39155480942822));
#5962=CARTESIAN_POINT('Origin',(-1.57170458176594,-1.56051111341239,-1.39155480942803));
#5963=CARTESIAN_POINT('',(-1.8650908736928,-1.92511904416513,-1.79155480942822));
#5964=CARTESIAN_POINT('',(-1.86509726375858,-1.92512698546547,-1.79155886760311));
#5965=CARTESIAN_POINT('Origin',(-1.57170458176594,-1.56051111341218,-1.79155480942803));
#5966=CARTESIAN_POINT('Origin',(-1.73850416447237,-1.97198881537058,-1.79155886760313));
#5967=CARTESIAN_POINT('',(-1.74751652888065,-1.99422140693803,-1.79155480942826));
#5968=CARTESIAN_POINT('',(-1.74751652888065,-1.99422140693823,-1.39155480942826));
#5969=CARTESIAN_POINT('',(-1.74752035813217,-1.99423085331427,-1.79155886760315));
#5970=CARTESIAN_POINT('Origin',(-1.57170458176594,-1.56051111341239,-1.39155480942803));
#5971=CARTESIAN_POINT('',(-1.76239590319057,-1.96971179516403,-1.79155886760313));
#5972=CARTESIAN_POINT('Origin',(-1.57170458176594,-1.56051111341218,-1.79155480942803));
#5973=CARTESIAN_POINT('Origin',(-1.75848025864076,-1.92862671553734,-1.79155886760311));
#5974=CARTESIAN_POINT('',(-1.75848025864076,-1.92862671553734,-1.79155886760311));
#5975=CARTESIAN_POINT('Origin',(-1.80244854550533,-1.90278508729546,-1.7915588676031));
#5976=CARTESIAN_POINT('Origin',(-1.66481418604966,-2.00225649211238,-1.79155886760315));
#5977=CARTESIAN_POINT('',(-1.64328431456901,-1.9670459727439,-1.79155886760313));
#5978=CARTESIAN_POINT('',(-1.66481418604965,-2.00225649211239,-1.79155886760315));
#5979=CARTESIAN_POINT('Origin',(-1.68528975860612,-1.98973647100675,-1.79155886760314));
#5980=CARTESIAN_POINT('',(-1.69142689029707,-2.01292798787501,-1.39155480942827));
#5981=CARTESIAN_POINT('Origin',(-1.57170458176594,-1.56051111341239,-1.39155480942803));
#5982=CARTESIAN_POINT('',(-1.69142689029706,-2.01292798787479,-1.79155480942827));
#5983=CARTESIAN_POINT('',(-1.69142949789479,-2.01293784168755,-1.79155886760315));
#5984=CARTESIAN_POINT('Origin',(-1.57170458176594,-1.56051111341218,-1.79155480942803));
#5985=CARTESIAN_POINT('Origin',(-1.55672052368897,-2.00425820129394,-1.79155886760315));
#5986=CARTESIAN_POINT('',(-1.55591091859576,-2.02823434317761,-1.79155480942827));
#5987=CARTESIAN_POINT('',(-1.55591091859576,-2.02823434317782,-1.39155480942827));
#5988=CARTESIAN_POINT('',(-1.55591057460373,-2.02824453036863,-1.79155886760316));
#5989=CARTESIAN_POINT('Origin',(-1.57170458176594,-1.56051111341239,-1.39155480942803));
#5990=CARTESIAN_POINT('',(-1.5794728606252,-2.01189568543078,-1.79155886760315));
#5991=CARTESIAN_POINT('Origin',(-1.57170458176594,-1.56051111341218,-1.79155480942803));
#5992=CARTESIAN_POINT('Origin',(-1.59260654870084,-1.97276996144127,-1.79155886760313));
#5993=CARTESIAN_POINT('',(-1.59260654870084,-1.97276996144127,-1.79155886760313));
#5994=CARTESIAN_POINT('Origin',(-1.64328431456901,-1.9670459727439,-1.79155886760313));
#5995=CARTESIAN_POINT('Origin',(-1.47709040539546,-2.00193668544284,-1.79155886760315));
#5996=CARTESIAN_POINT('',(-1.47174329754958,-1.96101328776062,-1.79155886760313));
#5997=CARTESIAN_POINT('',(-1.47709040539545,-2.00193668544284,-1.79155886760315));
#5998=CARTESIAN_POINT('Origin',(-1.37752776267298,-1.95979968440682,-1.79155886760313));
#5999=CARTESIAN_POINT('',(-1.36703617615393,-1.98137368385861,-1.79155480942825));
#6000=CARTESIAN_POINT('',(-1.36703617615392,-1.98137368385882,-1.39155480942825));
#6001=CARTESIAN_POINT('',(-1.36703171839769,-1.98138285040653,-1.79155886760314));
#6002=CARTESIAN_POINT('Origin',(-1.57170458176594,-1.56051111341239,-1.39155480942803));
#6003=CARTESIAN_POINT('',(-1.39520661207247,-1.97603108249542,-1.79155886760314));
#6004=CARTESIAN_POINT('Origin',(-1.57170458176594,-1.56051111341218,-1.79155480942803));
#6005=CARTESIAN_POINT('Origin',(-1.42311869878947,-1.9456299072669,-1.79155886760312));
#6006=CARTESIAN_POINT('',(-1.42311869878947,-1.9456299072669,-1.79155886760312));
#6007=CARTESIAN_POINT('Origin',(-1.47174329754958,-1.96101328776062,-1.79155886760313));
#6008=CARTESIAN_POINT('Origin',(-1.30572627537853,-1.92529038714376,-1.79155886760311));
#6009=CARTESIAN_POINT('',(-1.31748649469092,-1.88573013838448,-1.79155886760309));
#6010=CARTESIAN_POINT('',(-1.30572627537852,-1.92529038714376,-1.79155886760311));
#6011=CARTESIAN_POINT('Origin',(-1.23190993771919,-1.84630054617193,-1.79155886760307));
#6012=CARTESIAN_POINT('',(-1.2135504603965,-1.861742062693,-1.79155480942819));
#6013=CARTESIAN_POINT('',(-1.2135504603965,-1.8617420626932,-1.39155480942819));
#6014=CARTESIAN_POINT('',(-1.21354265966261,-1.8617486236184,-1.79155886760308));
#6015=CARTESIAN_POINT('Origin',(-1.57170458176594,-1.56051111341239,-1.39155480942803));
#6016=CARTESIAN_POINT('',(-1.24145846591345,-1.86831930202514,-1.79155886760308));
#6017=CARTESIAN_POINT('Origin',(-1.57170458176594,-1.56051111341218,-1.79155480942803));
#6018=CARTESIAN_POINT('Origin',(-1.2793226979051,-1.85189931494065,-1.79155886760307));
#6019=CARTESIAN_POINT('',(-1.2793226979051,-1.85189931494065,-1.79155886760307));
#6020=CARTESIAN_POINT('Origin',(-1.31748649469092,-1.88573013838448,-1.79155886760309));
#6021=CARTESIAN_POINT('Origin',(-1.18035221087304,-1.78557043850083,-1.79155886760304));
#6022=CARTESIAN_POINT('',(-1.20718630858635,-1.75421366506853,-1.79155886760302));
#6023=CARTESIAN_POINT('',(-1.18035221087303,-1.78557043850083,-1.79155886760304));
#6024=CARTESIAN_POINT('Origin',(-1.14504569365851,-1.68338581869739,-1.79155886760299));
#6025=CARTESIAN_POINT('',(-1.12199284595189,-1.69002487379947,-1.7915548094281));
#6026=CARTESIAN_POINT('',(-1.12199284595189,-1.69002487379967,-1.3915548094281));
#6027=CARTESIAN_POINT('',(-1.12198305105811,-1.69002769465876,-1.79155886760299));
#6028=CARTESIAN_POINT('Origin',(-1.57170458176594,-1.56051111341239,-1.39155480942803));
#6029=CARTESIAN_POINT('',(-1.14481287337711,-1.70738468939408,-1.791558867603));
#6030=CARTESIAN_POINT('Origin',(-1.57170458176594,-1.56051111341218,-1.79155480942803));
#6031=CARTESIAN_POINT('Origin',(-1.18608218094629,-1.70778505539143,-1.791558867603));
#6032=CARTESIAN_POINT('',(-1.18608218094629,-1.70778505539143,-1.791558867603));
#6033=CARTESIAN_POINT('Origin',(-1.20718630858635,-1.75421366506853,-1.79155886760302));
#6034=CARTESIAN_POINT('Origin',(-1.1226465266196,-1.60693568795029,-1.79155886760295));
#6035=CARTESIAN_POINT('',(-1.15991464345908,-1.58920426083876,-1.79155886760294));
#6036=CARTESIAN_POINT('',(-1.1226465266196,-1.60693568795028,-1.79155886760295));
#6037=CARTESIAN_POINT('Origin',(-1.15951928035874,-1.53820579333222,-1.79155886760291));
#6038=CARTESIAN_POINT('',(-1.12198073541061,-1.52105430117121,-1.7915588676029));
#6039=CARTESIAN_POINT('',(-1.15951928035874,-1.53820579333222,-1.79155886760291));
#6040=CARTESIAN_POINT('Origin',(-1.15991464345908,-1.58920426083876,-1.79155886760294));
#6041=CARTESIAN_POINT('Origin',(-1.14258705966533,-1.42027370670809,-1.79155886760285));
#6042=CARTESIAN_POINT('',(-1.18384519965921,-1.41923355074988,-1.79155886760285));
#6043=CARTESIAN_POINT('',(-1.14258705966533,-1.42027370670808,-1.79155886760285));
#6044=CARTESIAN_POINT('Origin',(-1.1431919297205,-1.44426608325184,-1.79155886760286));
#6045=CARTESIAN_POINT('',(-1.120038921115,-1.43798523676875,-1.39155480942797));
#6046=CARTESIAN_POINT('Origin',(-1.57170458176594,-1.56051111341239,-1.39155480942803));
#6047=CARTESIAN_POINT('',(-1.12003892111501,-1.43798523676854,-1.79155480942797));
#6048=CARTESIAN_POINT('',(-1.12002908366397,-1.43798256810803,-1.79155886760286));
#6049=CARTESIAN_POINT('Origin',(-1.57170458176594,-1.56051111341218,-1.79155480942803));
#6050=CARTESIAN_POINT('Origin',(-1.2042269629704,-1.37248332375232,-1.79155886760283));
#6051=CARTESIAN_POINT('',(-1.17690993609184,-1.34154635423868,-1.79155886760281));
#6052=CARTESIAN_POINT('',(-1.2042269629704,-1.37248332375232,-1.79155886760283));
#6053=CARTESIAN_POINT('Origin',(-1.18384519965921,-1.41923355074988,-1.79155886760285));
#6054=CARTESIAN_POINT('Origin',(-1.2275199082891,-1.28002419652719,-1.81342980942789));
#6055=CARTESIAN_POINT('',(-1.23672591069255,-1.25786004710189,-1.79155480942788));
#6056=CARTESIAN_POINT('',(-1.20892323286109,-1.26486918075514,-1.39155480942788));
#6057=CARTESIAN_POINT('Origin',(-1.57170458176594,-1.56051111341239,-1.39155480942803));
#6058=CARTESIAN_POINT('',(-1.20892323286109,-1.26486918075493,-1.79155480942788));
#6059=CARTESIAN_POINT('',(-1.20891533134441,-1.26486274156043,-1.81342980942788));
#6060=CARTESIAN_POINT('Origin',(-1.57170458176594,-1.56051111341218,-1.79155480942803));
#6061=CARTESIAN_POINT('Origin',(-1.57170458176594,-1.56051111341217,-1.81342980942803));
#6062=CARTESIAN_POINT('',(-1.17454121443406,-1.31297178500527,-1.79155480942791));
#6063=CARTESIAN_POINT('',(-1.17454121443406,-1.31297178500548,-1.39155480942791));
#6064=CARTESIAN_POINT('',(-1.17453256406386,-1.31296639350393,-1.79155886760279));
#6065=CARTESIAN_POINT('Origin',(-1.57170458176594,-1.56051111341218,-1.79155480942803));
#6066=CARTESIAN_POINT('Origin',(-1.57170458176594,-1.56051111341239,-1.39155480942803));
#6067=CARTESIAN_POINT('Origin',(-1.23672591069253,-1.25786004710188,-1.79155480942788));
#6068=CARTESIAN_POINT('',(-1.27484016661746,-1.27369101471166,-1.79155480942789));
#6069=CARTESIAN_POINT('Origin',(-1.27484016661745,-1.27369101471169,-1.79155480942789));
#6070=CARTESIAN_POINT('',(-1.31247486430117,-1.23927256718345,-1.79155480942787));
#6071=CARTESIAN_POINT('Origin',(-1.31247486430117,-1.23927256718345,-1.79155480942787));
#6072=CARTESIAN_POINT('',(-1.30010271760688,-1.19989940339986,-1.35405480942785));
#6073=CARTESIAN_POINT('Origin',(-1.57170458176594,-1.56051111341217,-1.81342980942803));
#6074=CARTESIAN_POINT('',(-1.1081944761324,-1.4959135791394,-1.791554809428));
#6075=CARTESIAN_POINT('',(-1.1081944761324,-1.49591357913961,-1.391554809428));
#6076=CARTESIAN_POINT('',(-1.10818438070484,-1.49591217218037,-1.79155886760289));
#6077=CARTESIAN_POINT('Origin',(-1.57170458176594,-1.56051111341218,-1.79155480942803));
#6078=CARTESIAN_POINT('Origin',(-1.57170458176594,-1.56051111341239,-1.39155480942803));
#6079=CARTESIAN_POINT('Origin',(-1.57170458176594,-1.56051111341217,-1.81342980942803));
#6080=CARTESIAN_POINT('',(-1.10925170534918,-1.63228712996648,-1.79155480942807));
#6081=CARTESIAN_POINT('Origin',(-1.57170458176594,-1.56051111341218,-1.79155480942803));
#6082=CARTESIAN_POINT('',(-1.10925170534918,-1.63228712996669,-1.39155480942807));
#6083=CARTESIAN_POINT('',(-1.10924163294846,-1.63228869327561,-1.79155886760296));
#6084=CARTESIAN_POINT('Origin',(-1.57170458176594,-1.56051111341239,-1.39155480942803));
#6085=CARTESIAN_POINT('Origin',(-1.57170458176594,-1.56051111341217,-1.81342980942803));
#6086=CARTESIAN_POINT('',(-1.17842679316831,-1.81417829783754,-1.79155480942816));
#6087=CARTESIAN_POINT('Origin',(-1.57170458176594,-1.56051111341218,-1.79155480942803));
#6088=CARTESIAN_POINT('',(-1.17842679316831,-1.81417829783775,-1.39155480942816));
#6089=CARTESIAN_POINT('',(-1.17841822742748,-1.81418382280595,-1.79155886760305));
#6090=CARTESIAN_POINT('Origin',(-1.57170458176594,-1.56051111341239,-1.39155480942803));
#6091=CARTESIAN_POINT('Origin',(-1.57170458176594,-1.56051111341217,-1.81342980942803));
#6092=CARTESIAN_POINT('',(-1.31560318345251,-1.95220810502744,-1.79155480942824));
#6093=CARTESIAN_POINT('Origin',(-1.57170458176594,-1.56051111341218,-1.79155480942803));
#6094=CARTESIAN_POINT('',(-1.31560318345251,-1.95220810502764,-1.39155480942824));
#6095=CARTESIAN_POINT('',(-1.31559760546599,-1.9522166363379,-1.79155886760312));
#6096=CARTESIAN_POINT('Origin',(-1.57170458176594,-1.56051111341239,-1.39155480942803));
#6097=CARTESIAN_POINT('Origin',(-1.57170458176594,-1.56051111341217,-1.81342980942803));
#6098=CARTESIAN_POINT('',(-1.49706183211327,-2.02250994391159,-1.79155480942827));
#6099=CARTESIAN_POINT('Origin',(-1.57170458176594,-1.56051111341218,-1.79155480942803));
#6100=CARTESIAN_POINT('',(-1.49706183211327,-2.0225099439118,-1.39155480942827));
#6101=CARTESIAN_POINT('',(-1.4970602063656,-2.02252000642302,-1.79155886760316));
#6102=CARTESIAN_POINT('Origin',(-1.57170458176594,-1.56051111341239,-1.39155480942803));
#6103=CARTESIAN_POINT('Origin',(-1.57170458176594,-1.56051111341217,-1.81342980942803));
#6104=CARTESIAN_POINT('Origin',(-1.57170458176594,-1.56051111341218,-1.79155480942803));
#6105=CARTESIAN_POINT('Origin',(-1.57170458176594,-1.56051111341239,-1.39155480942803));
#6106=CARTESIAN_POINT('Origin',(-1.57170458176594,-1.56051111341217,-1.81342980942803));
#6107=CARTESIAN_POINT('Origin',(-1.57170458176594,-1.56051111341218,-1.79155480942803));
#6108=CARTESIAN_POINT('Origin',(-1.57170458176594,-1.56051111341239,-1.39155480942803));
#6109=CARTESIAN_POINT('Origin',(-1.57170458176594,-1.56051111341217,-1.81342980942803));
#6110=CARTESIAN_POINT('Origin',(-1.57170458176594,-1.56051111341218,-1.79155480942803));
#6111=CARTESIAN_POINT('Origin',(-1.57170458176594,-1.56051111341239,-1.39155480942803));
#6112=CARTESIAN_POINT('Origin',(-1.57170458176594,-1.56051111341217,-1.81342980942803));
#6113=CARTESIAN_POINT('Origin',(-1.57170458176594,-1.56051111341218,-1.79155480942803));
#6114=CARTESIAN_POINT('Origin',(-1.57170458176594,-1.56051111341239,-1.39155480942803));
#6115=CARTESIAN_POINT('Origin',(-1.57170458176594,-1.56051111341217,-1.81342980942803));
#6116=CARTESIAN_POINT('Origin',(-1.57170458176594,-1.56051111341218,-1.79155480942803));
#6117=CARTESIAN_POINT('Origin',(-1.57170458176594,-1.56051111341239,-1.39155480942803));
#6118=CARTESIAN_POINT('Origin',(-1.57170458176594,-1.56051111341217,-1.81342980942803));
#6119=CARTESIAN_POINT('Origin',(-1.57170458176594,-1.56051111341218,-1.79155480942803));
#6120=CARTESIAN_POINT('Origin',(-1.57170458176594,-1.56051111341239,-1.39155480942803));
#6121=CARTESIAN_POINT('Origin',(-1.57170458176594,-1.56051111341217,-1.81342980942803));
#6122=CARTESIAN_POINT('Origin',(-1.57170458176594,-1.56051111341218,-1.79155480942803));
#6123=CARTESIAN_POINT('Origin',(-1.57170458176594,-1.56051111341239,-1.39155480942803));
#6124=CARTESIAN_POINT('Origin',(-1.41716568788341,-1.17774227941763,-1.79155480942784));
#6125=CARTESIAN_POINT('',(-1.44135581334653,-1.16967457651793,-1.52068866769479));
#6126=CARTESIAN_POINT('Origin',(-1.44135581334652,-1.16967457651789,-1.59155480942707));
#6127=CARTESIAN_POINT('Origin',(-1.44135581334652,-1.16967457651789,-1.59155480942707));
#6128=CARTESIAN_POINT('Origin',(-1.32299894539028,-1.19270476975429,-1.81342980942784));
#6129=CARTESIAN_POINT('Origin',(-1.57170458176594,-1.56051111341218,-1.79155480942803));
#6130=CARTESIAN_POINT('Origin',(-1.57170458176594,-1.56051111341239,-1.39155480942803));
#6131=CARTESIAN_POINT('Origin',(-1.19490035984345,-1.32566099452486,-1.7915588676028));
#6132=CARTESIAN_POINT('Origin',(-1.57170458176594,-1.56051111341218,-1.79155480942803));
#6133=CARTESIAN_POINT('Origin',(-1.57170458176594,-1.56051111341239,-1.39155480942803));
#6134=CARTESIAN_POINT('Origin',(-1.13195464742592,-1.49922493839739,-1.79155886760289));
#6135=CARTESIAN_POINT('Origin',(-1.57170458176594,-1.56051111341218,-1.79155480942803));
#6136=CARTESIAN_POINT('Origin',(-1.57170458176594,-1.56051111341239,-1.39155480942803));
#6137=CARTESIAN_POINT('Origin',(-1.13295768160578,-1.62860779174415,-1.79155886760296));
#6138=CARTESIAN_POINT('Origin',(-1.57170458176594,-1.56051111341218,-1.79155480942803));
#6139=CARTESIAN_POINT('Origin',(-1.57170458176594,-1.56051111341239,-1.39155480942803));
#6140=CARTESIAN_POINT('Origin',(-1.19858675841921,-1.80117496591396,-1.79155886760305));
#6141=CARTESIAN_POINT('Origin',(-1.57170458176594,-1.56051111341239,-1.39155480942803));
#6142=CARTESIAN_POINT('Origin',(-1.57170458176594,-1.56051111341218,-1.79155480942803));
#6143=CARTESIAN_POINT('Origin',(-1.3287312965583,-1.93212917362375,-1.79155886760311));
#6144=CARTESIAN_POINT('Origin',(-1.57170458176594,-1.56051111341239,-1.39155480942803));
#6145=CARTESIAN_POINT('Origin',(-1.57170458176594,-1.56051111341218,-1.79155480942803));
#6146=CARTESIAN_POINT('Origin',(-1.5008881230528,-1.99882724267887,-1.79155886760315));
#6147=CARTESIAN_POINT('Origin',(-1.57170458176594,-1.56051111341239,-1.39155480942803));
#6148=CARTESIAN_POINT('Origin',(-1.57170458176594,-1.56051111341218,-1.79155480942803));
#6149=CARTESIAN_POINT('Origin',(-1.57170458176594,-1.56051111341218,-1.79155480942803));
#6150=CARTESIAN_POINT('',(-1.01556633831765,-1.64307263435821,-1.813146348305));
#6151=CARTESIAN_POINT('',(-2.12784282521424,-1.47794959246612,-1.81314634830492));
#6152=CARTESIAN_POINT('Origin',(-1.57170458176594,-1.56051111341217,-1.81314634830496));
#6153=CARTESIAN_POINT('Origin',(-1.57170458176594,-1.56051111341217,-1.81314634830496));
#6154=CARTESIAN_POINT('',(-1.10878805939551,-1.62923340073589,-1.79155480942807));
#6155=CARTESIAN_POINT('Origin',(-1.57170458176594,-1.56051111341216,-1.82289380436514));
#6156=CARTESIAN_POINT('Origin',(-2.12563385255,-1.47827752557454,-1.82289380436509));
#6157=CARTESIAN_POINT('Origin',(-1.57170458176594,-1.56051111341215,-1.85035480942803));
#6158=CARTESIAN_POINT('',(-1.58978278966589,-1.68228676229751,-1.85535480942803));
#6159=CARTESIAN_POINT('Origin',(-1.57170458176594,-1.56051111341241,-1.85535480942803));
#6160=CARTESIAN_POINT('',(-1.58904856120301,-1.67734096523668,-1.85035480942809));
#6161=CARTESIAN_POINT('Origin',(-1.57170458176594,-1.56051111341241,-1.85535480942803));
#6162=CARTESIAN_POINT('Origin',(-1.57170458176594,-1.56051111341239,-1.39155480942803));
#6163=CARTESIAN_POINT('',(-1.10878805939551,-1.6292334007361,-1.39155480942807));
#6164=CARTESIAN_POINT('Origin',(-1.41716568788341,-1.17774227941763,-1.79155480942784));
#6165=CARTESIAN_POINT('Origin',(-1.44135581334652,-1.16967457651789,-1.59155480942707));
#6166=CARTESIAN_POINT('Origin',(-1.37867093958967,-0.981720833096577,-1.59155480942707));
#6167=CARTESIAN_POINT('',(-1.4778201059969,-1.27900877301696,-1.52068866769479));
#6168=CARTESIAN_POINT('',(-1.37867093958967,-0.981720833096577,-1.52068866769479));
#6169=CARTESIAN_POINT('Origin',(-1.4778201059969,-1.27900877301696,-1.59155480942707));
#6170=CARTESIAN_POINT('Origin',(-1.391312561944,-1.39916435409323,-1.71163354958455));
#6171=CARTESIAN_POINT('',(-1.61913372193324,-1.32318320898216,-1.71163354958455));
#6172=CARTESIAN_POINT('',(-1.59173068599151,-1.24101820046145,-1.71163354958455));
#6173=CARTESIAN_POINT('',(-1.61913372193324,-1.32318320898216,-1.71163354958455));
#6174=CARTESIAN_POINT('',(-1.391312561944,-1.39916435409323,-1.71163354958455));
#6175=CARTESIAN_POINT('',(-1.61913372193324,-1.32318320898216,-1.71163354958455));
#6176=CARTESIAN_POINT('',(-1.36390952600228,-1.31699934557252,-1.71163354958455));
#6177=CARTESIAN_POINT('',(-1.391312561944,-1.39916435409323,-1.71163354958455));
#6178=CARTESIAN_POINT('',(-1.59173068599151,-1.24101820046145,-1.71163354958455));
#6179=CARTESIAN_POINT('Origin',(-1.61913372193322,-1.32318320898211,-1.47147606926959));
#6180=CARTESIAN_POINT('',(-1.61913372193322,-1.32318320898211,-1.30338473068707));
#6181=CARTESIAN_POINT('',(-1.61913372193322,-1.32318320898211,-1.47147606926959));
#6182=CARTESIAN_POINT('',(-1.391312561944,-1.39916435409323,-1.30338473068707));
#6183=CARTESIAN_POINT('',(-1.56217843193587,-1.3421784952599,-1.30338473068707));
#6184=CARTESIAN_POINT('',(-1.391312561944,-1.39916435409323,-1.47147606926959));
#6185=CARTESIAN_POINT('Origin',(-1.5917306859915,-1.2410182004614,-1.47147606926959));
#6186=CARTESIAN_POINT('',(-1.59173068599149,-1.2410182004614,-1.30338473068707));
#6187=CARTESIAN_POINT('',(-1.59173068599149,-1.2410182004614,-1.47147606926959));
#6188=CARTESIAN_POINT('',(-1.63867292387607,-1.38176937065911,-1.30338473068707));
#6189=CARTESIAN_POINT('Origin',(-1.391312561944,-1.39916435409323,-1.47147606926959));
#6190=CARTESIAN_POINT('',(-1.36390952600228,-1.31699934557252,-1.30338473068707));
#6191=CARTESIAN_POINT('',(-1.42455328185771,-1.49883302003059,-1.30338473068707));
#6192=CARTESIAN_POINT('',(-1.36390952600228,-1.31699934557252,-1.47147606926959));
#6193=CARTESIAN_POINT('Origin',(-1.36390952600228,-1.31699934557252,-1.47147606926959));
#6194=CARTESIAN_POINT('',(-1.42086481599954,-1.29800405929476,-1.30338473068707));
#6195=CARTESIAN_POINT('Origin',(-1.57170458176594,-1.56051111341241,-1.34275480942723));
#6196=CARTESIAN_POINT('Origin',(-1.57170458176594,-1.56051111341241,-1.30338473068707));
#6197=CARTESIAN_POINT('Origin',(-1.57170458176594,-1.56051111341241,-1.34275480942723));
#6198=CARTESIAN_POINT('',(-2.14145203782612,-1.56051111341241,-1.30338473068707));
#6199=CARTESIAN_POINT('Origin',(-1.57170458176594,-1.56051111341241,-1.30338473068707));
#6200=CARTESIAN_POINT('',(-2.14145203782612,-1.56051111341241,-1.34275480942723));
#6201=CARTESIAN_POINT('Origin',(-1.57170458176594,-1.56051111341241,-1.30338473068707));
#6202=CARTESIAN_POINT('Origin',(-1.57170458176594,-1.56051111341241,-1.36475480942723));
#6203=CARTESIAN_POINT('',(-1.95649853926811,-1.50338651398682,-1.3647548094272));
#6204=CARTESIAN_POINT('Origin',(-1.57170458176594,-1.5605111134124,-1.36475480942723));
#6205=CARTESIAN_POINT('',(-1.62874532258674,-1.94474019545411,-1.36475480942743));
#6206=CARTESIAN_POINT('Origin',(-1.57170458176594,-1.5605111134124,-1.36475480942723));
#6207=CARTESIAN_POINT('Origin',(-1.49410099488625,-1.12334560321813,-1.39155480942781));
#6208=CARTESIAN_POINT('',(-1.95649853926811,-1.50338651398681,-1.391554809428));
#6209=CARTESIAN_POINT('Origin',(-1.57170458176594,-1.56051111341239,-1.39155480942803));
#6210=CARTESIAN_POINT('',(-1.62874532258674,-1.9447401954541,-1.39155480942823));
#6211=CARTESIAN_POINT('Origin',(-1.57170458176594,-1.56051111341239,-1.39155480942803));
#6212=CARTESIAN_POINT('Origin',(-1.57170458176594,-1.56051111341242,-1.32275480942803));
#6213=CARTESIAN_POINT('',(-1.62874532258674,-1.94474019545413,-1.32275480942823));
#6214=CARTESIAN_POINT('Origin',(-1.57170458176594,-1.56051111341242,-1.32275480942803));
#6215=CARTESIAN_POINT('',(-1.95649853926811,-1.50338651398685,-1.322754809428));
#6216=UNCERTAINTY_MEASURE_WITH_UNIT(LENGTH_MEASURE(0.000393700787401575),
#6221,'DISTANCE_ACCURACY_VALUE',
'Maximum model space distance between geometric entities at asserted c
onnectivities');
#6217=UNCERTAINTY_MEASURE_WITH_UNIT(LENGTH_MEASURE(0.000393700787401575),
#6221,'DISTANCE_ACCURACY_VALUE',
'Maximum model space distance between geometric entities at asserted c
onnectivities');
#6218=(
GEOMETRIC_REPRESENTATION_CONTEXT(3)
GLOBAL_UNCERTAINTY_ASSIGNED_CONTEXT((#6216))
GLOBAL_UNIT_ASSIGNED_CONTEXT((#6221,#6225,#6226))
REPRESENTATION_CONTEXT('','3D')
);
#6219=(
GEOMETRIC_REPRESENTATION_CONTEXT(3)
GLOBAL_UNCERTAINTY_ASSIGNED_CONTEXT((#6217))
GLOBAL_UNIT_ASSIGNED_CONTEXT((#6221,#6225,#6226))
REPRESENTATION_CONTEXT('','3D')
);
#6220=DIMENSIONAL_EXPONENTS(1.,0.,0.,0.,0.,0.,0.);
#6221=(
CONVERSION_BASED_UNIT('inch',#6224)
LENGTH_UNIT()
NAMED_UNIT(#6220)
);
#6222=(
LENGTH_UNIT()
NAMED_UNIT(*)
SI_UNIT(.MILLI.,.METRE.)
);
#6223=(
LENGTH_UNIT()
NAMED_UNIT(*)
SI_UNIT($,.METRE.)
);
#6224=LENGTH_MEASURE_WITH_UNIT(LENGTH_MEASURE(25.4),#6222);
#6225=(
NAMED_UNIT(*)
PLANE_ANGLE_UNIT()
SI_UNIT($,.RADIAN.)
);
#6226=(
NAMED_UNIT(*)
SI_UNIT($,.STERADIAN.)
SOLID_ANGLE_UNIT()
);
#6227=SHAPE_DEFINITION_REPRESENTATION(#6228,#6229);
#6228=PRODUCT_DEFINITION_SHAPE('',$,#6231);
#6229=SHAPE_REPRESENTATION('',(#3284),#6218);
#6230=PRODUCT_DEFINITION_CONTEXT('part definition',#6235,'design');
#6231=PRODUCT_DEFINITION('Lifter Pulley','Lifter Pulley',#6232,#6230);
#6232=PRODUCT_DEFINITION_FORMATION('',$,#6237);
#6233=PRODUCT_RELATED_PRODUCT_CATEGORY('Lifter Pulley','Lifter Pulley',
(#6237));
#6234=APPLICATION_PROTOCOL_DEFINITION('international standard',
'automotive_design',2009,#6235);
#6235=APPLICATION_CONTEXT(
'Core Data for Automotive Mechanical Design Process');
#6236=PRODUCT_CONTEXT('part definition',#6235,'mechanical');
#6237=PRODUCT('Lifter Pulley','Lifter Pulley',$,(#6236));
#6238=PRESENTATION_STYLE_ASSIGNMENT((#6240));
#6239=PRESENTATION_STYLE_ASSIGNMENT((#6241));
#6240=SURFACE_STYLE_USAGE(.BOTH.,#6242);
#6241=SURFACE_STYLE_USAGE(.BOTH.,#6243);
#6242=SURFACE_SIDE_STYLE('',(#6244));
#6243=SURFACE_SIDE_STYLE('',(#6245));
#6244=SURFACE_STYLE_FILL_AREA(#6246);
#6245=SURFACE_STYLE_FILL_AREA(#6247);
#6246=FILL_AREA_STYLE('Steel - Satin',(#6248));
#6247=FILL_AREA_STYLE('Opaque(255,255,255)',(#6249));
#6248=FILL_AREA_STYLE_COLOUR('Steel - Satin',#6250);
#6249=FILL_AREA_STYLE_COLOUR('Opaque(255,255,255)',#6251);
#6250=COLOUR_RGB('Steel - Satin',0.627450980392157,0.627450980392157,0.627450980392157);
#6251=COLOUR_RGB('Opaque(255,255,255)',1.,1.,1.);
ENDSEC;
END-ISO-10303-21;
